{"Time":"2026-10-03T22:47:25.448769-03:00","Action":"start","Package":"cmd/compile/internal/ssacompile"}
{"Time":"2026-10-03T22:47:25.780181-03:00","Action":"run","Package":"cmd/compile/internal/ssacompile","Test":"TestBranchElimIf"}
{"Time":"2026-10-03T22:47:25.780375-03:00","Action":"output","Package":"cmd/compile/internal/ssacompile","Test":"TestBranchElimIf","Output":"=== RUN   TestBranchElimIf\n","OutputType":"frame"}
{"Time":"2026-10-03T22:47:25.780491-03:00","Action":"run","Package":"cmd/compile/internal/ssacompile","Test":"TestBranchElimIf/arm64/int32"}
{"Time":"2026-10-03T22:47:25.780592-03:00","Action":"output","Package":"cmd/compile/internal/ssacompile","Test":"TestBranchElimIf/arm64/int32","Output":"=== RUN   TestBranchElimIf/arm64/int32\n","OutputType":"frame"}
{"Time":"2026-10-03T22:47:25.78465-03:00","Action":"output","Package":"cmd/compile/internal/ssacompile","Test":"TestBranchElimIf/arm64/int32","Output":"--- PASS: TestBranchElimIf/arm64/int32 (0.00s)\n","OutputType":"frame"}
{"Time":"2026-10-03T22:47:25.784669-03:00","Action":"pass","Package":"cmd/compile/internal/ssacompile","Test":"TestBranchElimIf/arm64/int32","Elapsed":0}
{"Time":"2026-10-03T22:47:25.784688-03:00","Action":"run","Package":"cmd/compile/internal/ssacompile","Test":"TestBranchElimIf/amd64/int32"}
{"Time":"2026-10-03T22:47:25.784695-03:00","Action":"output","Package":"cmd/compile/internal/ssacompile","Test":"TestBranchElimIf/amd64/int32","Output":"=== RUN   TestBranchElimIf/amd64/int32\n","OutputType":"frame"}
{"Time":"2026-10-03T22:47:25.784952-03:00","Action":"output","Package":"cmd/compile/internal/ssacompile","Test":"TestBranchElimIf/amd64/int32","Output":"--- PASS: TestBranchElimIf/amd64/int32 (0.00s)\n","OutputType":"frame"}
{"Time":"2026-10-03T22:47:25.784985-03:00","Action":"pass","Package":"cmd/compile/internal/ssacompile","Test":"TestBranchElimIf/amd64/int32","Elapsed":0}
{"Time":"2026-10-03T22:47:25.784998-03:00","Action":"run","Package":"cmd/compile/internal/ssacompile","Test":"TestBranchElimIf/amd64/int8"}
{"Time":"2026-10-03T22:47:25.785006-03:00","Action":"output","Package":"cmd/compile/internal/ssacompile","Test":"TestBranchElimIf/amd64/int8","Output":"=== RUN   TestBranchElimIf/amd64/int8\n","OutputType":"frame"}
{"Time":"2026-10-03T22:47:25.785189-03:00","Action":"output","Package":"cmd/compile/internal/ssacompile","Test":"TestBranchElimIf/amd64/int8","Output":"--- PASS: TestBranchElimIf/amd64/int8 (0.00s)\n","OutputType":"frame"}
{"Time":"2026-10-03T22:47:25.785202-03:00","Action":"pass","Package":"cmd/compile/internal/ssacompile","Test":"TestBranchElimIf/amd64/int8","Elapsed":0}
{"Time":"2026-10-03T22:47:25.785211-03:00","Action":"output","Package":"cmd/compile/internal/ssacompile","Test":"TestBranchElimIf","Output":"--- PASS: TestBranchElimIf (0.01s)\n","OutputType":"frame"}
{"Time":"2026-10-03T22:47:25.785224-03:00","Action":"pass","Package":"cmd/compile/internal/ssacompile","Test":"TestBranchElimIf","Elapsed":0.01}
{"Time":"2026-10-03T22:47:25.785244-03:00","Action":"run","Package":"cmd/compile/internal/ssacompile","Test":"TestBranchElimIfElse"}
{"Time":"2026-10-03T22:47:25.785251-03:00","Action":"output","Package":"cmd/compile/internal/ssacompile","Test":"TestBranchElimIfElse","Output":"=== RUN   TestBranchElimIfElse\n","OutputType":"frame"}
{"Time":"2026-10-03T22:47:25.785257-03:00","Action":"run","Package":"cmd/compile/internal/ssacompile","Test":"TestBranchElimIfElse/arm64"}
{"Time":"2026-10-03T22:47:25.785263-03:00","Action":"output","Package":"cmd/compile/internal/ssacompile","Test":"TestBranchElimIfElse/arm64","Output":"=== RUN   TestBranchElimIfElse/arm64\n","OutputType":"frame"}
{"Time":"2026-10-03T22:47:25.787925-03:00","Action":"output","Package":"cmd/compile/internal/ssacompile","Test":"TestBranchElimIfElse/arm64","Output":"--- PASS: TestBranchElimIfElse/arm64 (0.00s)\n","OutputType":"frame"}
{"Time":"2026-10-03T22:47:25.787935-03:00","Action":"pass","Package":"cmd/compile/internal/ssacompile","Test":"TestBranchElimIfElse/arm64","Elapsed":0}
{"Time":"2026-10-03T22:47:25.787942-03:00","Action":"run","Package":"cmd/compile/internal/ssacompile","Test":"TestBranchElimIfElse/amd64"}
{"Time":"2026-10-03T22:47:25.787964-03:00","Action":"output","Package":"cmd/compile/internal/ssacompile","Test":"TestBranchElimIfElse/amd64","Output":"=== RUN   TestBranchElimIfElse/amd64\n","OutputType":"frame"}
{"Time":"2026-10-03T22:47:25.788147-03:00","Action":"output","Package":"cmd/compile/internal/ssacompile","Test":"TestBranchElimIfElse/amd64","Output":"--- PASS: TestBranchElimIfElse/amd64 (0.00s)\n","OutputType":"frame"}
{"Time":"2026-10-03T22:47:25.788162-03:00","Action":"pass","Package":"cmd/compile/internal/ssacompile","Test":"TestBranchElimIfElse/amd64","Elapsed":0}
{"Time":"2026-10-03T22:47:25.788174-03:00","Action":"output","Package":"cmd/compile/internal/ssacompile","Test":"TestBranchElimIfElse","Output":"--- PASS: TestBranchElimIfElse (0.00s)\n","OutputType":"frame"}
{"Time":"2026-10-03T22:47:25.788185-03:00","Action":"pass","Package":"cmd/compile/internal/ssacompile","Test":"TestBranchElimIfElse","Elapsed":0}
{"Time":"2026-10-03T22:47:25.788191-03:00","Action":"run","Package":"cmd/compile/internal/ssacompile","Test":"TestNoBranchElimLoop"}
{"Time":"2026-10-03T22:47:25.788198-03:00","Action":"output","Package":"cmd/compile/internal/ssacompile","Test":"TestNoBranchElimLoop","Output":"=== RUN   TestNoBranchElimLoop\n","OutputType":"frame"}
{"Time":"2026-10-03T22:47:25.788205-03:00","Action":"run","Package":"cmd/compile/internal/ssacompile","Test":"TestNoBranchElimLoop/arm64"}
{"Time":"2026-10-03T22:47:25.788211-03:00","Action":"output","Package":"cmd/compile/internal/ssacompile","Test":"TestNoBranchElimLoop/arm64","Output":"=== RUN   TestNoBranchElimLoop/arm64\n","OutputType":"frame"}
{"Time":"2026-10-03T22:47:25.790572-03:00","Action":"output","Package":"cmd/compile/internal/ssacompile","Test":"TestNoBranchElimLoop/arm64","Output":"--- PASS: TestNoBranchElimLoop/arm64 (0.00s)\n","OutputType":"frame"}
{"Time":"2026-10-03T22:47:25.790584-03:00","Action":"pass","Package":"cmd/compile/internal/ssacompile","Test":"TestNoBranchElimLoop/arm64","Elapsed":0}
{"Time":"2026-10-03T22:47:25.79059-03:00","Action":"run","Package":"cmd/compile/internal/ssacompile","Test":"TestNoBranchElimLoop/amd64"}
{"Time":"2026-10-03T22:47:25.790596-03:00","Action":"output","Package":"cmd/compile/internal/ssacompile","Test":"TestNoBranchElimLoop/amd64","Output":"=== RUN   TestNoBranchElimLoop/amd64\n","OutputType":"frame"}
{"Time":"2026-10-03T22:47:25.790764-03:00","Action":"output","Package":"cmd/compile/internal/ssacompile","Test":"TestNoBranchElimLoop/amd64","Output":"--- PASS: TestNoBranchElimLoop/amd64 (0.00s)\n","OutputType":"frame"}
{"Time":"2026-10-03T22:47:25.790771-03:00","Action":"pass","Package":"cmd/compile/internal/ssacompile","Test":"TestNoBranchElimLoop/amd64","Elapsed":0}
{"Time":"2026-10-03T22:47:25.790777-03:00","Action":"output","Package":"cmd/compile/internal/ssacompile","Test":"TestNoBranchElimLoop","Output":"--- PASS: TestNoBranchElimLoop (0.00s)\n","OutputType":"frame"}
{"Time":"2026-10-03T22:47:25.790782-03:00","Action":"pass","Package":"cmd/compile/internal/ssacompile","Test":"TestNoBranchElimLoop","Elapsed":0}
{"Time":"2026-10-03T22:47:25.790787-03:00","Action":"run","Package":"cmd/compile/internal/ssacompile","Test":"TestCSEAuxPartitionBug"}
{"Time":"2026-10-03T22:47:25.790791-03:00","Action":"output","Package":"cmd/compile/internal/ssacompile","Test":"TestCSEAuxPartitionBug","Output":"=== RUN   TestCSEAuxPartitionBug\n","OutputType":"frame"}
{"Time":"2026-10-03T22:47:25.791224-03:00","Action":"output","Package":"cmd/compile/internal/ssacompile","Test":"TestCSEAuxPartitionBug","Output":"--- PASS: TestCSEAuxPartitionBug (0.00s)\n","OutputType":"frame"}
{"Time":"2026-10-03T22:47:25.791253-03:00","Action":"pass","Package":"cmd/compile/internal/ssacompile","Test":"TestCSEAuxPartitionBug","Elapsed":0}
{"Time":"2026-10-03T22:47:25.79126-03:00","Action":"run","Package":"cmd/compile/internal/ssacompile","Test":"TestZCSE"}
{"Time":"2026-10-03T22:47:25.791266-03:00","Action":"output","Package":"cmd/compile/internal/ssacompile","Test":"TestZCSE","Output":"=== RUN   TestZCSE\n","OutputType":"frame"}
{"Time":"2026-10-03T22:47:25.79163-03:00","Action":"output","Package":"cmd/compile/internal/ssacompile","Test":"TestZCSE","Output":"--- PASS: TestZCSE (0.00s)\n","OutputType":"frame"}
{"Time":"2026-10-03T22:47:25.791649-03:00","Action":"pass","Package":"cmd/compile/internal/ssacompile","Test":"TestZCSE","Elapsed":0}
{"Time":"2026-10-03T22:47:25.791658-03:00","Action":"run","Package":"cmd/compile/internal/ssacompile","Test":"TestDeadLoop"}
{"Time":"2026-10-03T22:47:25.791665-03:00","Action":"output","Package":"cmd/compile/internal/ssacompile","Test":"TestDeadLoop","Output":"=== RUN   TestDeadLoop\n","OutputType":"frame"}
{"Time":"2026-10-03T22:47:25.791859-03:00","Action":"output","Package":"cmd/compile/internal/ssacompile","Test":"TestDeadLoop","Output":"--- PASS: TestDeadLoop (0.00s)\n","OutputType":"frame"}
{"Time":"2026-10-03T22:47:25.791869-03:00","Action":"pass","Package":"cmd/compile/internal/ssacompile","Test":"TestDeadLoop","Elapsed":0}
{"Time":"2026-10-03T22:47:25.791875-03:00","Action":"run","Package":"cmd/compile/internal/ssacompile","Test":"TestDeadValue"}
{"Time":"2026-10-03T22:47:25.79188-03:00","Action":"output","Package":"cmd/compile/internal/ssacompile","Test":"TestDeadValue","Output":"=== RUN   TestDeadValue\n","OutputType":"frame"}
{"Time":"2026-10-03T22:47:25.792059-03:00","Action":"output","Package":"cmd/compile/internal/ssacompile","Test":"TestDeadValue","Output":"--- PASS: TestDeadValue (0.00s)\n","OutputType":"frame"}
{"Time":"2026-10-03T22:47:25.792067-03:00","Action":"pass","Package":"cmd/compile/internal/ssacompile","Test":"TestDeadValue","Elapsed":0}
{"Time":"2026-10-03T22:47:25.792072-03:00","Action":"run","Package":"cmd/compile/internal/ssacompile","Test":"TestNeverTaken"}
{"Time":"2026-10-03T22:47:25.792078-03:00","Action":"output","Package":"cmd/compile/internal/ssacompile","Test":"TestNeverTaken","Output":"=== RUN   TestNeverTaken\n","OutputType":"frame"}
{"Time":"2026-10-03T22:47:25.792397-03:00","Action":"output","Package":"cmd/compile/internal/ssacompile","Test":"TestNeverTaken","Output":"--- PASS: TestNeverTaken (0.00s)\n","OutputType":"frame"}
{"Time":"2026-10-03T22:47:25.792406-03:00","Action":"pass","Package":"cmd/compile/internal/ssacompile","Test":"TestNeverTaken","Elapsed":0}
{"Time":"2026-10-03T22:47:25.792412-03:00","Action":"run","Package":"cmd/compile/internal/ssacompile","Test":"TestNestedDeadBlocks"}
{"Time":"2026-10-03T22:47:25.792418-03:00","Action":"output","Package":"cmd/compile/internal/ssacompile","Test":"TestNestedDeadBlocks","Output":"=== RUN   TestNestedDeadBlocks\n","OutputType":"frame"}
{"Time":"2026-10-03T22:47:25.792557-03:00","Action":"output","Package":"cmd/compile/internal/ssacompile","Test":"TestNestedDeadBlocks","Output":"--- PASS: TestNestedDeadBlocks (0.00s)\n","OutputType":"frame"}
{"Time":"2026-10-03T22:47:25.792561-03:00","Action":"pass","Package":"cmd/compile/internal/ssacompile","Test":"TestNestedDeadBlocks","Elapsed":0}
{"Time":"2026-10-03T22:47:25.792564-03:00","Action":"run","Package":"cmd/compile/internal/ssacompile","Test":"TestDeadStore"}
{"Time":"2026-10-03T22:47:25.792567-03:00","Action":"output","Package":"cmd/compile/internal/ssacompile","Test":"TestDeadStore","Output":"=== RUN   TestDeadStore\n","OutputType":"frame"}
{"Time":"2026-10-03T22:47:25.792678-03:00","Action":"output","Package":"cmd/compile/internal/ssacompile","Test":"TestDeadStore","Output":"    deadstore_test.go:16: PTRTYPE *uint8\n"}
{"Time":"2026-10-03T22:47:25.792686-03:00","Action":"output","Package":"cmd/compile/internal/ssacompile","Test":"TestDeadStore","Output":"--- PASS: TestDeadStore (0.00s)\n","OutputType":"frame"}
{"Time":"2026-10-03T22:47:25.792689-03:00","Action":"pass","Package":"cmd/compile/internal/ssacompile","Test":"TestDeadStore","Elapsed":0}
{"Time":"2026-10-03T22:47:25.792692-03:00","Action":"run","Package":"cmd/compile/internal/ssacompile","Test":"TestDeadStorePhi"}
{"Time":"2026-10-03T22:47:25.792695-03:00","Action":"output","Package":"cmd/compile/internal/ssacompile","Test":"TestDeadStorePhi","Output":"=== RUN   TestDeadStorePhi\n","OutputType":"frame"}
{"Time":"2026-10-03T22:47:25.792804-03:00","Action":"output","Package":"cmd/compile/internal/ssacompile","Test":"TestDeadStorePhi","Output":"--- PASS: TestDeadStorePhi (0.00s)\n","OutputType":"frame"}
{"Time":"2026-10-03T22:47:25.792812-03:00","Action":"pass","Package":"cmd/compile/internal/ssacompile","Test":"TestDeadStorePhi","Elapsed":0}
{"Time":"2026-10-03T22:47:25.792815-03:00","Action":"run","Package":"cmd/compile/internal/ssacompile","Test":"TestDeadStoreTypes"}
{"Time":"2026-10-03T22:47:25.792818-03:00","Action":"output","Package":"cmd/compile/internal/ssacompile","Test":"TestDeadStoreTypes","Output":"=== RUN   TestDeadStoreTypes\n","OutputType":"frame"}
{"Time":"2026-10-03T22:47:25.792917-03:00","Action":"output","Package":"cmd/compile/internal/ssacompile","Test":"TestDeadStoreTypes","Output":"--- PASS: TestDeadStoreTypes (0.00s)\n","OutputType":"frame"}
{"Time":"2026-10-03T22:47:25.792921-03:00","Action":"pass","Package":"cmd/compile/internal/ssacompile","Test":"TestDeadStoreTypes","Elapsed":0}
{"Time":"2026-10-03T22:47:25.792924-03:00","Action":"run","Package":"cmd/compile/internal/ssacompile","Test":"TestDeadStoreUnsafe"}
{"Time":"2026-10-03T22:47:25.792926-03:00","Action":"output","Package":"cmd/compile/internal/ssacompile","Test":"TestDeadStoreUnsafe","Output":"=== RUN   TestDeadStoreUnsafe\n","OutputType":"frame"}
{"Time":"2026-10-03T22:47:25.793048-03:00","Action":"output","Package":"cmd/compile/internal/ssacompile","Test":"TestDeadStoreUnsafe","Output":"--- PASS: TestDeadStoreUnsafe (0.00s)\n","OutputType":"frame"}
{"Time":"2026-10-03T22:47:25.793052-03:00","Action":"pass","Package":"cmd/compile/internal/ssacompile","Test":"TestDeadStoreUnsafe","Elapsed":0}
{"Time":"2026-10-03T22:47:25.793055-03:00","Action":"run","Package":"cmd/compile/internal/ssacompile","Test":"TestDeadStoreSmallStructInit"}
{"Time":"2026-10-03T22:47:25.793058-03:00","Action":"output","Package":"cmd/compile/internal/ssacompile","Test":"TestDeadStoreSmallStructInit","Output":"=== RUN   TestDeadStoreSmallStructInit\n","OutputType":"frame"}
{"Time":"2026-10-03T22:47:25.79329-03:00","Action":"output","Package":"cmd/compile/internal/ssacompile","Test":"TestDeadStoreSmallStructInit","Output":"--- PASS: TestDeadStoreSmallStructInit (0.00s)\n","OutputType":"frame"}
{"Time":"2026-10-03T22:47:25.793345-03:00","Action":"pass","Package":"cmd/compile/internal/ssacompile","Test":"TestDeadStoreSmallStructInit","Elapsed":0}
{"Time":"2026-10-03T22:47:25.793357-03:00","Action":"run","Package":"cmd/compile/internal/ssacompile","Test":"TestDeadStoreArrayGap"}
{"Time":"2026-10-03T22:47:25.793365-03:00","Action":"output","Package":"cmd/compile/internal/ssacompile","Test":"TestDeadStoreArrayGap","Output":"=== RUN   TestDeadStoreArrayGap\n","OutputType":"frame"}
{"Time":"2026-10-03T22:47:25.793612-03:00","Action":"output","Package":"cmd/compile/internal/ssacompile","Test":"TestDeadStoreArrayGap","Output":"--- PASS: TestDeadStoreArrayGap (0.00s)\n","OutputType":"frame"}
{"Time":"2026-10-03T22:47:25.793624-03:00","Action":"pass","Package":"cmd/compile/internal/ssacompile","Test":"TestDeadStoreArrayGap","Elapsed":0}
{"Time":"2026-10-03T22:47:25.79363-03:00","Action":"run","Package":"cmd/compile/internal/ssacompile","Test":"TestShadowRanges"}
{"Time":"2026-10-03T22:47:25.793635-03:00","Action":"output","Package":"cmd/compile/internal/ssacompile","Test":"TestShadowRanges","Output":"=== RUN   TestShadowRanges\n","OutputType":"frame"}
{"Time":"2026-10-03T22:47:25.793647-03:00","Action":"run","Package":"cmd/compile/internal/ssacompile","Test":"TestShadowRanges/simple_insert_\u0026_contains"}
{"Time":"2026-10-03T22:47:25.793653-03:00","Action":"output","Package":"cmd/compile/internal/ssacompile","Test":"TestShadowRanges/simple_insert_\u0026_contains","Output":"=== RUN   TestShadowRanges/simple_insert_\u0026_contains\n","OutputType":"frame"}
{"Time":"2026-10-03T22:47:25.793695-03:00","Action":"output","Package":"cmd/compile/internal/ssacompile","Test":"TestShadowRanges/simple_insert_\u0026_contains","Output":"--- PASS: TestShadowRanges/simple_insert_\u0026_contains (0.00s)\n","OutputType":"frame"}
{"Time":"2026-10-03T22:47:25.793722-03:00","Action":"pass","Package":"cmd/compile/internal/ssacompile","Test":"TestShadowRanges/simple_insert_\u0026_contains","Elapsed":0}
{"Time":"2026-10-03T22:47:25.793733-03:00","Action":"run","Package":"cmd/compile/internal/ssacompile","Test":"TestShadowRanges/merge_overlapping"}
{"Time":"2026-10-03T22:47:25.79374-03:00","Action":"output","Package":"cmd/compile/internal/ssacompile","Test":"TestShadowRanges/merge_overlapping","Output":"=== RUN   TestShadowRanges/merge_overlapping\n","OutputType":"frame"}
{"Time":"2026-10-03T22:47:25.793783-03:00","Action":"output","Package":"cmd/compile/internal/ssacompile","Test":"TestShadowRanges/merge_overlapping","Output":"--- PASS: TestShadowRanges/merge_overlapping (0.00s)\n","OutputType":"frame"}
{"Time":"2026-10-03T22:47:25.793793-03:00","Action":"pass","Package":"cmd/compile/internal/ssacompile","Test":"TestShadowRanges/merge_overlapping","Elapsed":0}
{"Time":"2026-10-03T22:47:25.793799-03:00","Action":"run","Package":"cmd/compile/internal/ssacompile","Test":"TestShadowRanges/merge_touching_boundary"}
{"Time":"2026-10-03T22:47:25.793804-03:00","Action":"output","Package":"cmd/compile/internal/ssacompile","Test":"TestShadowRanges/merge_touching_boundary","Output":"=== RUN   TestShadowRanges/merge_touching_boundary\n","OutputType":"frame"}
{"Time":"2026-10-03T22:47:25.793812-03:00","Action":"output","Package":"cmd/compile/internal/ssacompile","Test":"TestShadowRanges/merge_touching_boundary","Output":"--- PASS: TestShadowRanges/merge_touching_boundary (0.00s)\n","OutputType":"frame"}
{"Time":"2026-10-03T22:47:25.793817-03:00","Action":"pass","Package":"cmd/compile/internal/ssacompile","Test":"TestShadowRanges/merge_touching_boundary","Elapsed":0}
{"Time":"2026-10-03T22:47:25.793823-03:00","Action":"run","Package":"cmd/compile/internal/ssacompile","Test":"TestShadowRanges/union_across_several_ranges"}
{"Time":"2026-10-03T22:47:25.793827-03:00","Action":"output","Package":"cmd/compile/internal/ssacompile","Test":"TestShadowRanges/union_across_several_ranges","Output":"=== RUN   TestShadowRanges/union_across_several_ranges\n","OutputType":"frame"}
{"Time":"2026-10-03T22:47:25.793834-03:00","Action":"output","Package":"cmd/compile/internal/ssacompile","Test":"TestShadowRanges/union_across_several_ranges","Output":"--- PASS: TestShadowRanges/union_across_several_ranges (0.00s)\n","OutputType":"frame"}
{"Time":"2026-10-03T22:47:25.793839-03:00","Action":"pass","Package":"cmd/compile/internal/ssacompile","Test":"TestShadowRanges/union_across_several_ranges","Elapsed":0}
{"Time":"2026-10-03T22:47:25.793844-03:00","Action":"run","Package":"cmd/compile/internal/ssacompile","Test":"TestShadowRanges/disjoint_intervals_stay_separate"}
{"Time":"2026-10-03T22:47:25.793849-03:00","Action":"output","Package":"cmd/compile/internal/ssacompile","Test":"TestShadowRanges/disjoint_intervals_stay_separate","Output":"=== RUN   TestShadowRanges/disjoint_intervals_stay_separate\n","OutputType":"frame"}
{"Time":"2026-10-03T22:47:25.793855-03:00","Action":"output","Package":"cmd/compile/internal/ssacompile","Test":"TestShadowRanges/disjoint_intervals_stay_separate","Output":"--- PASS: TestShadowRanges/disjoint_intervals_stay_separate (0.00s)\n","OutputType":"frame"}
{"Time":"2026-10-03T22:47:25.79386-03:00","Action":"pass","Package":"cmd/compile/internal/ssacompile","Test":"TestShadowRanges/disjoint_intervals_stay_separate","Elapsed":0}
{"Time":"2026-10-03T22:47:25.793865-03:00","Action":"run","Package":"cmd/compile/internal/ssacompile","Test":"TestShadowRanges/large_uint16_offsets_still_work"}
{"Time":"2026-10-03T22:47:25.793875-03:00","Action":"output","Package":"cmd/compile/internal/ssacompile","Test":"TestShadowRanges/large_uint16_offsets_still_work","Output":"=== RUN   TestShadowRanges/large_uint16_offsets_still_work\n","OutputType":"frame"}
{"Time":"2026-10-03T22:47:25.793881-03:00","Action":"output","Package":"cmd/compile/internal/ssacompile","Test":"TestShadowRanges/large_uint16_offsets_still_work","Output":"--- PASS: TestShadowRanges/large_uint16_offsets_still_work (0.00s)\n","OutputType":"frame"}
{"Time":"2026-10-03T22:47:25.793892-03:00","Action":"pass","Package":"cmd/compile/internal/ssacompile","Test":"TestShadowRanges/large_uint16_offsets_still_work","Elapsed":0}
{"Time":"2026-10-03T22:47:25.793898-03:00","Action":"run","Package":"cmd/compile/internal/ssacompile","Test":"TestShadowRanges/out-of-bounds_inserts_ignored"}
{"Time":"2026-10-03T22:47:25.793903-03:00","Action":"output","Package":"cmd/compile/internal/ssacompile","Test":"TestShadowRanges/out-of-bounds_inserts_ignored","Output":"=== RUN   TestShadowRanges/out-of-bounds_inserts_ignored\n","OutputType":"frame"}
{"Time":"2026-10-03T22:47:25.793908-03:00","Action":"output","Package":"cmd/compile/internal/ssacompile","Test":"TestShadowRanges/out-of-bounds_inserts_ignored","Output":"--- PASS: TestShadowRanges/out-of-bounds_inserts_ignored (0.00s)\n","OutputType":"frame"}
{"Time":"2026-10-03T22:47:25.793913-03:00","Action":"pass","Package":"cmd/compile/internal/ssacompile","Test":"TestShadowRanges/out-of-bounds_inserts_ignored","Elapsed":0}
{"Time":"2026-10-03T22:47:25.793918-03:00","Action":"output","Package":"cmd/compile/internal/ssacompile","Test":"TestShadowRanges","Output":"--- PASS: TestShadowRanges (0.00s)\n","OutputType":"frame"}
{"Time":"2026-10-03T22:47:25.793923-03:00","Action":"pass","Package":"cmd/compile/internal/ssacompile","Test":"TestShadowRanges","Elapsed":0}
{"Time":"2026-10-03T22:47:25.793927-03:00","Action":"run","Package":"cmd/compile/internal/ssacompile","Test":"TestDominatorsSingleBlock"}
{"Time":"2026-10-03T22:47:25.793932-03:00","Action":"output","Package":"cmd/compile/internal/ssacompile","Test":"TestDominatorsSingleBlock","Output":"=== RUN   TestDominatorsSingleBlock\n","OutputType":"frame"}
{"Time":"2026-10-03T22:47:25.794095-03:00","Action":"output","Package":"cmd/compile/internal/ssacompile","Test":"TestDominatorsSingleBlock","Output":"--- PASS: TestDominatorsSingleBlock (0.00s)\n","OutputType":"frame"}
{"Time":"2026-10-03T22:47:25.794102-03:00","Action":"pass","Package":"cmd/compile/internal/ssacompile","Test":"TestDominatorsSingleBlock","Elapsed":0}
{"Time":"2026-10-03T22:47:25.794108-03:00","Action":"run","Package":"cmd/compile/internal/ssacompile","Test":"TestDominatorsSimple"}
{"Time":"2026-10-03T22:47:25.794112-03:00","Action":"output","Package":"cmd/compile/internal/ssacompile","Test":"TestDominatorsSimple","Output":"=== RUN   TestDominatorsSimple\n","OutputType":"frame"}
{"Time":"2026-10-03T22:47:25.794286-03:00","Action":"output","Package":"cmd/compile/internal/ssacompile","Test":"TestDominatorsSimple","Output":"--- PASS: TestDominatorsSimple (0.00s)\n","OutputType":"frame"}
{"Time":"2026-10-03T22:47:25.794293-03:00","Action":"pass","Package":"cmd/compile/internal/ssacompile","Test":"TestDominatorsSimple","Elapsed":0}
{"Time":"2026-10-03T22:47:25.794299-03:00","Action":"run","Package":"cmd/compile/internal/ssacompile","Test":"TestDominatorsMultPredFwd"}
{"Time":"2026-10-03T22:47:25.794304-03:00","Action":"output","Package":"cmd/compile/internal/ssacompile","Test":"TestDominatorsMultPredFwd","Output":"=== RUN   TestDominatorsMultPredFwd\n","OutputType":"frame"}
{"Time":"2026-10-03T22:47:25.794479-03:00","Action":"output","Package":"cmd/compile/internal/ssacompile","Test":"TestDominatorsMultPredFwd","Output":"--- PASS: TestDominatorsMultPredFwd (0.00s)\n","OutputType":"frame"}
{"Time":"2026-10-03T22:47:25.794486-03:00","Action":"pass","Package":"cmd/compile/internal/ssacompile","Test":"TestDominatorsMultPredFwd","Elapsed":0}
{"Time":"2026-10-03T22:47:25.794492-03:00","Action":"run","Package":"cmd/compile/internal/ssacompile","Test":"TestDominatorsDeadCode"}
{"Time":"2026-10-03T22:47:25.794496-03:00","Action":"output","Package":"cmd/compile/internal/ssacompile","Test":"TestDominatorsDeadCode","Output":"=== RUN   TestDominatorsDeadCode\n","OutputType":"frame"}
{"Time":"2026-10-03T22:47:25.794654-03:00","Action":"output","Package":"cmd/compile/internal/ssacompile","Test":"TestDominatorsDeadCode","Output":"--- PASS: TestDominatorsDeadCode (0.00s)\n","OutputType":"frame"}
{"Time":"2026-10-03T22:47:25.794665-03:00","Action":"pass","Package":"cmd/compile/internal/ssacompile","Test":"TestDominatorsDeadCode","Elapsed":0}
{"Time":"2026-10-03T22:47:25.794671-03:00","Action":"run","Package":"cmd/compile/internal/ssacompile","Test":"TestDominatorsMultPredRev"}
{"Time":"2026-10-03T22:47:25.794675-03:00","Action":"output","Package":"cmd/compile/internal/ssacompile","Test":"TestDominatorsMultPredRev","Output":"=== RUN   TestDominatorsMultPredRev\n","OutputType":"frame"}
{"Time":"2026-10-03T22:47:25.794835-03:00","Action":"output","Package":"cmd/compile/internal/ssacompile","Test":"TestDominatorsMultPredRev","Output":"--- PASS: TestDominatorsMultPredRev (0.00s)\n","OutputType":"frame"}
{"Time":"2026-10-03T22:47:25.794841-03:00","Action":"pass","Package":"cmd/compile/internal/ssacompile","Test":"TestDominatorsMultPredRev","Elapsed":0}
{"Time":"2026-10-03T22:47:25.794847-03:00","Action":"run","Package":"cmd/compile/internal/ssacompile","Test":"TestDominatorsMultPred"}
{"Time":"2026-10-03T22:47:25.794851-03:00","Action":"output","Package":"cmd/compile/internal/ssacompile","Test":"TestDominatorsMultPred","Output":"=== RUN   TestDominatorsMultPred\n","OutputType":"frame"}
{"Time":"2026-10-03T22:47:25.795013-03:00","Action":"output","Package":"cmd/compile/internal/ssacompile","Test":"TestDominatorsMultPred","Output":"--- PASS: TestDominatorsMultPred (0.00s)\n","OutputType":"frame"}
{"Time":"2026-10-03T22:47:25.795018-03:00","Action":"pass","Package":"cmd/compile/internal/ssacompile","Test":"TestDominatorsMultPred","Elapsed":0}
{"Time":"2026-10-03T22:47:25.795024-03:00","Action":"run","Package":"cmd/compile/internal/ssacompile","Test":"TestInfiniteLoop"}
{"Time":"2026-10-03T22:47:25.795028-03:00","Action":"output","Package":"cmd/compile/internal/ssacompile","Test":"TestInfiniteLoop","Output":"=== RUN   TestInfiniteLoop\n","OutputType":"frame"}
{"Time":"2026-10-03T22:47:25.795182-03:00","Action":"output","Package":"cmd/compile/internal/ssacompile","Test":"TestInfiniteLoop","Output":"--- PASS: TestInfiniteLoop (0.00s)\n","OutputType":"frame"}
{"Time":"2026-10-03T22:47:25.795188-03:00","Action":"pass","Package":"cmd/compile/internal/ssacompile","Test":"TestInfiniteLoop","Elapsed":0}
{"Time":"2026-10-03T22:47:25.795193-03:00","Action":"run","Package":"cmd/compile/internal/ssacompile","Test":"TestDomTricky"}
{"Time":"2026-10-03T22:47:25.795197-03:00","Action":"output","Package":"cmd/compile/internal/ssacompile","Test":"TestDomTricky","Output":"=== RUN   TestDomTricky\n","OutputType":"frame"}
{"Time":"2026-10-03T22:47:25.796774-03:00","Action":"output","Package":"cmd/compile/internal/ssacompile","Test":"TestDomTricky","Output":"--- PASS: TestDomTricky (0.00s)\n","OutputType":"frame"}
{"Time":"2026-10-03T22:47:25.796782-03:00","Action":"pass","Package":"cmd/compile/internal/ssacompile","Test":"TestDomTricky","Elapsed":0}
{"Time":"2026-10-03T22:47:25.796786-03:00","Action":"run","Package":"cmd/compile/internal/ssacompile","Test":"TestDominatorsPostTrickyA"}
{"Time":"2026-10-03T22:47:25.79679-03:00","Action":"output","Package":"cmd/compile/internal/ssacompile","Test":"TestDominatorsPostTrickyA","Output":"=== RUN   TestDominatorsPostTrickyA\n","OutputType":"frame"}
{"Time":"2026-10-03T22:47:25.797011-03:00","Action":"output","Package":"cmd/compile/internal/ssacompile","Test":"TestDominatorsPostTrickyA","Output":"--- PASS: TestDominatorsPostTrickyA (0.00s)\n","OutputType":"frame"}
{"Time":"2026-10-03T22:47:25.797017-03:00","Action":"pass","Package":"cmd/compile/internal/ssacompile","Test":"TestDominatorsPostTrickyA","Elapsed":0}
{"Time":"2026-10-03T22:47:25.797022-03:00","Action":"run","Package":"cmd/compile/internal/ssacompile","Test":"TestDominatorsPostTrickyB"}
{"Time":"2026-10-03T22:47:25.797026-03:00","Action":"output","Package":"cmd/compile/internal/ssacompile","Test":"TestDominatorsPostTrickyB","Output":"=== RUN   TestDominatorsPostTrickyB\n","OutputType":"frame"}
{"Time":"2026-10-03T22:47:25.797188-03:00","Action":"output","Package":"cmd/compile/internal/ssacompile","Test":"TestDominatorsPostTrickyB","Output":"--- PASS: TestDominatorsPostTrickyB (0.00s)\n","OutputType":"frame"}
{"Time":"2026-10-03T22:47:25.797198-03:00","Action":"pass","Package":"cmd/compile/internal/ssacompile","Test":"TestDominatorsPostTrickyB","Elapsed":0}
{"Time":"2026-10-03T22:47:25.797204-03:00","Action":"run","Package":"cmd/compile/internal/ssacompile","Test":"TestDominatorsPostTrickyC"}
{"Time":"2026-10-03T22:47:25.797207-03:00","Action":"output","Package":"cmd/compile/internal/ssacompile","Test":"TestDominatorsPostTrickyC","Output":"=== RUN   TestDominatorsPostTrickyC\n","OutputType":"frame"}
{"Time":"2026-10-03T22:47:25.797368-03:00","Action":"output","Package":"cmd/compile/internal/ssacompile","Test":"TestDominatorsPostTrickyC","Output":"--- PASS: TestDominatorsPostTrickyC (0.00s)\n","OutputType":"frame"}
{"Time":"2026-10-03T22:47:25.797372-03:00","Action":"pass","Package":"cmd/compile/internal/ssacompile","Test":"TestDominatorsPostTrickyC","Elapsed":0}
{"Time":"2026-10-03T22:47:25.797381-03:00","Action":"run","Package":"cmd/compile/internal/ssacompile","Test":"TestDominatorsPostTrickyD"}
{"Time":"2026-10-03T22:47:25.797385-03:00","Action":"output","Package":"cmd/compile/internal/ssacompile","Test":"TestDominatorsPostTrickyD","Output":"=== RUN   TestDominatorsPostTrickyD\n","OutputType":"frame"}
{"Time":"2026-10-03T22:47:25.797765-03:00","Action":"output","Package":"cmd/compile/internal/ssacompile","Test":"TestDominatorsPostTrickyD","Output":"--- PASS: TestDominatorsPostTrickyD (0.00s)\n","OutputType":"frame"}
{"Time":"2026-10-03T22:47:25.797772-03:00","Action":"pass","Package":"cmd/compile/internal/ssacompile","Test":"TestDominatorsPostTrickyD","Elapsed":0}
{"Time":"2026-10-03T22:47:25.797777-03:00","Action":"run","Package":"cmd/compile/internal/ssacompile","Test":"TestDominatorsPostTrickyE"}
{"Time":"2026-10-03T22:47:25.797781-03:00","Action":"output","Package":"cmd/compile/internal/ssacompile","Test":"TestDominatorsPostTrickyE","Output":"=== RUN   TestDominatorsPostTrickyE\n","OutputType":"frame"}
{"Time":"2026-10-03T22:47:25.798037-03:00","Action":"output","Package":"cmd/compile/internal/ssacompile","Test":"TestDominatorsPostTrickyE","Output":"--- PASS: TestDominatorsPostTrickyE (0.00s)\n","OutputType":"frame"}
{"Time":"2026-10-03T22:47:25.798044-03:00","Action":"pass","Package":"cmd/compile/internal/ssacompile","Test":"TestDominatorsPostTrickyE","Elapsed":0}
{"Time":"2026-10-03T22:47:25.798048-03:00","Action":"run","Package":"cmd/compile/internal/ssacompile","Test":"TestDominatorsPostTrickyF"}
{"Time":"2026-10-03T22:47:25.798052-03:00","Action":"output","Package":"cmd/compile/internal/ssacompile","Test":"TestDominatorsPostTrickyF","Output":"=== RUN   TestDominatorsPostTrickyF\n","OutputType":"frame"}
{"Time":"2026-10-03T22:47:25.798245-03:00","Action":"output","Package":"cmd/compile/internal/ssacompile","Test":"TestDominatorsPostTrickyF","Output":"--- PASS: TestDominatorsPostTrickyF (0.00s)\n","OutputType":"frame"}
{"Time":"2026-10-03T22:47:25.79825-03:00","Action":"pass","Package":"cmd/compile/internal/ssacompile","Test":"TestDominatorsPostTrickyF","Elapsed":0}
{"Time":"2026-10-03T22:47:25.798255-03:00","Action":"run","Package":"cmd/compile/internal/ssacompile","Test":"TestDominatorsPostTrickyG"}
{"Time":"2026-10-03T22:47:25.798259-03:00","Action":"output","Package":"cmd/compile/internal/ssacompile","Test":"TestDominatorsPostTrickyG","Output":"=== RUN   TestDominatorsPostTrickyG\n","OutputType":"frame"}
{"Time":"2026-10-03T22:47:25.798437-03:00","Action":"output","Package":"cmd/compile/internal/ssacompile","Test":"TestDominatorsPostTrickyG","Output":"--- PASS: TestDominatorsPostTrickyG (0.00s)\n","OutputType":"frame"}
{"Time":"2026-10-03T22:47:25.798442-03:00","Action":"pass","Package":"cmd/compile/internal/ssacompile","Test":"TestDominatorsPostTrickyG","Elapsed":0}
{"Time":"2026-10-03T22:47:25.798447-03:00","Action":"run","Package":"cmd/compile/internal/ssacompile","Test":"TestDominatorsPostTrickyH"}
{"Time":"2026-10-03T22:47:25.798451-03:00","Action":"output","Package":"cmd/compile/internal/ssacompile","Test":"TestDominatorsPostTrickyH","Output":"=== RUN   TestDominatorsPostTrickyH\n","OutputType":"frame"}
{"Time":"2026-10-03T22:47:25.79862-03:00","Action":"output","Package":"cmd/compile/internal/ssacompile","Test":"TestDominatorsPostTrickyH","Output":"--- PASS: TestDominatorsPostTrickyH (0.00s)\n","OutputType":"frame"}
{"Time":"2026-10-03T22:47:25.798625-03:00","Action":"pass","Package":"cmd/compile/internal/ssacompile","Test":"TestDominatorsPostTrickyH","Elapsed":0}
{"Time":"2026-10-03T22:47:25.79863-03:00","Action":"run","Package":"cmd/compile/internal/ssacompile","Test":"TestAddFlagsNative"}
{"Time":"2026-10-03T22:47:25.798634-03:00","Action":"output","Package":"cmd/compile/internal/ssacompile","Test":"TestAddFlagsNative","Output":"=== RUN   TestAddFlagsNative\n","OutputType":"frame"}
{"Time":"2026-10-03T22:47:25.798651-03:00","Action":"output","Package":"cmd/compile/internal/ssacompile","Test":"TestAddFlagsNative","Output":"--- PASS: TestAddFlagsNative (0.00s)\n","OutputType":"frame"}
{"Time":"2026-10-03T22:47:25.798657-03:00","Action":"pass","Package":"cmd/compile/internal/ssacompile","Test":"TestAddFlagsNative","Elapsed":0}
{"Time":"2026-10-03T22:47:25.798661-03:00","Action":"run","Package":"cmd/compile/internal/ssacompile","Test":"TestSubFlagsNative"}
{"Time":"2026-10-03T22:47:25.798667-03:00","Action":"output","Package":"cmd/compile/internal/ssacompile","Test":"TestSubFlagsNative","Output":"=== RUN   TestSubFlagsNative\n","OutputType":"frame"}
{"Time":"2026-10-03T22:47:25.798673-03:00","Action":"output","Package":"cmd/compile/internal/ssacompile","Test":"TestSubFlagsNative","Output":"--- PASS: TestSubFlagsNative (0.00s)\n","OutputType":"frame"}
{"Time":"2026-10-03T22:47:25.798677-03:00","Action":"pass","Package":"cmd/compile/internal/ssacompile","Test":"TestSubFlagsNative","Elapsed":0}
{"Time":"2026-10-03T22:47:25.798681-03:00","Action":"run","Package":"cmd/compile/internal/ssacompile","Test":"TestAndFlagsNative"}
{"Time":"2026-10-03T22:47:25.798685-03:00","Action":"output","Package":"cmd/compile/internal/ssacompile","Test":"TestAndFlagsNative","Output":"=== RUN   TestAndFlagsNative\n","OutputType":"frame"}
{"Time":"2026-10-03T22:47:25.798689-03:00","Action":"output","Package":"cmd/compile/internal/ssacompile","Test":"TestAndFlagsNative","Output":"--- PASS: TestAndFlagsNative (0.00s)\n","OutputType":"frame"}
{"Time":"2026-10-03T22:47:25.798693-03:00","Action":"pass","Package":"cmd/compile/internal/ssacompile","Test":"TestAndFlagsNative","Elapsed":0}
{"Time":"2026-10-03T22:47:25.798698-03:00","Action":"run","Package":"cmd/compile/internal/ssacompile","Test":"TestArgs"}
{"Time":"2026-10-03T22:47:25.798702-03:00","Action":"output","Package":"cmd/compile/internal/ssacompile","Test":"TestArgs","Output":"=== RUN   TestArgs\n","OutputType":"frame"}
{"Time":"2026-10-03T22:47:25.798852-03:00","Action":"output","Package":"cmd/compile/internal/ssacompile","Test":"TestArgs","Output":"--- PASS: TestArgs (0.00s)\n","OutputType":"frame"}
{"Time":"2026-10-03T22:47:25.798857-03:00","Action":"pass","Package":"cmd/compile/internal/ssacompile","Test":"TestArgs","Elapsed":0}
{"Time":"2026-10-03T22:47:25.798862-03:00","Action":"run","Package":"cmd/compile/internal/ssacompile","Test":"TestEquiv"}
{"Time":"2026-10-03T22:47:25.798866-03:00","Action":"output","Package":"cmd/compile/internal/ssacompile","Test":"TestEquiv","Output":"=== RUN   TestEquiv\n","OutputType":"frame"}
{"Time":"2026-10-03T22:47:25.799484-03:00","Action":"output","Package":"cmd/compile/internal/ssacompile","Test":"TestEquiv","Output":"--- PASS: TestEquiv (0.00s)\n","OutputType":"frame"}
{"Time":"2026-10-03T22:47:25.79949-03:00","Action":"pass","Package":"cmd/compile/internal/ssacompile","Test":"TestEquiv","Elapsed":0}
{"Time":"2026-10-03T22:47:25.799494-03:00","Action":"run","Package":"cmd/compile/internal/ssacompile","Test":"TestConstCache"}
{"Time":"2026-10-03T22:47:25.799498-03:00","Action":"output","Package":"cmd/compile/internal/ssacompile","Test":"TestConstCache","Output":"=== RUN   TestConstCache\n","OutputType":"frame"}
{"Time":"2026-10-03T22:47:25.799631-03:00","Action":"output","Package":"cmd/compile/internal/ssacompile","Test":"TestConstCache","Output":"--- PASS: TestConstCache (0.00s)\n","OutputType":"frame"}
{"Time":"2026-10-03T22:47:25.799636-03:00","Action":"pass","Package":"cmd/compile/internal/ssacompile","Test":"TestConstCache","Elapsed":0}
{"Time":"2026-10-03T22:47:25.799641-03:00","Action":"run","Package":"cmd/compile/internal/ssacompile","Test":"TestFuseEliminatesOneBranch"}
{"Time":"2026-10-03T22:47:25.799645-03:00","Action":"output","Package":"cmd/compile/internal/ssacompile","Test":"TestFuseEliminatesOneBranch","Output":"=== RUN   TestFuseEliminatesOneBranch\n","OutputType":"frame"}
{"Time":"2026-10-03T22:47:25.79988-03:00","Action":"output","Package":"cmd/compile/internal/ssacompile","Test":"TestFuseEliminatesOneBranch","Output":"--- PASS: TestFuseEliminatesOneBranch (0.00s)\n","OutputType":"frame"}
{"Time":"2026-10-03T22:47:25.799885-03:00","Action":"pass","Package":"cmd/compile/internal/ssacompile","Test":"TestFuseEliminatesOneBranch","Elapsed":0}
{"Time":"2026-10-03T22:47:25.79989-03:00","Action":"run","Package":"cmd/compile/internal/ssacompile","Test":"TestFuseEliminatesBothBranches"}
{"Time":"2026-10-03T22:47:25.799894-03:00","Action":"output","Package":"cmd/compile/internal/ssacompile","Test":"TestFuseEliminatesBothBranches","Output":"=== RUN   TestFuseEliminatesBothBranches\n","OutputType":"frame"}
{"Time":"2026-10-03T22:47:25.800042-03:00","Action":"output","Package":"cmd/compile/internal/ssacompile","Test":"TestFuseEliminatesBothBranches","Output":"--- PASS: TestFuseEliminatesBothBranches (0.00s)\n","OutputType":"frame"}
{"Time":"2026-10-03T22:47:25.800047-03:00","Action":"pass","Package":"cmd/compile/internal/ssacompile","Test":"TestFuseEliminatesBothBranches","Elapsed":0}
{"Time":"2026-10-03T22:47:25.800051-03:00","Action":"run","Package":"cmd/compile/internal/ssacompile","Test":"TestFuseHandlesPhis"}
{"Time":"2026-10-03T22:47:25.800055-03:00","Action":"output","Package":"cmd/compile/internal/ssacompile","Test":"TestFuseHandlesPhis","Output":"=== RUN   TestFuseHandlesPhis\n","OutputType":"frame"}
{"Time":"2026-10-03T22:47:25.800192-03:00","Action":"output","Package":"cmd/compile/internal/ssacompile","Test":"TestFuseHandlesPhis","Output":"--- PASS: TestFuseHandlesPhis (0.00s)\n","OutputType":"frame"}
{"Time":"2026-10-03T22:47:25.800197-03:00","Action":"pass","Package":"cmd/compile/internal/ssacompile","Test":"TestFuseHandlesPhis","Elapsed":0}
{"Time":"2026-10-03T22:47:25.800202-03:00","Action":"run","Package":"cmd/compile/internal/ssacompile","Test":"TestFuseEliminatesEmptyBlocks"}
{"Time":"2026-10-03T22:47:25.800209-03:00","Action":"output","Package":"cmd/compile/internal/ssacompile","Test":"TestFuseEliminatesEmptyBlocks","Output":"=== RUN   TestFuseEliminatesEmptyBlocks\n","OutputType":"frame"}
{"Time":"2026-10-03T22:47:25.800564-03:00","Action":"output","Package":"cmd/compile/internal/ssacompile","Test":"TestFuseEliminatesEmptyBlocks","Output":"--- PASS: TestFuseEliminatesEmptyBlocks (0.00s)\n","OutputType":"frame"}
{"Time":"2026-10-03T22:47:25.800625-03:00","Action":"pass","Package":"cmd/compile/internal/ssacompile","Test":"TestFuseEliminatesEmptyBlocks","Elapsed":0}
{"Time":"2026-10-03T22:47:25.800638-03:00","Action":"run","Package":"cmd/compile/internal/ssacompile","Test":"TestFuseSideEffects"}
{"Time":"2026-10-03T22:47:25.800657-03:00","Action":"output","Package":"cmd/compile/internal/ssacompile","Test":"TestFuseSideEffects","Output":"=== RUN   TestFuseSideEffects\n","OutputType":"frame"}
{"Time":"2026-10-03T22:47:25.800831-03:00","Action":"output","Package":"cmd/compile/internal/ssacompile","Test":"TestFuseSideEffects","Output":"--- PASS: TestFuseSideEffects (0.00s)\n","OutputType":"frame"}
{"Time":"2026-10-03T22:47:25.800876-03:00","Action":"pass","Package":"cmd/compile/internal/ssacompile","Test":"TestFuseSideEffects","Elapsed":0}
{"Time":"2026-10-03T22:47:25.800891-03:00","Action":"run","Package":"cmd/compile/internal/ssacompile","Test":"TestFuseHandlesDifferentiatedPhi"}
{"Time":"2026-10-03T22:47:25.800897-03:00","Action":"output","Package":"cmd/compile/internal/ssacompile","Test":"TestFuseHandlesDifferentiatedPhi","Output":"=== RUN   TestFuseHandlesDifferentiatedPhi\n","OutputType":"frame"}
{"Time":"2026-10-03T22:47:25.801054-03:00","Action":"output","Package":"cmd/compile/internal/ssacompile","Test":"TestFuseHandlesDifferentiatedPhi","Output":"--- PASS: TestFuseHandlesDifferentiatedPhi (0.00s)\n","OutputType":"frame"}
{"Time":"2026-10-03T22:47:25.80106-03:00","Action":"pass","Package":"cmd/compile/internal/ssacompile","Test":"TestFuseHandlesDifferentiatedPhi","Elapsed":0}
{"Time":"2026-10-03T22:47:25.801065-03:00","Action":"run","Package":"cmd/compile/internal/ssacompile","Test":"TestLCALinear"}
{"Time":"2026-10-03T22:47:25.80107-03:00","Action":"output","Package":"cmd/compile/internal/ssacompile","Test":"TestLCALinear","Output":"=== RUN   TestLCALinear\n","OutputType":"frame"}
{"Time":"2026-10-03T22:47:25.804721-03:00","Action":"output","Package":"cmd/compile/internal/ssacompile","Test":"TestLCALinear","Output":"--- PASS: TestLCALinear (0.00s)\n","OutputType":"frame"}
{"Time":"2026-10-03T22:47:25.804728-03:00","Action":"pass","Package":"cmd/compile/internal/ssacompile","Test":"TestLCALinear","Elapsed":0}
{"Time":"2026-10-03T22:47:25.804733-03:00","Action":"run","Package":"cmd/compile/internal/ssacompile","Test":"TestLCAFwdBack"}
{"Time":"2026-10-03T22:47:25.804736-03:00","Action":"output","Package":"cmd/compile/internal/ssacompile","Test":"TestLCAFwdBack","Output":"=== RUN   TestLCAFwdBack\n","OutputType":"frame"}
{"Time":"2026-10-03T22:47:25.80674-03:00","Action":"output","Package":"cmd/compile/internal/ssacompile","Test":"TestLCAFwdBack","Output":"--- PASS: TestLCAFwdBack (0.00s)\n","OutputType":"frame"}
{"Time":"2026-10-03T22:47:25.806746-03:00","Action":"pass","Package":"cmd/compile/internal/ssacompile","Test":"TestLCAFwdBack","Elapsed":0}
{"Time":"2026-10-03T22:47:25.806749-03:00","Action":"run","Package":"cmd/compile/internal/ssacompile","Test":"TestLCAManyPred"}
{"Time":"2026-10-03T22:47:25.806753-03:00","Action":"output","Package":"cmd/compile/internal/ssacompile","Test":"TestLCAManyPred","Output":"=== RUN   TestLCAManyPred\n","OutputType":"frame"}
{"Time":"2026-10-03T22:47:25.810004-03:00","Action":"output","Package":"cmd/compile/internal/ssacompile","Test":"TestLCAManyPred","Output":"--- PASS: TestLCAManyPred (0.00s)\n","OutputType":"frame"}
{"Time":"2026-10-03T22:47:25.810009-03:00","Action":"pass","Package":"cmd/compile/internal/ssacompile","Test":"TestLCAManyPred","Elapsed":0}
{"Time":"2026-10-03T22:47:25.810013-03:00","Action":"run","Package":"cmd/compile/internal/ssacompile","Test":"TestLCAMaxPred"}
{"Time":"2026-10-03T22:47:25.810017-03:00","Action":"output","Package":"cmd/compile/internal/ssacompile","Test":"TestLCAMaxPred","Output":"=== RUN   TestLCAMaxPred\n","OutputType":"frame"}
{"Time":"2026-10-03T22:47:25.813432-03:00","Action":"output","Package":"cmd/compile/internal/ssacompile","Test":"TestLCAMaxPred","Output":"--- PASS: TestLCAMaxPred (0.00s)\n","OutputType":"frame"}
{"Time":"2026-10-03T22:47:25.81344-03:00","Action":"pass","Package":"cmd/compile/internal/ssacompile","Test":"TestLCAMaxPred","Elapsed":0}
{"Time":"2026-10-03T22:47:25.813444-03:00","Action":"run","Package":"cmd/compile/internal/ssacompile","Test":"TestLCAMaxPredValue"}
{"Time":"2026-10-03T22:47:25.813447-03:00","Action":"output","Package":"cmd/compile/internal/ssacompile","Test":"TestLCAMaxPredValue","Output":"=== RUN   TestLCAMaxPredValue\n","OutputType":"frame"}
{"Time":"2026-10-03T22:47:25.816429-03:00","Action":"output","Package":"cmd/compile/internal/ssacompile","Test":"TestLCAMaxPredValue","Output":"--- PASS: TestLCAMaxPredValue (0.00s)\n","OutputType":"frame"}
{"Time":"2026-10-03T22:47:25.816434-03:00","Action":"pass","Package":"cmd/compile/internal/ssacompile","Test":"TestLCAMaxPredValue","Elapsed":0}
{"Time":"2026-10-03T22:47:25.816437-03:00","Action":"run","Package":"cmd/compile/internal/ssacompile","Test":"TestLICM"}
{"Time":"2026-10-03T22:47:25.816441-03:00","Action":"output","Package":"cmd/compile/internal/ssacompile","Test":"TestLICM","Output":"=== RUN   TestLICM\n","OutputType":"frame"}
{"Time":"2026-10-03T22:47:25.816563-03:00","Action":"output","Package":"cmd/compile/internal/ssacompile","Test":"TestLICM","Output":"--- PASS: TestLICM (0.00s)\n","OutputType":"frame"}
{"Time":"2026-10-03T22:47:25.816569-03:00","Action":"pass","Package":"cmd/compile/internal/ssacompile","Test":"TestLICM","Elapsed":0}
{"Time":"2026-10-03T22:47:25.816572-03:00","Action":"run","Package":"cmd/compile/internal/ssacompile","Test":"TestLICMNewBlock"}
{"Time":"2026-10-03T22:47:25.816575-03:00","Action":"output","Package":"cmd/compile/internal/ssacompile","Test":"TestLICMNewBlock","Output":"=== RUN   TestLICMNewBlock\n","OutputType":"frame"}
{"Time":"2026-10-03T22:47:25.816684-03:00","Action":"output","Package":"cmd/compile/internal/ssacompile","Test":"TestLICMNewBlock","Output":"--- PASS: TestLICMNewBlock (0.00s)\n","OutputType":"frame"}
{"Time":"2026-10-03T22:47:25.816689-03:00","Action":"pass","Package":"cmd/compile/internal/ssacompile","Test":"TestLICMNewBlock","Elapsed":0}
{"Time":"2026-10-03T22:47:25.816692-03:00","Action":"run","Package":"cmd/compile/internal/ssacompile","Test":"TestLoopRotateNested"}
{"Time":"2026-10-03T22:47:25.816695-03:00","Action":"output","Package":"cmd/compile/internal/ssacompile","Test":"TestLoopRotateNested","Output":"=== RUN   TestLoopRotateNested\n","OutputType":"frame"}
{"Time":"2026-10-03T22:47:25.816842-03:00","Action":"output","Package":"cmd/compile/internal/ssacompile","Test":"TestLoopRotateNested","Output":"--- PASS: TestLoopRotateNested (0.00s)\n","OutputType":"frame"}
{"Time":"2026-10-03T22:47:25.816847-03:00","Action":"pass","Package":"cmd/compile/internal/ssacompile","Test":"TestLoopRotateNested","Elapsed":0}
{"Time":"2026-10-03T22:47:25.816851-03:00","Action":"run","Package":"cmd/compile/internal/ssacompile","Test":"TestMagicExhaustive8"}
{"Time":"2026-10-03T22:47:25.816854-03:00","Action":"output","Package":"cmd/compile/internal/ssacompile","Test":"TestMagicExhaustive8","Output":"=== RUN   TestMagicExhaustive8\n","OutputType":"frame"}
{"Time":"2026-10-03T22:47:25.817001-03:00","Action":"output","Package":"cmd/compile/internal/ssacompile","Test":"TestMagicExhaustive8","Output":"--- PASS: TestMagicExhaustive8 (0.00s)\n","OutputType":"frame"}
{"Time":"2026-10-03T22:47:25.817009-03:00","Action":"pass","Package":"cmd/compile/internal/ssacompile","Test":"TestMagicExhaustive8","Elapsed":0}
{"Time":"2026-10-03T22:47:25.817013-03:00","Action":"run","Package":"cmd/compile/internal/ssacompile","Test":"TestMagicExhaustive8U"}
{"Time":"2026-10-03T22:47:25.817016-03:00","Action":"output","Package":"cmd/compile/internal/ssacompile","Test":"TestMagicExhaustive8U","Output":"=== RUN   TestMagicExhaustive8U\n","OutputType":"frame"}
{"Time":"2026-10-03T22:47:25.817093-03:00","Action":"output","Package":"cmd/compile/internal/ssacompile","Test":"TestMagicExhaustive8U","Output":"--- PASS: TestMagicExhaustive8U (0.00s)\n","OutputType":"frame"}
{"Time":"2026-10-03T22:47:25.817097-03:00","Action":"pass","Package":"cmd/compile/internal/ssacompile","Test":"TestMagicExhaustive8U","Elapsed":0}
{"Time":"2026-10-03T22:47:25.8171-03:00","Action":"run","Package":"cmd/compile/internal/ssacompile","Test":"TestMagicExhaustive16"}
{"Time":"2026-10-03T22:47:25.817104-03:00","Action":"output","Package":"cmd/compile/internal/ssacompile","Test":"TestMagicExhaustive16","Output":"=== RUN   TestMagicExhaustive16\n","OutputType":"frame"}
{"Time":"2026-10-03T22:47:26.941834-03:00","Action":"output","Package":"cmd/compile/internal/ssacompile","Test":"TestMagicExhaustive16","Output":"--- PASS: TestMagicExhaustive16 (1.12s)\n","OutputType":"frame"}
{"Time":"2026-10-03T22:47:26.941875-03:00","Action":"pass","Package":"cmd/compile/internal/ssacompile","Test":"TestMagicExhaustive16","Elapsed":1.12}
{"Time":"2026-10-03T22:47:26.941886-03:00","Action":"run","Package":"cmd/compile/internal/ssacompile","Test":"TestMagicExhaustive16U"}
{"Time":"2026-10-03T22:47:26.941891-03:00","Action":"output","Package":"cmd/compile/internal/ssacompile","Test":"TestMagicExhaustive16U","Output":"=== RUN   TestMagicExhaustive16U\n","OutputType":"frame"}
{"Time":"2026-10-03T22:47:29.100157-03:00","Action":"output","Package":"cmd/compile/internal/ssacompile","Test":"TestMagicExhaustive16U","Output":"--- PASS: TestMagicExhaustive16U (2.16s)\n","OutputType":"frame"}
{"Time":"2026-10-03T22:47:29.100216-03:00","Action":"pass","Package":"cmd/compile/internal/ssacompile","Test":"TestMagicExhaustive16U","Elapsed":2.16}
{"Time":"2026-10-03T22:47:29.100227-03:00","Action":"run","Package":"cmd/compile/internal/ssacompile","Test":"TestMagicUnsigned"}
{"Time":"2026-10-03T22:47:29.100233-03:00","Action":"output","Package":"cmd/compile/internal/ssacompile","Test":"TestMagicUnsigned","Output":"=== RUN   TestMagicUnsigned\n","OutputType":"frame"}
{"Time":"2026-10-03T22:47:29.100266-03:00","Action":"output","Package":"cmd/compile/internal/ssacompile","Test":"TestMagicUnsigned","Output":"--- PASS: TestMagicUnsigned (0.00s)\n","OutputType":"frame"}
{"Time":"2026-10-03T22:47:29.100282-03:00","Action":"pass","Package":"cmd/compile/internal/ssacompile","Test":"TestMagicUnsigned","Elapsed":0}
{"Time":"2026-10-03T22:47:29.100288-03:00","Action":"run","Package":"cmd/compile/internal/ssacompile","Test":"TestMagicSigned"}
{"Time":"2026-10-03T22:47:29.100294-03:00","Action":"output","Package":"cmd/compile/internal/ssacompile","Test":"TestMagicSigned","Output":"=== RUN   TestMagicSigned\n","OutputType":"frame"}
{"Time":"2026-10-03T22:47:29.100415-03:00","Action":"output","Package":"cmd/compile/internal/ssacompile","Test":"TestMagicSigned","Output":"--- PASS: TestMagicSigned (0.00s)\n","OutputType":"frame"}
{"Time":"2026-10-03T22:47:29.100424-03:00","Action":"pass","Package":"cmd/compile/internal/ssacompile","Test":"TestMagicSigned","Elapsed":0}
{"Time":"2026-10-03T22:47:29.100429-03:00","Action":"run","Package":"cmd/compile/internal/ssacompile","Test":"TestDivisibleExhaustive8U"}
{"Time":"2026-10-03T22:47:29.100433-03:00","Action":"output","Package":"cmd/compile/internal/ssacompile","Test":"TestDivisibleExhaustive8U","Output":"=== RUN   TestDivisibleExhaustive8U\n","OutputType":"frame"}
{"Time":"2026-10-03T22:47:29.100478-03:00","Action":"output","Package":"cmd/compile/internal/ssacompile","Test":"TestDivisibleExhaustive8U","Output":"--- PASS: TestDivisibleExhaustive8U (0.00s)\n","OutputType":"frame"}
{"Time":"2026-10-03T22:47:29.100485-03:00","Action":"pass","Package":"cmd/compile/internal/ssacompile","Test":"TestDivisibleExhaustive8U","Elapsed":0}
{"Time":"2026-10-03T22:47:29.100502-03:00","Action":"run","Package":"cmd/compile/internal/ssacompile","Test":"TestDivisibleExhaustive16U"}
{"Time":"2026-10-03T22:47:29.100506-03:00","Action":"output","Package":"cmd/compile/internal/ssacompile","Test":"TestDivisibleExhaustive16U","Output":"=== RUN   TestDivisibleExhaustive16U\n","OutputType":"frame"}
{"Time":"2026-10-03T22:47:32.607909-03:00","Action":"output","Package":"cmd/compile/internal/ssacompile","Test":"TestDivisibleExhaustive16U","Output":"--- PASS: TestDivisibleExhaustive16U (3.51s)\n","OutputType":"frame"}
{"Time":"2026-10-03T22:47:32.607958-03:00","Action":"pass","Package":"cmd/compile/internal/ssacompile","Test":"TestDivisibleExhaustive16U","Elapsed":3.51}
{"Time":"2026-10-03T22:47:32.607968-03:00","Action":"run","Package":"cmd/compile/internal/ssacompile","Test":"TestDivisibleUnsigned"}
{"Time":"2026-10-03T22:47:32.607973-03:00","Action":"output","Package":"cmd/compile/internal/ssacompile","Test":"TestDivisibleUnsigned","Output":"=== RUN   TestDivisibleUnsigned\n","OutputType":"frame"}
{"Time":"2026-10-03T22:47:32.607979-03:00","Action":"output","Package":"cmd/compile/internal/ssacompile","Test":"TestDivisibleUnsigned","Output":"--- PASS: TestDivisibleUnsigned (0.00s)\n","OutputType":"frame"}
{"Time":"2026-10-03T22:47:32.607983-03:00","Action":"pass","Package":"cmd/compile/internal/ssacompile","Test":"TestDivisibleUnsigned","Elapsed":0}
{"Time":"2026-10-03T22:47:32.607988-03:00","Action":"run","Package":"cmd/compile/internal/ssacompile","Test":"TestDivisibleExhaustive8"}
{"Time":"2026-10-03T22:47:32.607991-03:00","Action":"output","Package":"cmd/compile/internal/ssacompile","Test":"TestDivisibleExhaustive8","Output":"=== RUN   TestDivisibleExhaustive8\n","OutputType":"frame"}
{"Time":"2026-10-03T22:47:32.608006-03:00","Action":"output","Package":"cmd/compile/internal/ssacompile","Test":"TestDivisibleExhaustive8","Output":"--- PASS: TestDivisibleExhaustive8 (0.00s)\n","OutputType":"frame"}
{"Time":"2026-10-03T22:47:32.608009-03:00","Action":"pass","Package":"cmd/compile/internal/ssacompile","Test":"TestDivisibleExhaustive8","Elapsed":0}
{"Time":"2026-10-03T22:47:32.608012-03:00","Action":"run","Package":"cmd/compile/internal/ssacompile","Test":"TestDivisibleExhaustive16"}
{"Time":"2026-10-03T22:47:32.608014-03:00","Action":"output","Package":"cmd/compile/internal/ssacompile","Test":"TestDivisibleExhaustive16","Output":"=== RUN   TestDivisibleExhaustive16\n","OutputType":"frame"}
{"Time":"2026-10-03T22:47:34.564366-03:00","Action":"output","Package":"cmd/compile/internal/ssacompile","Test":"TestDivisibleExhaustive16","Output":"--- PASS: TestDivisibleExhaustive16 (1.96s)\n","OutputType":"frame"}
{"Time":"2026-10-03T22:47:34.564413-03:00","Action":"pass","Package":"cmd/compile/internal/ssacompile","Test":"TestDivisibleExhaustive16","Elapsed":1.96}
{"Time":"2026-10-03T22:47:34.564421-03:00","Action":"run","Package":"cmd/compile/internal/ssacompile","Test":"TestDivisibleSigned"}
{"Time":"2026-10-03T22:47:34.564425-03:00","Action":"output","Package":"cmd/compile/internal/ssacompile","Test":"TestDivisibleSigned","Output":"=== RUN   TestDivisibleSigned\n","OutputType":"frame"}
{"Time":"2026-10-03T22:47:34.564431-03:00","Action":"output","Package":"cmd/compile/internal/ssacompile","Test":"TestDivisibleSigned","Output":"--- PASS: TestDivisibleSigned (0.00s)\n","OutputType":"frame"}
{"Time":"2026-10-03T22:47:34.564434-03:00","Action":"pass","Package":"cmd/compile/internal/ssacompile","Test":"TestDivisibleSigned","Elapsed":0}
{"Time":"2026-10-03T22:47:34.564438-03:00","Action":"run","Package":"cmd/compile/internal/ssacompile","Test":"TestMem2Reg"}
{"Time":"2026-10-03T22:47:34.564441-03:00","Action":"output","Package":"cmd/compile/internal/ssacompile","Test":"TestMem2Reg","Output":"=== RUN   TestMem2Reg\n","OutputType":"frame"}
{"Time":"2026-10-03T22:47:34.564445-03:00","Action":"output","Package":"cmd/compile/internal/ssacompile","Test":"TestMem2Reg","Output":"--- PASS: TestMem2Reg (0.00s)\n","OutputType":"frame"}
{"Time":"2026-10-03T22:47:34.564448-03:00","Action":"pass","Package":"cmd/compile/internal/ssacompile","Test":"TestMem2Reg","Elapsed":0}
{"Time":"2026-10-03T22:47:34.564451-03:00","Action":"run","Package":"cmd/compile/internal/ssacompile","Test":"TestMergeConditionalBranchesWithoutPointers"}
{"Time":"2026-10-03T22:47:34.564453-03:00","Action":"output","Package":"cmd/compile/internal/ssacompile","Test":"TestMergeConditionalBranchesWithoutPointers","Output":"=== RUN   TestMergeConditionalBranchesWithoutPointers\n","OutputType":"frame"}
{"Time":"2026-10-03T22:47:34.564456-03:00","Action":"run","Package":"cmd/compile/internal/ssacompile","Test":"TestMergeConditionalBranchesWithoutPointers/arm64"}
{"Time":"2026-10-03T22:47:34.564459-03:00","Action":"output","Package":"cmd/compile/internal/ssacompile","Test":"TestMergeConditionalBranchesWithoutPointers/arm64","Output":"=== RUN   TestMergeConditionalBranchesWithoutPointers/arm64\n","OutputType":"frame"}
{"Time":"2026-10-03T22:47:34.566095-03:00","Action":"output","Package":"cmd/compile/internal/ssacompile","Test":"TestMergeConditionalBranchesWithoutPointers/arm64","Output":"--- PASS: TestMergeConditionalBranchesWithoutPointers/arm64 (0.00s)\n","OutputType":"frame"}
{"Time":"2026-10-03T22:47:34.566122-03:00","Action":"pass","Package":"cmd/compile/internal/ssacompile","Test":"TestMergeConditionalBranchesWithoutPointers/arm64","Elapsed":0}
{"Time":"2026-10-03T22:47:34.566129-03:00","Action":"output","Package":"cmd/compile/internal/ssacompile","Test":"TestMergeConditionalBranchesWithoutPointers","Output":"--- PASS: TestMergeConditionalBranchesWithoutPointers (0.00s)\n","OutputType":"frame"}
{"Time":"2026-10-03T22:47:34.566134-03:00","Action":"pass","Package":"cmd/compile/internal/ssacompile","Test":"TestMergeConditionalBranchesWithoutPointers","Elapsed":0}
{"Time":"2026-10-03T22:47:34.56615-03:00","Action":"run","Package":"cmd/compile/internal/ssacompile","Test":"TestNoCCMPWithPointerAndMemoryLoad"}
{"Time":"2026-10-03T22:47:34.566154-03:00","Action":"output","Package":"cmd/compile/internal/ssacompile","Test":"TestNoCCMPWithPointerAndMemoryLoad","Output":"=== RUN   TestNoCCMPWithPointerAndMemoryLoad\n","OutputType":"frame"}
{"Time":"2026-10-03T22:47:34.566158-03:00","Action":"run","Package":"cmd/compile/internal/ssacompile","Test":"TestNoCCMPWithPointerAndMemoryLoad/arm64"}
{"Time":"2026-10-03T22:47:34.566161-03:00","Action":"output","Package":"cmd/compile/internal/ssacompile","Test":"TestNoCCMPWithPointerAndMemoryLoad/arm64","Output":"=== RUN   TestNoCCMPWithPointerAndMemoryLoad/arm64\n","OutputType":"frame"}
{"Time":"2026-10-03T22:47:34.567291-03:00","Action":"output","Package":"cmd/compile/internal/ssacompile","Test":"TestNoCCMPWithPointerAndMemoryLoad/arm64","Output":"--- PASS: TestNoCCMPWithPointerAndMemoryLoad/arm64 (0.00s)\n","OutputType":"frame"}
{"Time":"2026-10-03T22:47:34.567299-03:00","Action":"pass","Package":"cmd/compile/internal/ssacompile","Test":"TestNoCCMPWithPointerAndMemoryLoad/arm64","Elapsed":0}
{"Time":"2026-10-03T22:47:34.567304-03:00","Action":"output","Package":"cmd/compile/internal/ssacompile","Test":"TestNoCCMPWithPointerAndMemoryLoad","Output":"--- PASS: TestNoCCMPWithPointerAndMemoryLoad (0.00s)\n","OutputType":"frame"}
{"Time":"2026-10-03T22:47:34.567307-03:00","Action":"pass","Package":"cmd/compile/internal/ssacompile","Test":"TestNoCCMPWithPointerAndMemoryLoad","Elapsed":0}
{"Time":"2026-10-03T22:47:34.56731-03:00","Action":"run","Package":"cmd/compile/internal/ssacompile","Test":"TestNilcheckSimple"}
{"Time":"2026-10-03T22:47:34.567313-03:00","Action":"output","Package":"cmd/compile/internal/ssacompile","Test":"TestNilcheckSimple","Output":"=== RUN   TestNilcheckSimple\n","OutputType":"frame"}
{"Time":"2026-10-03T22:47:34.567444-03:00","Action":"output","Package":"cmd/compile/internal/ssacompile","Test":"TestNilcheckSimple","Output":"--- PASS: TestNilcheckSimple (0.00s)\n","OutputType":"frame"}
{"Time":"2026-10-03T22:47:34.56745-03:00","Action":"pass","Package":"cmd/compile/internal/ssacompile","Test":"TestNilcheckSimple","Elapsed":0}
{"Time":"2026-10-03T22:47:34.567453-03:00","Action":"run","Package":"cmd/compile/internal/ssacompile","Test":"TestNilcheckDomOrder"}
{"Time":"2026-10-03T22:47:34.567456-03:00","Action":"output","Package":"cmd/compile/internal/ssacompile","Test":"TestNilcheckDomOrder","Output":"=== RUN   TestNilcheckDomOrder\n","OutputType":"frame"}
{"Time":"2026-10-03T22:47:34.567547-03:00","Action":"output","Package":"cmd/compile/internal/ssacompile","Test":"TestNilcheckDomOrder","Output":"--- PASS: TestNilcheckDomOrder (0.00s)\n","OutputType":"frame"}
{"Time":"2026-10-03T22:47:34.567552-03:00","Action":"pass","Package":"cmd/compile/internal/ssacompile","Test":"TestNilcheckDomOrder","Elapsed":0}
{"Time":"2026-10-03T22:47:34.567556-03:00","Action":"run","Package":"cmd/compile/internal/ssacompile","Test":"TestNilcheckAddr"}
{"Time":"2026-10-03T22:47:34.567559-03:00","Action":"output","Package":"cmd/compile/internal/ssacompile","Test":"TestNilcheckAddr","Output":"=== RUN   TestNilcheckAddr\n","OutputType":"frame"}
{"Time":"2026-10-03T22:47:34.56766-03:00","Action":"output","Package":"cmd/compile/internal/ssacompile","Test":"TestNilcheckAddr","Output":"--- PASS: TestNilcheckAddr (0.00s)\n","OutputType":"frame"}
{"Time":"2026-10-03T22:47:34.567665-03:00","Action":"pass","Package":"cmd/compile/internal/ssacompile","Test":"TestNilcheckAddr","Elapsed":0}
{"Time":"2026-10-03T22:47:34.567668-03:00","Action":"run","Package":"cmd/compile/internal/ssacompile","Test":"TestNilcheckAddPtr"}
{"Time":"2026-10-03T22:47:34.567671-03:00","Action":"output","Package":"cmd/compile/internal/ssacompile","Test":"TestNilcheckAddPtr","Output":"=== RUN   TestNilcheckAddPtr\n","OutputType":"frame"}
{"Time":"2026-10-03T22:47:34.567774-03:00","Action":"output","Package":"cmd/compile/internal/ssacompile","Test":"TestNilcheckAddPtr","Output":"--- PASS: TestNilcheckAddPtr (0.00s)\n","OutputType":"frame"}
{"Time":"2026-10-03T22:47:34.567779-03:00","Action":"pass","Package":"cmd/compile/internal/ssacompile","Test":"TestNilcheckAddPtr","Elapsed":0}
{"Time":"2026-10-03T22:47:34.567783-03:00","Action":"run","Package":"cmd/compile/internal/ssacompile","Test":"TestNilcheckPhi"}
{"Time":"2026-10-03T22:47:34.567785-03:00","Action":"output","Package":"cmd/compile/internal/ssacompile","Test":"TestNilcheckPhi","Output":"=== RUN   TestNilcheckPhi\n","OutputType":"frame"}
{"Time":"2026-10-03T22:47:34.567875-03:00","Action":"output","Package":"cmd/compile/internal/ssacompile","Test":"TestNilcheckPhi","Output":"--- PASS: TestNilcheckPhi (0.00s)\n","OutputType":"frame"}
{"Time":"2026-10-03T22:47:34.56788-03:00","Action":"pass","Package":"cmd/compile/internal/ssacompile","Test":"TestNilcheckPhi","Elapsed":0}
{"Time":"2026-10-03T22:47:34.567883-03:00","Action":"run","Package":"cmd/compile/internal/ssacompile","Test":"TestNilcheckKeepRemove"}
{"Time":"2026-10-03T22:47:34.567886-03:00","Action":"output","Package":"cmd/compile/internal/ssacompile","Test":"TestNilcheckKeepRemove","Output":"=== RUN   TestNilcheckKeepRemove\n","OutputType":"frame"}
{"Time":"2026-10-03T22:47:34.567976-03:00","Action":"output","Package":"cmd/compile/internal/ssacompile","Test":"TestNilcheckKeepRemove","Output":"--- PASS: TestNilcheckKeepRemove (0.00s)\n","OutputType":"frame"}
{"Time":"2026-10-03T22:47:34.567981-03:00","Action":"pass","Package":"cmd/compile/internal/ssacompile","Test":"TestNilcheckKeepRemove","Elapsed":0}
{"Time":"2026-10-03T22:47:34.567984-03:00","Action":"run","Package":"cmd/compile/internal/ssacompile","Test":"TestNilcheckInFalseBranch"}
{"Time":"2026-10-03T22:47:34.567987-03:00","Action":"output","Package":"cmd/compile/internal/ssacompile","Test":"TestNilcheckInFalseBranch","Output":"=== RUN   TestNilcheckInFalseBranch\n","OutputType":"frame"}
{"Time":"2026-10-03T22:47:34.568153-03:00","Action":"output","Package":"cmd/compile/internal/ssacompile","Test":"TestNilcheckInFalseBranch","Output":"--- PASS: TestNilcheckInFalseBranch (0.00s)\n","OutputType":"frame"}
{"Time":"2026-10-03T22:47:34.568158-03:00","Action":"pass","Package":"cmd/compile/internal/ssacompile","Test":"TestNilcheckInFalseBranch","Elapsed":0}
{"Time":"2026-10-03T22:47:34.568161-03:00","Action":"run","Package":"cmd/compile/internal/ssacompile","Test":"TestNilcheckUser"}
{"Time":"2026-10-03T22:47:34.568164-03:00","Action":"output","Package":"cmd/compile/internal/ssacompile","Test":"TestNilcheckUser","Output":"=== RUN   TestNilcheckUser\n","OutputType":"frame"}
{"Time":"2026-10-03T22:47:34.568525-03:00","Action":"output","Package":"cmd/compile/internal/ssacompile","Test":"TestNilcheckUser","Output":"--- PASS: TestNilcheckUser (0.00s)\n","OutputType":"frame"}
{"Time":"2026-10-03T22:47:34.56853-03:00","Action":"pass","Package":"cmd/compile/internal/ssacompile","Test":"TestNilcheckUser","Elapsed":0}
{"Time":"2026-10-03T22:47:34.568534-03:00","Action":"run","Package":"cmd/compile/internal/ssacompile","Test":"TestNilcheckBug"}
{"Time":"2026-10-03T22:47:34.568536-03:00","Action":"output","Package":"cmd/compile/internal/ssacompile","Test":"TestNilcheckBug","Output":"=== RUN   TestNilcheckBug\n","OutputType":"frame"}
{"Time":"2026-10-03T22:47:34.568687-03:00","Action":"output","Package":"cmd/compile/internal/ssacompile","Test":"TestNilcheckBug","Output":"--- PASS: TestNilcheckBug (0.00s)\n","OutputType":"frame"}
{"Time":"2026-10-03T22:47:34.568692-03:00","Action":"pass","Package":"cmd/compile/internal/ssacompile","Test":"TestNilcheckBug","Elapsed":0}
{"Time":"2026-10-03T22:47:34.568695-03:00","Action":"run","Package":"cmd/compile/internal/ssacompile","Test":"TestConditionalLoadConstant"}
{"Time":"2026-10-03T22:47:34.568698-03:00","Action":"output","Package":"cmd/compile/internal/ssacompile","Test":"TestConditionalLoadConstant","Output":"=== RUN   TestConditionalLoadConstant\n","OutputType":"frame"}
{"Time":"2026-10-03T22:47:34.568707-03:00","Action":"run","Package":"cmd/compile/internal/ssacompile","Test":"TestConditionalLoadConstant/uint64"}
{"Time":"2026-10-03T22:47:34.56871-03:00","Action":"output","Package":"cmd/compile/internal/ssacompile","Test":"TestConditionalLoadConstant/uint64","Output":"=== RUN   TestConditionalLoadConstant/uint64\n","OutputType":"frame"}
{"Time":"2026-10-03T22:47:34.568801-03:00","Action":"output","Package":"cmd/compile/internal/ssacompile","Test":"TestConditionalLoadConstant/uint64","Output":"--- PASS: TestConditionalLoadConstant/uint64 (0.00s)\n","OutputType":"frame"}
{"Time":"2026-10-03T22:47:34.568806-03:00","Action":"pass","Package":"cmd/compile/internal/ssacompile","Test":"TestConditionalLoadConstant/uint64","Elapsed":0}
{"Time":"2026-10-03T22:47:34.568809-03:00","Action":"run","Package":"cmd/compile/internal/ssacompile","Test":"TestConditionalLoadConstant/uint32"}
{"Time":"2026-10-03T22:47:34.568812-03:00","Action":"output","Package":"cmd/compile/internal/ssacompile","Test":"TestConditionalLoadConstant/uint32","Output":"=== RUN   TestConditionalLoadConstant/uint32\n","OutputType":"frame"}
{"Time":"2026-10-03T22:47:34.568899-03:00","Action":"output","Package":"cmd/compile/internal/ssacompile","Test":"TestConditionalLoadConstant/uint32","Output":"--- PASS: TestConditionalLoadConstant/uint32 (0.00s)\n","OutputType":"frame"}
{"Time":"2026-10-03T22:47:34.568904-03:00","Action":"pass","Package":"cmd/compile/internal/ssacompile","Test":"TestConditionalLoadConstant/uint32","Elapsed":0}
{"Time":"2026-10-03T22:47:34.568907-03:00","Action":"run","Package":"cmd/compile/internal/ssacompile","Test":"TestConditionalLoadConstant/uint16"}
{"Time":"2026-10-03T22:47:34.56891-03:00","Action":"output","Package":"cmd/compile/internal/ssacompile","Test":"TestConditionalLoadConstant/uint16","Output":"=== RUN   TestConditionalLoadConstant/uint16\n","OutputType":"frame"}
{"Time":"2026-10-03T22:47:34.569025-03:00","Action":"output","Package":"cmd/compile/internal/ssacompile","Test":"TestConditionalLoadConstant/uint16","Output":"--- PASS: TestConditionalLoadConstant/uint16 (0.00s)\n","OutputType":"frame"}
{"Time":"2026-10-03T22:47:34.56904-03:00","Action":"pass","Package":"cmd/compile/internal/ssacompile","Test":"TestConditionalLoadConstant/uint16","Elapsed":0}
{"Time":"2026-10-03T22:47:34.569046-03:00","Action":"run","Package":"cmd/compile/internal/ssacompile","Test":"TestConditionalLoadConstant/uint8"}
{"Time":"2026-10-03T22:47:34.569051-03:00","Action":"output","Package":"cmd/compile/internal/ssacompile","Test":"TestConditionalLoadConstant/uint8","Output":"=== RUN   TestConditionalLoadConstant/uint8\n","OutputType":"frame"}
{"Time":"2026-10-03T22:47:34.569126-03:00","Action":"output","Package":"cmd/compile/internal/ssacompile","Test":"TestConditionalLoadConstant/uint8","Output":"--- PASS: TestConditionalLoadConstant/uint8 (0.00s)\n","OutputType":"frame"}
{"Time":"2026-10-03T22:47:34.569134-03:00","Action":"pass","Package":"cmd/compile/internal/ssacompile","Test":"TestConditionalLoadConstant/uint8","Elapsed":0}
{"Time":"2026-10-03T22:47:34.569138-03:00","Action":"run","Package":"cmd/compile/internal/ssacompile","Test":"TestConditionalLoadConstant/equal_edge"}
{"Time":"2026-10-03T22:47:34.569141-03:00","Action":"output","Package":"cmd/compile/internal/ssacompile","Test":"TestConditionalLoadConstant/equal_edge","Output":"=== RUN   TestConditionalLoadConstant/equal_edge\n","OutputType":"frame"}
{"Time":"2026-10-03T22:47:34.569233-03:00","Action":"output","Package":"cmd/compile/internal/ssacompile","Test":"TestConditionalLoadConstant/equal_edge","Output":"--- PASS: TestConditionalLoadConstant/equal_edge (0.00s)\n","OutputType":"frame"}
{"Time":"2026-10-03T22:47:34.569247-03:00","Action":"pass","Package":"cmd/compile/internal/ssacompile","Test":"TestConditionalLoadConstant/equal_edge","Elapsed":0}
{"Time":"2026-10-03T22:47:34.569253-03:00","Action":"run","Package":"cmd/compile/internal/ssacompile","Test":"TestConditionalLoadConstant/reversed_operands"}
{"Time":"2026-10-03T22:47:34.569258-03:00","Action":"output","Package":"cmd/compile/internal/ssacompile","Test":"TestConditionalLoadConstant/reversed_operands","Output":"=== RUN   TestConditionalLoadConstant/reversed_operands\n","OutputType":"frame"}
{"Time":"2026-10-03T22:47:34.569325-03:00","Action":"output","Package":"cmd/compile/internal/ssacompile","Test":"TestConditionalLoadConstant/reversed_operands","Output":"--- PASS: TestConditionalLoadConstant/reversed_operands (0.00s)\n","OutputType":"frame"}
{"Time":"2026-10-03T22:47:34.569334-03:00","Action":"pass","Package":"cmd/compile/internal/ssacompile","Test":"TestConditionalLoadConstant/reversed_operands","Elapsed":0}
{"Time":"2026-10-03T22:47:34.569345-03:00","Action":"run","Package":"cmd/compile/internal/ssacompile","Test":"TestConditionalLoadConstant/copied_pointer_disjoint_payload"}
{"Time":"2026-10-03T22:47:34.569349-03:00","Action":"output","Package":"cmd/compile/internal/ssacompile","Test":"TestConditionalLoadConstant/copied_pointer_disjoint_payload","Output":"=== RUN   TestConditionalLoadConstant/copied_pointer_disjoint_payload\n","OutputType":"frame"}
{"Time":"2026-10-03T22:47:34.569421-03:00","Action":"output","Package":"cmd/compile/internal/ssacompile","Test":"TestConditionalLoadConstant/copied_pointer_disjoint_payload","Output":"--- PASS: TestConditionalLoadConstant/copied_pointer_disjoint_payload (0.00s)\n","OutputType":"frame"}
{"Time":"2026-10-03T22:47:34.569427-03:00","Action":"pass","Package":"cmd/compile/internal/ssacompile","Test":"TestConditionalLoadConstant/copied_pointer_disjoint_payload","Elapsed":0}
{"Time":"2026-10-03T22:47:34.569431-03:00","Action":"run","Package":"cmd/compile/internal/ssacompile","Test":"TestConditionalLoadConstant/wrong_edge"}
{"Time":"2026-10-03T22:47:34.569435-03:00","Action":"output","Package":"cmd/compile/internal/ssacompile","Test":"TestConditionalLoadConstant/wrong_edge","Output":"=== RUN   TestConditionalLoadConstant/wrong_edge\n","OutputType":"frame"}
{"Time":"2026-10-03T22:47:34.569602-03:00","Action":"output","Package":"cmd/compile/internal/ssacompile","Test":"TestConditionalLoadConstant/wrong_edge","Output":"--- PASS: TestConditionalLoadConstant/wrong_edge (0.00s)\n","OutputType":"frame"}
{"Time":"2026-10-03T22:47:34.569607-03:00","Action":"pass","Package":"cmd/compile/internal/ssacompile","Test":"TestConditionalLoadConstant/wrong_edge","Elapsed":0}
{"Time":"2026-10-03T22:47:34.569609-03:00","Action":"run","Package":"cmd/compile/internal/ssacompile","Test":"TestConditionalLoadConstant/unequal_values"}
{"Time":"2026-10-03T22:47:34.569612-03:00","Action":"output","Package":"cmd/compile/internal/ssacompile","Test":"TestConditionalLoadConstant/unequal_values","Output":"=== RUN   TestConditionalLoadConstant/unequal_values\n","OutputType":"frame"}
{"Time":"2026-10-03T22:47:34.569802-03:00","Action":"output","Package":"cmd/compile/internal/ssacompile","Test":"TestConditionalLoadConstant/unequal_values","Output":"--- PASS: TestConditionalLoadConstant/unequal_values (0.00s)\n","OutputType":"frame"}
{"Time":"2026-10-03T22:47:34.569808-03:00","Action":"pass","Package":"cmd/compile/internal/ssacompile","Test":"TestConditionalLoadConstant/unequal_values","Elapsed":0}
{"Time":"2026-10-03T22:47:34.569812-03:00","Action":"run","Package":"cmd/compile/internal/ssacompile","Test":"TestConditionalLoadConstant/changed_snapshot"}
{"Time":"2026-10-03T22:47:34.569815-03:00","Action":"output","Package":"cmd/compile/internal/ssacompile","Test":"TestConditionalLoadConstant/changed_snapshot","Output":"=== RUN   TestConditionalLoadConstant/changed_snapshot\n","OutputType":"frame"}
{"Time":"2026-10-03T22:47:34.569909-03:00","Action":"output","Package":"cmd/compile/internal/ssacompile","Test":"TestConditionalLoadConstant/changed_snapshot","Output":"--- PASS: TestConditionalLoadConstant/changed_snapshot (0.00s)\n","OutputType":"frame"}
{"Time":"2026-10-03T22:47:34.569914-03:00","Action":"pass","Package":"cmd/compile/internal/ssacompile","Test":"TestConditionalLoadConstant/changed_snapshot","Elapsed":0}
{"Time":"2026-10-03T22:47:34.569917-03:00","Action":"run","Package":"cmd/compile/internal/ssacompile","Test":"TestConditionalLoadConstant/aliasing_store"}
{"Time":"2026-10-03T22:47:34.56992-03:00","Action":"output","Package":"cmd/compile/internal/ssacompile","Test":"TestConditionalLoadConstant/aliasing_store","Output":"=== RUN   TestConditionalLoadConstant/aliasing_store\n","OutputType":"frame"}
{"Time":"2026-10-03T22:47:34.570005-03:00","Action":"output","Package":"cmd/compile/internal/ssacompile","Test":"TestConditionalLoadConstant/aliasing_store","Output":"--- PASS: TestConditionalLoadConstant/aliasing_store (0.00s)\n","OutputType":"frame"}
{"Time":"2026-10-03T22:47:34.57001-03:00","Action":"pass","Package":"cmd/compile/internal/ssacompile","Test":"TestConditionalLoadConstant/aliasing_store","Elapsed":0}
{"Time":"2026-10-03T22:47:34.570013-03:00","Action":"run","Package":"cmd/compile/internal/ssacompile","Test":"TestConditionalLoadConstant/partially_overlapping_store"}
{"Time":"2026-10-03T22:47:34.570016-03:00","Action":"output","Package":"cmd/compile/internal/ssacompile","Test":"TestConditionalLoadConstant/partially_overlapping_store","Output":"=== RUN   TestConditionalLoadConstant/partially_overlapping_store\n","OutputType":"frame"}
{"Time":"2026-10-03T22:47:34.570111-03:00","Action":"output","Package":"cmd/compile/internal/ssacompile","Test":"TestConditionalLoadConstant/partially_overlapping_store","Output":"--- PASS: TestConditionalLoadConstant/partially_overlapping_store (0.00s)\n","OutputType":"frame"}
{"Time":"2026-10-03T22:47:34.570116-03:00","Action":"pass","Package":"cmd/compile/internal/ssacompile","Test":"TestConditionalLoadConstant/partially_overlapping_store","Elapsed":0}
{"Time":"2026-10-03T22:47:34.570119-03:00","Action":"run","Package":"cmd/compile/internal/ssacompile","Test":"TestConditionalLoadConstant/overwritten_tag"}
{"Time":"2026-10-03T22:47:34.570122-03:00","Action":"output","Package":"cmd/compile/internal/ssacompile","Test":"TestConditionalLoadConstant/overwritten_tag","Output":"=== RUN   TestConditionalLoadConstant/overwritten_tag\n","OutputType":"frame"}
{"Time":"2026-10-03T22:47:34.570214-03:00","Action":"output","Package":"cmd/compile/internal/ssacompile","Test":"TestConditionalLoadConstant/overwritten_tag","Output":"--- PASS: TestConditionalLoadConstant/overwritten_tag (0.00s)\n","OutputType":"frame"}
{"Time":"2026-10-03T22:47:34.570219-03:00","Action":"pass","Package":"cmd/compile/internal/ssacompile","Test":"TestConditionalLoadConstant/overwritten_tag","Elapsed":0}
{"Time":"2026-10-03T22:47:34.570222-03:00","Action":"run","Package":"cmd/compile/internal/ssacompile","Test":"TestConditionalLoadConstant/unknown_memory"}
{"Time":"2026-10-03T22:47:34.570225-03:00","Action":"output","Package":"cmd/compile/internal/ssacompile","Test":"TestConditionalLoadConstant/unknown_memory","Output":"=== RUN   TestConditionalLoadConstant/unknown_memory\n","OutputType":"frame"}
{"Time":"2026-10-03T22:47:34.570307-03:00","Action":"output","Package":"cmd/compile/internal/ssacompile","Test":"TestConditionalLoadConstant/unknown_memory","Output":"--- PASS: TestConditionalLoadConstant/unknown_memory (0.00s)\n","OutputType":"frame"}
{"Time":"2026-10-03T22:47:34.570312-03:00","Action":"pass","Package":"cmd/compile/internal/ssacompile","Test":"TestConditionalLoadConstant/unknown_memory","Elapsed":0}
{"Time":"2026-10-03T22:47:34.570315-03:00","Action":"run","Package":"cmd/compile/internal/ssacompile","Test":"TestConditionalLoadConstant/partial_width_store"}
{"Time":"2026-10-03T22:47:34.570318-03:00","Action":"output","Package":"cmd/compile/internal/ssacompile","Test":"TestConditionalLoadConstant/partial_width_store","Output":"=== RUN   TestConditionalLoadConstant/partial_width_store\n","OutputType":"frame"}
{"Time":"2026-10-03T22:47:34.5704-03:00","Action":"output","Package":"cmd/compile/internal/ssacompile","Test":"TestConditionalLoadConstant/partial_width_store","Output":"--- PASS: TestConditionalLoadConstant/partial_width_store (0.00s)\n","OutputType":"frame"}
{"Time":"2026-10-03T22:47:34.570405-03:00","Action":"pass","Package":"cmd/compile/internal/ssacompile","Test":"TestConditionalLoadConstant/partial_width_store","Elapsed":0}
{"Time":"2026-10-03T22:47:34.570408-03:00","Action":"run","Package":"cmd/compile/internal/ssacompile","Test":"TestConditionalLoadConstant/call_after_store"}
{"Time":"2026-10-03T22:47:34.570411-03:00","Action":"output","Package":"cmd/compile/internal/ssacompile","Test":"TestConditionalLoadConstant/call_after_store","Output":"=== RUN   TestConditionalLoadConstant/call_after_store\n","OutputType":"frame"}
{"Time":"2026-10-03T22:47:34.570495-03:00","Action":"output","Package":"cmd/compile/internal/ssacompile","Test":"TestConditionalLoadConstant/call_after_store","Output":"--- PASS: TestConditionalLoadConstant/call_after_store (0.00s)\n","OutputType":"frame"}
{"Time":"2026-10-03T22:47:34.57051-03:00","Action":"pass","Package":"cmd/compile/internal/ssacompile","Test":"TestConditionalLoadConstant/call_after_store","Elapsed":0}
{"Time":"2026-10-03T22:47:34.570513-03:00","Action":"output","Package":"cmd/compile/internal/ssacompile","Test":"TestConditionalLoadConstant","Output":"--- PASS: TestConditionalLoadConstant (0.00s)\n","OutputType":"frame"}
{"Time":"2026-10-03T22:47:34.570515-03:00","Action":"pass","Package":"cmd/compile/internal/ssacompile","Test":"TestConditionalLoadConstant","Elapsed":0}
{"Time":"2026-10-03T22:47:34.570518-03:00","Action":"run","Package":"cmd/compile/internal/ssacompile","Test":"TestProveConditionalLoad"}
{"Time":"2026-10-03T22:47:34.57052-03:00","Action":"output","Package":"cmd/compile/internal/ssacompile","Test":"TestProveConditionalLoad","Output":"=== RUN   TestProveConditionalLoad\n","OutputType":"frame"}
{"Time":"2026-10-03T22:47:34.570631-03:00","Action":"output","Package":"cmd/compile/internal/ssacompile","Test":"TestProveConditionalLoad","Output":"--- PASS: TestProveConditionalLoad (0.00s)\n","OutputType":"frame"}
{"Time":"2026-10-03T22:47:34.570635-03:00","Action":"pass","Package":"cmd/compile/internal/ssacompile","Test":"TestProveConditionalLoad","Elapsed":0}
{"Time":"2026-10-03T22:47:34.570638-03:00","Action":"run","Package":"cmd/compile/internal/ssacompile","Test":"TestConditionalLoadConstantLoop"}
{"Time":"2026-10-03T22:47:34.570641-03:00","Action":"output","Package":"cmd/compile/internal/ssacompile","Test":"TestConditionalLoadConstantLoop","Output":"=== RUN   TestConditionalLoadConstantLoop\n","OutputType":"frame"}
{"Time":"2026-10-03T22:47:34.570741-03:00","Action":"output","Package":"cmd/compile/internal/ssacompile","Test":"TestConditionalLoadConstantLoop","Output":"--- PASS: TestConditionalLoadConstantLoop (0.00s)\n","OutputType":"frame"}
{"Time":"2026-10-03T22:47:34.570745-03:00","Action":"pass","Package":"cmd/compile/internal/ssacompile","Test":"TestConditionalLoadConstantLoop","Elapsed":0}
{"Time":"2026-10-03T22:47:34.570748-03:00","Action":"run","Package":"cmd/compile/internal/ssacompile","Test":"TestPhioptIntegerNestedBranches"}
{"Time":"2026-10-03T22:47:34.570751-03:00","Action":"output","Package":"cmd/compile/internal/ssacompile","Test":"TestPhioptIntegerNestedBranches","Output":"=== RUN   TestPhioptIntegerNestedBranches\n","OutputType":"frame"}
{"Time":"2026-10-03T22:47:34.570759-03:00","Action":"run","Package":"cmd/compile/internal/ssacompile","Test":"TestPhioptIntegerNestedBranches/amd64"}
{"Time":"2026-10-03T22:47:34.570761-03:00","Action":"output","Package":"cmd/compile/internal/ssacompile","Test":"TestPhioptIntegerNestedBranches/amd64","Output":"=== RUN   TestPhioptIntegerNestedBranches/amd64\n","OutputType":"frame"}
{"Time":"2026-10-03T22:47:34.570855-03:00","Action":"run","Package":"cmd/compile/internal/ssacompile","Test":"TestPhioptIntegerNestedBranches/amd64/int8/nested/true=0/compare=0/equal=false"}
{"Time":"2026-10-03T22:47:34.57086-03:00","Action":"output","Package":"cmd/compile/internal/ssacompile","Test":"TestPhioptIntegerNestedBranches/amd64/int8/nested/true=0/compare=0/equal=false","Output":"=== RUN   TestPhioptIntegerNestedBranches/amd64/int8/nested/true=0/compare=0/equal=false\n","OutputType":"frame"}
{"Time":"2026-10-03T22:47:34.570978-03:00","Action":"output","Package":"cmd/compile/internal/ssacompile","Test":"TestPhioptIntegerNestedBranches/amd64/int8/nested/true=0/compare=0/equal=false","Output":"--- PASS: TestPhioptIntegerNestedBranches/amd64/int8/nested/true=0/compare=0/equal=false (0.00s)\n","OutputType":"frame"}
{"Time":"2026-10-03T22:47:34.571038-03:00","Action":"pass","Package":"cmd/compile/internal/ssacompile","Test":"TestPhioptIntegerNestedBranches/amd64/int8/nested/true=0/compare=0/equal=false","Elapsed":0}
{"Time":"2026-10-03T22:47:34.571055-03:00","Action":"run","Package":"cmd/compile/internal/ssacompile","Test":"TestPhioptIntegerNestedBranches/amd64/int8/nested/true=0/compare=0/equal=true"}
{"Time":"2026-10-03T22:47:34.571073-03:00","Action":"output","Package":"cmd/compile/internal/ssacompile","Test":"TestPhioptIntegerNestedBranches/amd64/int8/nested/true=0/compare=0/equal=true","Output":"=== RUN   TestPhioptIntegerNestedBranches/amd64/int8/nested/true=0/compare=0/equal=true\n","OutputType":"frame"}
{"Time":"2026-10-03T22:47:34.571175-03:00","Action":"output","Package":"cmd/compile/internal/ssacompile","Test":"TestPhioptIntegerNestedBranches/amd64/int8/nested/true=0/compare=0/equal=true","Output":"--- PASS: TestPhioptIntegerNestedBranches/amd64/int8/nested/true=0/compare=0/equal=true (0.00s)\n","OutputType":"frame"}
{"Time":"2026-10-03T22:47:34.57119-03:00","Action":"pass","Package":"cmd/compile/internal/ssacompile","Test":"TestPhioptIntegerNestedBranches/amd64/int8/nested/true=0/compare=0/equal=true","Elapsed":0}
{"Time":"2026-10-03T22:47:34.571195-03:00","Action":"run","Package":"cmd/compile/internal/ssacompile","Test":"TestPhioptIntegerNestedBranches/amd64/int8/nested/true=0/compare=1/equal=false"}
{"Time":"2026-10-03T22:47:34.571198-03:00","Action":"output","Package":"cmd/compile/internal/ssacompile","Test":"TestPhioptIntegerNestedBranches/amd64/int8/nested/true=0/compare=1/equal=false","Output":"=== RUN   TestPhioptIntegerNestedBranches/amd64/int8/nested/true=0/compare=1/equal=false\n","OutputType":"frame"}
{"Time":"2026-10-03T22:47:34.571202-03:00","Action":"output","Package":"cmd/compile/internal/ssacompile","Test":"TestPhioptIntegerNestedBranches/amd64/int8/nested/true=0/compare=1/equal=false","Output":"--- PASS: TestPhioptIntegerNestedBranches/amd64/int8/nested/true=0/compare=1/equal=false (0.00s)\n","OutputType":"frame"}
{"Time":"2026-10-03T22:47:34.571206-03:00","Action":"pass","Package":"cmd/compile/internal/ssacompile","Test":"TestPhioptIntegerNestedBranches/amd64/int8/nested/true=0/compare=1/equal=false","Elapsed":0}
{"Time":"2026-10-03T22:47:34.571209-03:00","Action":"run","Package":"cmd/compile/internal/ssacompile","Test":"TestPhioptIntegerNestedBranches/amd64/int8/nested/true=0/compare=1/equal=true"}
{"Time":"2026-10-03T22:47:34.571211-03:00","Action":"output","Package":"cmd/compile/internal/ssacompile","Test":"TestPhioptIntegerNestedBranches/amd64/int8/nested/true=0/compare=1/equal=true","Output":"=== RUN   TestPhioptIntegerNestedBranches/amd64/int8/nested/true=0/compare=1/equal=true\n","OutputType":"frame"}
{"Time":"2026-10-03T22:47:34.571215-03:00","Action":"output","Package":"cmd/compile/internal/ssacompile","Test":"TestPhioptIntegerNestedBranches/amd64/int8/nested/true=0/compare=1/equal=true","Output":"--- PASS: TestPhioptIntegerNestedBranches/amd64/int8/nested/true=0/compare=1/equal=true (0.00s)\n","OutputType":"frame"}
{"Time":"2026-10-03T22:47:34.571218-03:00","Action":"pass","Package":"cmd/compile/internal/ssacompile","Test":"TestPhioptIntegerNestedBranches/amd64/int8/nested/true=0/compare=1/equal=true","Elapsed":0}
{"Time":"2026-10-03T22:47:34.571221-03:00","Action":"run","Package":"cmd/compile/internal/ssacompile","Test":"TestPhioptIntegerNestedBranches/amd64/int8/nested/true=1/compare=0/equal=false"}
{"Time":"2026-10-03T22:47:34.571223-03:00","Action":"output","Package":"cmd/compile/internal/ssacompile","Test":"TestPhioptIntegerNestedBranches/amd64/int8/nested/true=1/compare=0/equal=false","Output":"=== RUN   TestPhioptIntegerNestedBranches/amd64/int8/nested/true=1/compare=0/equal=false\n","OutputType":"frame"}
{"Time":"2026-10-03T22:47:34.571227-03:00","Action":"output","Package":"cmd/compile/internal/ssacompile","Test":"TestPhioptIntegerNestedBranches/amd64/int8/nested/true=1/compare=0/equal=false","Output":"--- PASS: TestPhioptIntegerNestedBranches/amd64/int8/nested/true=1/compare=0/equal=false (0.00s)\n","OutputType":"frame"}
{"Time":"2026-10-03T22:47:34.571229-03:00","Action":"pass","Package":"cmd/compile/internal/ssacompile","Test":"TestPhioptIntegerNestedBranches/amd64/int8/nested/true=1/compare=0/equal=false","Elapsed":0}
{"Time":"2026-10-03T22:47:34.571232-03:00","Action":"run","Package":"cmd/compile/internal/ssacompile","Test":"TestPhioptIntegerNestedBranches/amd64/int8/nested/true=1/compare=0/equal=true"}
{"Time":"2026-10-03T22:47:34.571234-03:00","Action":"output","Package":"cmd/compile/internal/ssacompile","Test":"TestPhioptIntegerNestedBranches/amd64/int8/nested/true=1/compare=0/equal=true","Output":"=== RUN   TestPhioptIntegerNestedBranches/amd64/int8/nested/true=1/compare=0/equal=true\n","OutputType":"frame"}
{"Time":"2026-10-03T22:47:34.571238-03:00","Action":"output","Package":"cmd/compile/internal/ssacompile","Test":"TestPhioptIntegerNestedBranches/amd64/int8/nested/true=1/compare=0/equal=true","Output":"--- PASS: TestPhioptIntegerNestedBranches/amd64/int8/nested/true=1/compare=0/equal=true (0.00s)\n","OutputType":"frame"}
{"Time":"2026-10-03T22:47:34.571241-03:00","Action":"pass","Package":"cmd/compile/internal/ssacompile","Test":"TestPhioptIntegerNestedBranches/amd64/int8/nested/true=1/compare=0/equal=true","Elapsed":0}
{"Time":"2026-10-03T22:47:34.571243-03:00","Action":"run","Package":"cmd/compile/internal/ssacompile","Test":"TestPhioptIntegerNestedBranches/amd64/int8/nested/true=1/compare=1/equal=false"}
{"Time":"2026-10-03T22:47:34.571246-03:00","Action":"output","Package":"cmd/compile/internal/ssacompile","Test":"TestPhioptIntegerNestedBranches/amd64/int8/nested/true=1/compare=1/equal=false","Output":"=== RUN   TestPhioptIntegerNestedBranches/amd64/int8/nested/true=1/compare=1/equal=false\n","OutputType":"frame"}
{"Time":"2026-10-03T22:47:34.57125-03:00","Action":"output","Package":"cmd/compile/internal/ssacompile","Test":"TestPhioptIntegerNestedBranches/amd64/int8/nested/true=1/compare=1/equal=false","Output":"--- PASS: TestPhioptIntegerNestedBranches/amd64/int8/nested/true=1/compare=1/equal=false (0.00s)\n","OutputType":"frame"}
{"Time":"2026-10-03T22:47:34.571254-03:00","Action":"pass","Package":"cmd/compile/internal/ssacompile","Test":"TestPhioptIntegerNestedBranches/amd64/int8/nested/true=1/compare=1/equal=false","Elapsed":0}
{"Time":"2026-10-03T22:47:34.571256-03:00","Action":"run","Package":"cmd/compile/internal/ssacompile","Test":"TestPhioptIntegerNestedBranches/amd64/int8/nested/true=1/compare=1/equal=true"}
{"Time":"2026-10-03T22:47:34.571258-03:00","Action":"output","Package":"cmd/compile/internal/ssacompile","Test":"TestPhioptIntegerNestedBranches/amd64/int8/nested/true=1/compare=1/equal=true","Output":"=== RUN   TestPhioptIntegerNestedBranches/amd64/int8/nested/true=1/compare=1/equal=true\n","OutputType":"frame"}
{"Time":"2026-10-03T22:47:34.571262-03:00","Action":"output","Package":"cmd/compile/internal/ssacompile","Test":"TestPhioptIntegerNestedBranches/amd64/int8/nested/true=1/compare=1/equal=true","Output":"--- PASS: TestPhioptIntegerNestedBranches/amd64/int8/nested/true=1/compare=1/equal=true (0.00s)\n","OutputType":"frame"}
{"Time":"2026-10-03T22:47:34.571265-03:00","Action":"pass","Package":"cmd/compile/internal/ssacompile","Test":"TestPhioptIntegerNestedBranches/amd64/int8/nested/true=1/compare=1/equal=true","Elapsed":0}
{"Time":"2026-10-03T22:47:34.571267-03:00","Action":"run","Package":"cmd/compile/internal/ssacompile","Test":"TestPhioptIntegerNestedBranches/amd64/int8/direct-true/true=0/compare=0/equal=false"}
{"Time":"2026-10-03T22:47:34.571272-03:00","Action":"output","Package":"cmd/compile/internal/ssacompile","Test":"TestPhioptIntegerNestedBranches/amd64/int8/direct-true/true=0/compare=0/equal=false","Output":"=== RUN   TestPhioptIntegerNestedBranches/amd64/int8/direct-true/true=0/compare=0/equal=false\n","OutputType":"frame"}
{"Time":"2026-10-03T22:47:34.571277-03:00","Action":"output","Package":"cmd/compile/internal/ssacompile","Test":"TestPhioptIntegerNestedBranches/amd64/int8/direct-true/true=0/compare=0/equal=false","Output":"--- PASS: TestPhioptIntegerNestedBranches/amd64/int8/direct-true/true=0/compare=0/equal=false (0.00s)\n","OutputType":"frame"}
{"Time":"2026-10-03T22:47:34.57128-03:00","Action":"pass","Package":"cmd/compile/internal/ssacompile","Test":"TestPhioptIntegerNestedBranches/amd64/int8/direct-true/true=0/compare=0/equal=false","Elapsed":0}
{"Time":"2026-10-03T22:47:34.571284-03:00","Action":"run","Package":"cmd/compile/internal/ssacompile","Test":"TestPhioptIntegerNestedBranches/amd64/int8/direct-true/true=0/compare=0/equal=true"}
{"Time":"2026-10-03T22:47:34.571287-03:00","Action":"output","Package":"cmd/compile/internal/ssacompile","Test":"TestPhioptIntegerNestedBranches/amd64/int8/direct-true/true=0/compare=0/equal=true","Output":"=== RUN   TestPhioptIntegerNestedBranches/amd64/int8/direct-true/true=0/compare=0/equal=true\n","OutputType":"frame"}
{"Time":"2026-10-03T22:47:34.571304-03:00","Action":"output","Package":"cmd/compile/internal/ssacompile","Test":"TestPhioptIntegerNestedBranches/amd64/int8/direct-true/true=0/compare=0/equal=true","Output":"--- PASS: TestPhioptIntegerNestedBranches/amd64/int8/direct-true/true=0/compare=0/equal=true (0.00s)\n","OutputType":"frame"}
{"Time":"2026-10-03T22:47:34.571309-03:00","Action":"pass","Package":"cmd/compile/internal/ssacompile","Test":"TestPhioptIntegerNestedBranches/amd64/int8/direct-true/true=0/compare=0/equal=true","Elapsed":0}
{"Time":"2026-10-03T22:47:34.571313-03:00","Action":"run","Package":"cmd/compile/internal/ssacompile","Test":"TestPhioptIntegerNestedBranches/amd64/int8/direct-true/true=0/compare=1/equal=false"}
{"Time":"2026-10-03T22:47:34.571316-03:00","Action":"output","Package":"cmd/compile/internal/ssacompile","Test":"TestPhioptIntegerNestedBranches/amd64/int8/direct-true/true=0/compare=1/equal=false","Output":"=== RUN   TestPhioptIntegerNestedBranches/amd64/int8/direct-true/true=0/compare=1/equal=false\n","OutputType":"frame"}
{"Time":"2026-10-03T22:47:34.57132-03:00","Action":"output","Package":"cmd/compile/internal/ssacompile","Test":"TestPhioptIntegerNestedBranches/amd64/int8/direct-true/true=0/compare=1/equal=false","Output":"--- PASS: TestPhioptIntegerNestedBranches/amd64/int8/direct-true/true=0/compare=1/equal=false (0.00s)\n","OutputType":"frame"}
{"Time":"2026-10-03T22:47:34.571324-03:00","Action":"pass","Package":"cmd/compile/internal/ssacompile","Test":"TestPhioptIntegerNestedBranches/amd64/int8/direct-true/true=0/compare=1/equal=false","Elapsed":0}
{"Time":"2026-10-03T22:47:34.571326-03:00","Action":"run","Package":"cmd/compile/internal/ssacompile","Test":"TestPhioptIntegerNestedBranches/amd64/int8/direct-true/true=0/compare=1/equal=true"}
{"Time":"2026-10-03T22:47:34.571329-03:00","Action":"output","Package":"cmd/compile/internal/ssacompile","Test":"TestPhioptIntegerNestedBranches/amd64/int8/direct-true/true=0/compare=1/equal=true","Output":"=== RUN   TestPhioptIntegerNestedBranches/amd64/int8/direct-true/true=0/compare=1/equal=true\n","OutputType":"frame"}
{"Time":"2026-10-03T22:47:34.571336-03:00","Action":"output","Package":"cmd/compile/internal/ssacompile","Test":"TestPhioptIntegerNestedBranches/amd64/int8/direct-true/true=0/compare=1/equal=true","Output":"--- PASS: TestPhioptIntegerNestedBranches/amd64/int8/direct-true/true=0/compare=1/equal=true (0.00s)\n","OutputType":"frame"}
{"Time":"2026-10-03T22:47:34.571345-03:00","Action":"pass","Package":"cmd/compile/internal/ssacompile","Test":"TestPhioptIntegerNestedBranches/amd64/int8/direct-true/true=0/compare=1/equal=true","Elapsed":0}
{"Time":"2026-10-03T22:47:34.571349-03:00","Action":"run","Package":"cmd/compile/internal/ssacompile","Test":"TestPhioptIntegerNestedBranches/amd64/int8/direct-true/true=1/compare=0/equal=false"}
{"Time":"2026-10-03T22:47:34.571352-03:00","Action":"output","Package":"cmd/compile/internal/ssacompile","Test":"TestPhioptIntegerNestedBranches/amd64/int8/direct-true/true=1/compare=0/equal=false","Output":"=== RUN   TestPhioptIntegerNestedBranches/amd64/int8/direct-true/true=1/compare=0/equal=false\n","OutputType":"frame"}
{"Time":"2026-10-03T22:47:34.571356-03:00","Action":"output","Package":"cmd/compile/internal/ssacompile","Test":"TestPhioptIntegerNestedBranches/amd64/int8/direct-true/true=1/compare=0/equal=false","Output":"--- PASS: TestPhioptIntegerNestedBranches/amd64/int8/direct-true/true=1/compare=0/equal=false (0.00s)\n","OutputType":"frame"}
{"Time":"2026-10-03T22:47:34.57136-03:00","Action":"pass","Package":"cmd/compile/internal/ssacompile","Test":"TestPhioptIntegerNestedBranches/amd64/int8/direct-true/true=1/compare=0/equal=false","Elapsed":0}
{"Time":"2026-10-03T22:47:34.571363-03:00","Action":"run","Package":"cmd/compile/internal/ssacompile","Test":"TestPhioptIntegerNestedBranches/amd64/int8/direct-true/true=1/compare=0/equal=true"}
{"Time":"2026-10-03T22:47:34.571365-03:00","Action":"output","Package":"cmd/compile/internal/ssacompile","Test":"TestPhioptIntegerNestedBranches/amd64/int8/direct-true/true=1/compare=0/equal=true","Output":"=== RUN   TestPhioptIntegerNestedBranches/amd64/int8/direct-true/true=1/compare=0/equal=true\n","OutputType":"frame"}
{"Time":"2026-10-03T22:47:34.571369-03:00","Action":"output","Package":"cmd/compile/internal/ssacompile","Test":"TestPhioptIntegerNestedBranches/amd64/int8/direct-true/true=1/compare=0/equal=true","Output":"--- PASS: TestPhioptIntegerNestedBranches/amd64/int8/direct-true/true=1/compare=0/equal=true (0.00s)\n","OutputType":"frame"}
{"Time":"2026-10-03T22:47:34.571374-03:00","Action":"pass","Package":"cmd/compile/internal/ssacompile","Test":"TestPhioptIntegerNestedBranches/amd64/int8/direct-true/true=1/compare=0/equal=true","Elapsed":0}
{"Time":"2026-10-03T22:47:34.571377-03:00","Action":"run","Package":"cmd/compile/internal/ssacompile","Test":"TestPhioptIntegerNestedBranches/amd64/int8/direct-true/true=1/compare=1/equal=false"}
{"Time":"2026-10-03T22:47:34.57138-03:00","Action":"output","Package":"cmd/compile/internal/ssacompile","Test":"TestPhioptIntegerNestedBranches/amd64/int8/direct-true/true=1/compare=1/equal=false","Output":"=== RUN   TestPhioptIntegerNestedBranches/amd64/int8/direct-true/true=1/compare=1/equal=false\n","OutputType":"frame"}
{"Time":"2026-10-03T22:47:34.571397-03:00","Action":"output","Package":"cmd/compile/internal/ssacompile","Test":"TestPhioptIntegerNestedBranches/amd64/int8/direct-true/true=1/compare=1/equal=false","Output":"--- PASS: TestPhioptIntegerNestedBranches/amd64/int8/direct-true/true=1/compare=1/equal=false (0.00s)\n","OutputType":"frame"}
{"Time":"2026-10-03T22:47:34.5714-03:00","Action":"pass","Package":"cmd/compile/internal/ssacompile","Test":"TestPhioptIntegerNestedBranches/amd64/int8/direct-true/true=1/compare=1/equal=false","Elapsed":0}
{"Time":"2026-10-03T22:47:34.571403-03:00","Action":"run","Package":"cmd/compile/internal/ssacompile","Test":"TestPhioptIntegerNestedBranches/amd64/int8/direct-true/true=1/compare=1/equal=true"}
{"Time":"2026-10-03T22:47:34.571405-03:00","Action":"output","Package":"cmd/compile/internal/ssacompile","Test":"TestPhioptIntegerNestedBranches/amd64/int8/direct-true/true=1/compare=1/equal=true","Output":"=== RUN   TestPhioptIntegerNestedBranches/amd64/int8/direct-true/true=1/compare=1/equal=true\n","OutputType":"frame"}
{"Time":"2026-10-03T22:47:34.571515-03:00","Action":"output","Package":"cmd/compile/internal/ssacompile","Test":"TestPhioptIntegerNestedBranches/amd64/int8/direct-true/true=1/compare=1/equal=true","Output":"--- PASS: TestPhioptIntegerNestedBranches/amd64/int8/direct-true/true=1/compare=1/equal=true (0.00s)\n","OutputType":"frame"}
{"Time":"2026-10-03T22:47:34.571539-03:00","Action":"pass","Package":"cmd/compile/internal/ssacompile","Test":"TestPhioptIntegerNestedBranches/amd64/int8/direct-true/true=1/compare=1/equal=true","Elapsed":0}
{"Time":"2026-10-03T22:47:34.571547-03:00","Action":"run","Package":"cmd/compile/internal/ssacompile","Test":"TestPhioptIntegerNestedBranches/amd64/int8/direct-false/true=0/compare=0/equal=false"}
{"Time":"2026-10-03T22:47:34.57155-03:00","Action":"output","Package":"cmd/compile/internal/ssacompile","Test":"TestPhioptIntegerNestedBranches/amd64/int8/direct-false/true=0/compare=0/equal=false","Output":"=== RUN   TestPhioptIntegerNestedBranches/amd64/int8/direct-false/true=0/compare=0/equal=false\n","OutputType":"frame"}
{"Time":"2026-10-03T22:47:34.571593-03:00","Action":"output","Package":"cmd/compile/internal/ssacompile","Test":"TestPhioptIntegerNestedBranches/amd64/int8/direct-false/true=0/compare=0/equal=false","Output":"--- PASS: TestPhioptIntegerNestedBranches/amd64/int8/direct-false/true=0/compare=0/equal=false (0.00s)\n","OutputType":"frame"}
{"Time":"2026-10-03T22:47:34.571617-03:00","Action":"pass","Package":"cmd/compile/internal/ssacompile","Test":"TestPhioptIntegerNestedBranches/amd64/int8/direct-false/true=0/compare=0/equal=false","Elapsed":0}
{"Time":"2026-10-03T22:47:34.571622-03:00","Action":"run","Package":"cmd/compile/internal/ssacompile","Test":"TestPhioptIntegerNestedBranches/amd64/int8/direct-false/true=0/compare=0/equal=true"}
{"Time":"2026-10-03T22:47:34.571624-03:00","Action":"output","Package":"cmd/compile/internal/ssacompile","Test":"TestPhioptIntegerNestedBranches/amd64/int8/direct-false/true=0/compare=0/equal=true","Output":"=== RUN   TestPhioptIntegerNestedBranches/amd64/int8/direct-false/true=0/compare=0/equal=true\n","OutputType":"frame"}
{"Time":"2026-10-03T22:47:34.571636-03:00","Action":"output","Package":"cmd/compile/internal/ssacompile","Test":"TestPhioptIntegerNestedBranches/amd64/int8/direct-false/true=0/compare=0/equal=true","Output":"--- PASS: TestPhioptIntegerNestedBranches/amd64/int8/direct-false/true=0/compare=0/equal=true (0.00s)\n","OutputType":"frame"}
{"Time":"2026-10-03T22:47:34.571639-03:00","Action":"pass","Package":"cmd/compile/internal/ssacompile","Test":"TestPhioptIntegerNestedBranches/amd64/int8/direct-false/true=0/compare=0/equal=true","Elapsed":0}
{"Time":"2026-10-03T22:47:34.571643-03:00","Action":"run","Package":"cmd/compile/internal/ssacompile","Test":"TestPhioptIntegerNestedBranches/amd64/int8/direct-false/true=0/compare=1/equal=false"}
{"Time":"2026-10-03T22:47:34.571645-03:00","Action":"output","Package":"cmd/compile/internal/ssacompile","Test":"TestPhioptIntegerNestedBranches/amd64/int8/direct-false/true=0/compare=1/equal=false","Output":"=== RUN   TestPhioptIntegerNestedBranches/amd64/int8/direct-false/true=0/compare=1/equal=false\n","OutputType":"frame"}
{"Time":"2026-10-03T22:47:34.571648-03:00","Action":"output","Package":"cmd/compile/internal/ssacompile","Test":"TestPhioptIntegerNestedBranches/amd64/int8/direct-false/true=0/compare=1/equal=false","Output":"--- PASS: TestPhioptIntegerNestedBranches/amd64/int8/direct-false/true=0/compare=1/equal=false (0.00s)\n","OutputType":"frame"}
{"Time":"2026-10-03T22:47:34.571651-03:00","Action":"pass","Package":"cmd/compile/internal/ssacompile","Test":"TestPhioptIntegerNestedBranches/amd64/int8/direct-false/true=0/compare=1/equal=false","Elapsed":0}
{"Time":"2026-10-03T22:47:34.571654-03:00","Action":"run","Package":"cmd/compile/internal/ssacompile","Test":"TestPhioptIntegerNestedBranches/amd64/int8/direct-false/true=0/compare=1/equal=true"}
{"Time":"2026-10-03T22:47:34.571656-03:00","Action":"output","Package":"cmd/compile/internal/ssacompile","Test":"TestPhioptIntegerNestedBranches/amd64/int8/direct-false/true=0/compare=1/equal=true","Output":"=== RUN   TestPhioptIntegerNestedBranches/amd64/int8/direct-false/true=0/compare=1/equal=true\n","OutputType":"frame"}
{"Time":"2026-10-03T22:47:34.57166-03:00","Action":"output","Package":"cmd/compile/internal/ssacompile","Test":"TestPhioptIntegerNestedBranches/amd64/int8/direct-false/true=0/compare=1/equal=true","Output":"--- PASS: TestPhioptIntegerNestedBranches/amd64/int8/direct-false/true=0/compare=1/equal=true (0.00s)\n","OutputType":"frame"}
{"Time":"2026-10-03T22:47:34.571663-03:00","Action":"pass","Package":"cmd/compile/internal/ssacompile","Test":"TestPhioptIntegerNestedBranches/amd64/int8/direct-false/true=0/compare=1/equal=true","Elapsed":0}
{"Time":"2026-10-03T22:47:34.571665-03:00","Action":"run","Package":"cmd/compile/internal/ssacompile","Test":"TestPhioptIntegerNestedBranches/amd64/int8/direct-false/true=1/compare=0/equal=false"}
{"Time":"2026-10-03T22:47:34.571668-03:00","Action":"output","Package":"cmd/compile/internal/ssacompile","Test":"TestPhioptIntegerNestedBranches/amd64/int8/direct-false/true=1/compare=0/equal=false","Output":"=== RUN   TestPhioptIntegerNestedBranches/amd64/int8/direct-false/true=1/compare=0/equal=false\n","OutputType":"frame"}
{"Time":"2026-10-03T22:47:34.571675-03:00","Action":"output","Package":"cmd/compile/internal/ssacompile","Test":"TestPhioptIntegerNestedBranches/amd64/int8/direct-false/true=1/compare=0/equal=false","Output":"--- PASS: TestPhioptIntegerNestedBranches/amd64/int8/direct-false/true=1/compare=0/equal=false (0.00s)\n","OutputType":"frame"}
{"Time":"2026-10-03T22:47:34.571678-03:00","Action":"pass","Package":"cmd/compile/internal/ssacompile","Test":"TestPhioptIntegerNestedBranches/amd64/int8/direct-false/true=1/compare=0/equal=false","Elapsed":0}
{"Time":"2026-10-03T22:47:34.571681-03:00","Action":"run","Package":"cmd/compile/internal/ssacompile","Test":"TestPhioptIntegerNestedBranches/amd64/int8/direct-false/true=1/compare=0/equal=true"}
{"Time":"2026-10-03T22:47:34.571683-03:00","Action":"output","Package":"cmd/compile/internal/ssacompile","Test":"TestPhioptIntegerNestedBranches/amd64/int8/direct-false/true=1/compare=0/equal=true","Output":"=== RUN   TestPhioptIntegerNestedBranches/amd64/int8/direct-false/true=1/compare=0/equal=true\n","OutputType":"frame"}
{"Time":"2026-10-03T22:47:34.571686-03:00","Action":"output","Package":"cmd/compile/internal/ssacompile","Test":"TestPhioptIntegerNestedBranches/amd64/int8/direct-false/true=1/compare=0/equal=true","Output":"--- PASS: TestPhioptIntegerNestedBranches/amd64/int8/direct-false/true=1/compare=0/equal=true (0.00s)\n","OutputType":"frame"}
{"Time":"2026-10-03T22:47:34.571689-03:00","Action":"pass","Package":"cmd/compile/internal/ssacompile","Test":"TestPhioptIntegerNestedBranches/amd64/int8/direct-false/true=1/compare=0/equal=true","Elapsed":0}
{"Time":"2026-10-03T22:47:34.571692-03:00","Action":"run","Package":"cmd/compile/internal/ssacompile","Test":"TestPhioptIntegerNestedBranches/amd64/int8/direct-false/true=1/compare=1/equal=false"}
{"Time":"2026-10-03T22:47:34.571694-03:00","Action":"output","Package":"cmd/compile/internal/ssacompile","Test":"TestPhioptIntegerNestedBranches/amd64/int8/direct-false/true=1/compare=1/equal=false","Output":"=== RUN   TestPhioptIntegerNestedBranches/amd64/int8/direct-false/true=1/compare=1/equal=false\n","OutputType":"frame"}
{"Time":"2026-10-03T22:47:34.571697-03:00","Action":"output","Package":"cmd/compile/internal/ssacompile","Test":"TestPhioptIntegerNestedBranches/amd64/int8/direct-false/true=1/compare=1/equal=false","Output":"--- PASS: TestPhioptIntegerNestedBranches/amd64/int8/direct-false/true=1/compare=1/equal=false (0.00s)\n","OutputType":"frame"}
{"Time":"2026-10-03T22:47:34.571701-03:00","Action":"pass","Package":"cmd/compile/internal/ssacompile","Test":"TestPhioptIntegerNestedBranches/amd64/int8/direct-false/true=1/compare=1/equal=false","Elapsed":0}
{"Time":"2026-10-03T22:47:34.571704-03:00","Action":"run","Package":"cmd/compile/internal/ssacompile","Test":"TestPhioptIntegerNestedBranches/amd64/int8/direct-false/true=1/compare=1/equal=true"}
{"Time":"2026-10-03T22:47:34.571706-03:00","Action":"output","Package":"cmd/compile/internal/ssacompile","Test":"TestPhioptIntegerNestedBranches/amd64/int8/direct-false/true=1/compare=1/equal=true","Output":"=== RUN   TestPhioptIntegerNestedBranches/amd64/int8/direct-false/true=1/compare=1/equal=true\n","OutputType":"frame"}
{"Time":"2026-10-03T22:47:34.571714-03:00","Action":"output","Package":"cmd/compile/internal/ssacompile","Test":"TestPhioptIntegerNestedBranches/amd64/int8/direct-false/true=1/compare=1/equal=true","Output":"--- PASS: TestPhioptIntegerNestedBranches/amd64/int8/direct-false/true=1/compare=1/equal=true (0.00s)\n","OutputType":"frame"}
{"Time":"2026-10-03T22:47:34.571718-03:00","Action":"pass","Package":"cmd/compile/internal/ssacompile","Test":"TestPhioptIntegerNestedBranches/amd64/int8/direct-false/true=1/compare=1/equal=true","Elapsed":0}
{"Time":"2026-10-03T22:47:34.571721-03:00","Action":"run","Package":"cmd/compile/internal/ssacompile","Test":"TestPhioptIntegerNestedBranches/amd64/uint16/nested/true=0/compare=0/equal=false"}
{"Time":"2026-10-03T22:47:34.571723-03:00","Action":"output","Package":"cmd/compile/internal/ssacompile","Test":"TestPhioptIntegerNestedBranches/amd64/uint16/nested/true=0/compare=0/equal=false","Output":"=== RUN   TestPhioptIntegerNestedBranches/amd64/uint16/nested/true=0/compare=0/equal=false\n","OutputType":"frame"}
{"Time":"2026-10-03T22:47:34.571745-03:00","Action":"output","Package":"cmd/compile/internal/ssacompile","Test":"TestPhioptIntegerNestedBranches/amd64/uint16/nested/true=0/compare=0/equal=false","Output":"--- PASS: TestPhioptIntegerNestedBranches/amd64/uint16/nested/true=0/compare=0/equal=false (0.00s)\n","OutputType":"frame"}
{"Time":"2026-10-03T22:47:34.571749-03:00","Action":"pass","Package":"cmd/compile/internal/ssacompile","Test":"TestPhioptIntegerNestedBranches/amd64/uint16/nested/true=0/compare=0/equal=false","Elapsed":0}
{"Time":"2026-10-03T22:47:34.571751-03:00","Action":"run","Package":"cmd/compile/internal/ssacompile","Test":"TestPhioptIntegerNestedBranches/amd64/uint16/nested/true=0/compare=0/equal=true"}
{"Time":"2026-10-03T22:47:34.571754-03:00","Action":"output","Package":"cmd/compile/internal/ssacompile","Test":"TestPhioptIntegerNestedBranches/amd64/uint16/nested/true=0/compare=0/equal=true","Output":"=== RUN   TestPhioptIntegerNestedBranches/amd64/uint16/nested/true=0/compare=0/equal=true\n","OutputType":"frame"}
{"Time":"2026-10-03T22:47:34.571758-03:00","Action":"output","Package":"cmd/compile/internal/ssacompile","Test":"TestPhioptIntegerNestedBranches/amd64/uint16/nested/true=0/compare=0/equal=true","Output":"--- PASS: TestPhioptIntegerNestedBranches/amd64/uint16/nested/true=0/compare=0/equal=true (0.00s)\n","OutputType":"frame"}
{"Time":"2026-10-03T22:47:34.57176-03:00","Action":"pass","Package":"cmd/compile/internal/ssacompile","Test":"TestPhioptIntegerNestedBranches/amd64/uint16/nested/true=0/compare=0/equal=true","Elapsed":0}
{"Time":"2026-10-03T22:47:34.571763-03:00","Action":"run","Package":"cmd/compile/internal/ssacompile","Test":"TestPhioptIntegerNestedBranches/amd64/uint16/nested/true=0/compare=1/equal=false"}
{"Time":"2026-10-03T22:47:34.571767-03:00","Action":"output","Package":"cmd/compile/internal/ssacompile","Test":"TestPhioptIntegerNestedBranches/amd64/uint16/nested/true=0/compare=1/equal=false","Output":"=== RUN   TestPhioptIntegerNestedBranches/amd64/uint16/nested/true=0/compare=1/equal=false\n","OutputType":"frame"}
{"Time":"2026-10-03T22:47:34.57177-03:00","Action":"output","Package":"cmd/compile/internal/ssacompile","Test":"TestPhioptIntegerNestedBranches/amd64/uint16/nested/true=0/compare=1/equal=false","Output":"--- PASS: TestPhioptIntegerNestedBranches/amd64/uint16/nested/true=0/compare=1/equal=false (0.00s)\n","OutputType":"frame"}
{"Time":"2026-10-03T22:47:34.571773-03:00","Action":"pass","Package":"cmd/compile/internal/ssacompile","Test":"TestPhioptIntegerNestedBranches/amd64/uint16/nested/true=0/compare=1/equal=false","Elapsed":0}
{"Time":"2026-10-03T22:47:34.571775-03:00","Action":"run","Package":"cmd/compile/internal/ssacompile","Test":"TestPhioptIntegerNestedBranches/amd64/uint16/nested/true=0/compare=1/equal=true"}
{"Time":"2026-10-03T22:47:34.571778-03:00","Action":"output","Package":"cmd/compile/internal/ssacompile","Test":"TestPhioptIntegerNestedBranches/amd64/uint16/nested/true=0/compare=1/equal=true","Output":"=== RUN   TestPhioptIntegerNestedBranches/amd64/uint16/nested/true=0/compare=1/equal=true\n","OutputType":"frame"}
{"Time":"2026-10-03T22:47:34.571781-03:00","Action":"output","Package":"cmd/compile/internal/ssacompile","Test":"TestPhioptIntegerNestedBranches/amd64/uint16/nested/true=0/compare=1/equal=true","Output":"--- PASS: TestPhioptIntegerNestedBranches/amd64/uint16/nested/true=0/compare=1/equal=true (0.00s)\n","OutputType":"frame"}
{"Time":"2026-10-03T22:47:34.571784-03:00","Action":"pass","Package":"cmd/compile/internal/ssacompile","Test":"TestPhioptIntegerNestedBranches/amd64/uint16/nested/true=0/compare=1/equal=true","Elapsed":0}
{"Time":"2026-10-03T22:47:34.571787-03:00","Action":"run","Package":"cmd/compile/internal/ssacompile","Test":"TestPhioptIntegerNestedBranches/amd64/uint16/nested/true=1/compare=0/equal=false"}
{"Time":"2026-10-03T22:47:34.571789-03:00","Action":"output","Package":"cmd/compile/internal/ssacompile","Test":"TestPhioptIntegerNestedBranches/amd64/uint16/nested/true=1/compare=0/equal=false","Output":"=== RUN   TestPhioptIntegerNestedBranches/amd64/uint16/nested/true=1/compare=0/equal=false\n","OutputType":"frame"}
{"Time":"2026-10-03T22:47:34.571796-03:00","Action":"output","Package":"cmd/compile/internal/ssacompile","Test":"TestPhioptIntegerNestedBranches/amd64/uint16/nested/true=1/compare=0/equal=false","Output":"--- PASS: TestPhioptIntegerNestedBranches/amd64/uint16/nested/true=1/compare=0/equal=false (0.00s)\n","OutputType":"frame"}
{"Time":"2026-10-03T22:47:34.5718-03:00","Action":"pass","Package":"cmd/compile/internal/ssacompile","Test":"TestPhioptIntegerNestedBranches/amd64/uint16/nested/true=1/compare=0/equal=false","Elapsed":0}
{"Time":"2026-10-03T22:47:34.571803-03:00","Action":"run","Package":"cmd/compile/internal/ssacompile","Test":"TestPhioptIntegerNestedBranches/amd64/uint16/nested/true=1/compare=0/equal=true"}
{"Time":"2026-10-03T22:47:34.571805-03:00","Action":"output","Package":"cmd/compile/internal/ssacompile","Test":"TestPhioptIntegerNestedBranches/amd64/uint16/nested/true=1/compare=0/equal=true","Output":"=== RUN   TestPhioptIntegerNestedBranches/amd64/uint16/nested/true=1/compare=0/equal=true\n","OutputType":"frame"}
{"Time":"2026-10-03T22:47:34.571809-03:00","Action":"output","Package":"cmd/compile/internal/ssacompile","Test":"TestPhioptIntegerNestedBranches/amd64/uint16/nested/true=1/compare=0/equal=true","Output":"--- PASS: TestPhioptIntegerNestedBranches/amd64/uint16/nested/true=1/compare=0/equal=true (0.00s)\n","OutputType":"frame"}
{"Time":"2026-10-03T22:47:34.571812-03:00","Action":"pass","Package":"cmd/compile/internal/ssacompile","Test":"TestPhioptIntegerNestedBranches/amd64/uint16/nested/true=1/compare=0/equal=true","Elapsed":0}
{"Time":"2026-10-03T22:47:34.571814-03:00","Action":"run","Package":"cmd/compile/internal/ssacompile","Test":"TestPhioptIntegerNestedBranches/amd64/uint16/nested/true=1/compare=1/equal=false"}
{"Time":"2026-10-03T22:47:34.571817-03:00","Action":"output","Package":"cmd/compile/internal/ssacompile","Test":"TestPhioptIntegerNestedBranches/amd64/uint16/nested/true=1/compare=1/equal=false","Output":"=== RUN   TestPhioptIntegerNestedBranches/amd64/uint16/nested/true=1/compare=1/equal=false\n","OutputType":"frame"}
{"Time":"2026-10-03T22:47:34.571892-03:00","Action":"output","Package":"cmd/compile/internal/ssacompile","Test":"TestPhioptIntegerNestedBranches/amd64/uint16/nested/true=1/compare=1/equal=false","Output":"--- PASS: TestPhioptIntegerNestedBranches/amd64/uint16/nested/true=1/compare=1/equal=false (0.00s)\n","OutputType":"frame"}
{"Time":"2026-10-03T22:47:34.571915-03:00","Action":"pass","Package":"cmd/compile/internal/ssacompile","Test":"TestPhioptIntegerNestedBranches/amd64/uint16/nested/true=1/compare=1/equal=false","Elapsed":0}
{"Time":"2026-10-03T22:47:34.571937-03:00","Action":"run","Package":"cmd/compile/internal/ssacompile","Test":"TestPhioptIntegerNestedBranches/amd64/uint16/nested/true=1/compare=1/equal=true"}
{"Time":"2026-10-03T22:47:34.571944-03:00","Action":"output","Package":"cmd/compile/internal/ssacompile","Test":"TestPhioptIntegerNestedBranches/amd64/uint16/nested/true=1/compare=1/equal=true","Output":"=== RUN   TestPhioptIntegerNestedBranches/amd64/uint16/nested/true=1/compare=1/equal=true\n","OutputType":"frame"}
{"Time":"2026-10-03T22:47:34.572093-03:00","Action":"output","Package":"cmd/compile/internal/ssacompile","Test":"TestPhioptIntegerNestedBranches/amd64/uint16/nested/true=1/compare=1/equal=true","Output":"--- PASS: TestPhioptIntegerNestedBranches/amd64/uint16/nested/true=1/compare=1/equal=true (0.00s)\n","OutputType":"frame"}
{"Time":"2026-10-03T22:47:34.5721-03:00","Action":"pass","Package":"cmd/compile/internal/ssacompile","Test":"TestPhioptIntegerNestedBranches/amd64/uint16/nested/true=1/compare=1/equal=true","Elapsed":0}
{"Time":"2026-10-03T22:47:34.572105-03:00","Action":"run","Package":"cmd/compile/internal/ssacompile","Test":"TestPhioptIntegerNestedBranches/amd64/uint16/direct-true/true=0/compare=0/equal=false"}
{"Time":"2026-10-03T22:47:34.572108-03:00","Action":"output","Package":"cmd/compile/internal/ssacompile","Test":"TestPhioptIntegerNestedBranches/amd64/uint16/direct-true/true=0/compare=0/equal=false","Output":"=== RUN   TestPhioptIntegerNestedBranches/amd64/uint16/direct-true/true=0/compare=0/equal=false\n","OutputType":"frame"}
{"Time":"2026-10-03T22:47:34.572112-03:00","Action":"output","Package":"cmd/compile/internal/ssacompile","Test":"TestPhioptIntegerNestedBranches/amd64/uint16/direct-true/true=0/compare=0/equal=false","Output":"--- PASS: TestPhioptIntegerNestedBranches/amd64/uint16/direct-true/true=0/compare=0/equal=false (0.00s)\n","OutputType":"frame"}
{"Time":"2026-10-03T22:47:34.572115-03:00","Action":"pass","Package":"cmd/compile/internal/ssacompile","Test":"TestPhioptIntegerNestedBranches/amd64/uint16/direct-true/true=0/compare=0/equal=false","Elapsed":0}
{"Time":"2026-10-03T22:47:34.572118-03:00","Action":"run","Package":"cmd/compile/internal/ssacompile","Test":"TestPhioptIntegerNestedBranches/amd64/uint16/direct-true/true=0/compare=0/equal=true"}
{"Time":"2026-10-03T22:47:34.57212-03:00","Action":"output","Package":"cmd/compile/internal/ssacompile","Test":"TestPhioptIntegerNestedBranches/amd64/uint16/direct-true/true=0/compare=0/equal=true","Output":"=== RUN   TestPhioptIntegerNestedBranches/amd64/uint16/direct-true/true=0/compare=0/equal=true\n","OutputType":"frame"}
{"Time":"2026-10-03T22:47:34.572124-03:00","Action":"output","Package":"cmd/compile/internal/ssacompile","Test":"TestPhioptIntegerNestedBranches/amd64/uint16/direct-true/true=0/compare=0/equal=true","Output":"--- PASS: TestPhioptIntegerNestedBranches/amd64/uint16/direct-true/true=0/compare=0/equal=true (0.00s)\n","OutputType":"frame"}
{"Time":"2026-10-03T22:47:34.572127-03:00","Action":"pass","Package":"cmd/compile/internal/ssacompile","Test":"TestPhioptIntegerNestedBranches/amd64/uint16/direct-true/true=0/compare=0/equal=true","Elapsed":0}
{"Time":"2026-10-03T22:47:34.57213-03:00","Action":"run","Package":"cmd/compile/internal/ssacompile","Test":"TestPhioptIntegerNestedBranches/amd64/uint16/direct-true/true=0/compare=1/equal=false"}
{"Time":"2026-10-03T22:47:34.572133-03:00","Action":"output","Package":"cmd/compile/internal/ssacompile","Test":"TestPhioptIntegerNestedBranches/amd64/uint16/direct-true/true=0/compare=1/equal=false","Output":"=== RUN   TestPhioptIntegerNestedBranches/amd64/uint16/direct-true/true=0/compare=1/equal=false\n","OutputType":"frame"}
{"Time":"2026-10-03T22:47:34.572137-03:00","Action":"output","Package":"cmd/compile/internal/ssacompile","Test":"TestPhioptIntegerNestedBranches/amd64/uint16/direct-true/true=0/compare=1/equal=false","Output":"--- PASS: TestPhioptIntegerNestedBranches/amd64/uint16/direct-true/true=0/compare=1/equal=false (0.00s)\n","OutputType":"frame"}
{"Time":"2026-10-03T22:47:34.57214-03:00","Action":"pass","Package":"cmd/compile/internal/ssacompile","Test":"TestPhioptIntegerNestedBranches/amd64/uint16/direct-true/true=0/compare=1/equal=false","Elapsed":0}
{"Time":"2026-10-03T22:47:34.572144-03:00","Action":"run","Package":"cmd/compile/internal/ssacompile","Test":"TestPhioptIntegerNestedBranches/amd64/uint16/direct-true/true=0/compare=1/equal=true"}
{"Time":"2026-10-03T22:47:34.572147-03:00","Action":"output","Package":"cmd/compile/internal/ssacompile","Test":"TestPhioptIntegerNestedBranches/amd64/uint16/direct-true/true=0/compare=1/equal=true","Output":"=== RUN   TestPhioptIntegerNestedBranches/amd64/uint16/direct-true/true=0/compare=1/equal=true\n","OutputType":"frame"}
{"Time":"2026-10-03T22:47:34.57215-03:00","Action":"output","Package":"cmd/compile/internal/ssacompile","Test":"TestPhioptIntegerNestedBranches/amd64/uint16/direct-true/true=0/compare=1/equal=true","Output":"--- PASS: TestPhioptIntegerNestedBranches/amd64/uint16/direct-true/true=0/compare=1/equal=true (0.00s)\n","OutputType":"frame"}
{"Time":"2026-10-03T22:47:34.572153-03:00","Action":"pass","Package":"cmd/compile/internal/ssacompile","Test":"TestPhioptIntegerNestedBranches/amd64/uint16/direct-true/true=0/compare=1/equal=true","Elapsed":0}
{"Time":"2026-10-03T22:47:34.572156-03:00","Action":"run","Package":"cmd/compile/internal/ssacompile","Test":"TestPhioptIntegerNestedBranches/amd64/uint16/direct-true/true=1/compare=0/equal=false"}
{"Time":"2026-10-03T22:47:34.572158-03:00","Action":"output","Package":"cmd/compile/internal/ssacompile","Test":"TestPhioptIntegerNestedBranches/amd64/uint16/direct-true/true=1/compare=0/equal=false","Output":"=== RUN   TestPhioptIntegerNestedBranches/amd64/uint16/direct-true/true=1/compare=0/equal=false\n","OutputType":"frame"}
{"Time":"2026-10-03T22:47:34.572166-03:00","Action":"output","Package":"cmd/compile/internal/ssacompile","Test":"TestPhioptIntegerNestedBranches/amd64/uint16/direct-true/true=1/compare=0/equal=false","Output":"--- PASS: TestPhioptIntegerNestedBranches/amd64/uint16/direct-true/true=1/compare=0/equal=false (0.00s)\n","OutputType":"frame"}
{"Time":"2026-10-03T22:47:34.57217-03:00","Action":"pass","Package":"cmd/compile/internal/ssacompile","Test":"TestPhioptIntegerNestedBranches/amd64/uint16/direct-true/true=1/compare=0/equal=false","Elapsed":0}
{"Time":"2026-10-03T22:47:34.572173-03:00","Action":"run","Package":"cmd/compile/internal/ssacompile","Test":"TestPhioptIntegerNestedBranches/amd64/uint16/direct-true/true=1/compare=0/equal=true"}
{"Time":"2026-10-03T22:47:34.572175-03:00","Action":"output","Package":"cmd/compile/internal/ssacompile","Test":"TestPhioptIntegerNestedBranches/amd64/uint16/direct-true/true=1/compare=0/equal=true","Output":"=== RUN   TestPhioptIntegerNestedBranches/amd64/uint16/direct-true/true=1/compare=0/equal=true\n","OutputType":"frame"}
{"Time":"2026-10-03T22:47:34.572192-03:00","Action":"output","Package":"cmd/compile/internal/ssacompile","Test":"TestPhioptIntegerNestedBranches/amd64/uint16/direct-true/true=1/compare=0/equal=true","Output":"--- PASS: TestPhioptIntegerNestedBranches/amd64/uint16/direct-true/true=1/compare=0/equal=true (0.00s)\n","OutputType":"frame"}
{"Time":"2026-10-03T22:47:34.572196-03:00","Action":"pass","Package":"cmd/compile/internal/ssacompile","Test":"TestPhioptIntegerNestedBranches/amd64/uint16/direct-true/true=1/compare=0/equal=true","Elapsed":0}
{"Time":"2026-10-03T22:47:34.572198-03:00","Action":"run","Package":"cmd/compile/internal/ssacompile","Test":"TestPhioptIntegerNestedBranches/amd64/uint16/direct-true/true=1/compare=1/equal=false"}
{"Time":"2026-10-03T22:47:34.572201-03:00","Action":"output","Package":"cmd/compile/internal/ssacompile","Test":"TestPhioptIntegerNestedBranches/amd64/uint16/direct-true/true=1/compare=1/equal=false","Output":"=== RUN   TestPhioptIntegerNestedBranches/amd64/uint16/direct-true/true=1/compare=1/equal=false\n","OutputType":"frame"}
{"Time":"2026-10-03T22:47:34.572205-03:00","Action":"output","Package":"cmd/compile/internal/ssacompile","Test":"TestPhioptIntegerNestedBranches/amd64/uint16/direct-true/true=1/compare=1/equal=false","Output":"--- PASS: TestPhioptIntegerNestedBranches/amd64/uint16/direct-true/true=1/compare=1/equal=false (0.00s)\n","OutputType":"frame"}
{"Time":"2026-10-03T22:47:34.572208-03:00","Action":"pass","Package":"cmd/compile/internal/ssacompile","Test":"TestPhioptIntegerNestedBranches/amd64/uint16/direct-true/true=1/compare=1/equal=false","Elapsed":0}
{"Time":"2026-10-03T22:47:34.572211-03:00","Action":"run","Package":"cmd/compile/internal/ssacompile","Test":"TestPhioptIntegerNestedBranches/amd64/uint16/direct-true/true=1/compare=1/equal=true"}
{"Time":"2026-10-03T22:47:34.572213-03:00","Action":"output","Package":"cmd/compile/internal/ssacompile","Test":"TestPhioptIntegerNestedBranches/amd64/uint16/direct-true/true=1/compare=1/equal=true","Output":"=== RUN   TestPhioptIntegerNestedBranches/amd64/uint16/direct-true/true=1/compare=1/equal=true\n","OutputType":"frame"}
{"Time":"2026-10-03T22:47:34.572219-03:00","Action":"output","Package":"cmd/compile/internal/ssacompile","Test":"TestPhioptIntegerNestedBranches/amd64/uint16/direct-true/true=1/compare=1/equal=true","Output":"--- PASS: TestPhioptIntegerNestedBranches/amd64/uint16/direct-true/true=1/compare=1/equal=true (0.00s)\n","OutputType":"frame"}
{"Time":"2026-10-03T22:47:34.572222-03:00","Action":"pass","Package":"cmd/compile/internal/ssacompile","Test":"TestPhioptIntegerNestedBranches/amd64/uint16/direct-true/true=1/compare=1/equal=true","Elapsed":0}
{"Time":"2026-10-03T22:47:34.572225-03:00","Action":"run","Package":"cmd/compile/internal/ssacompile","Test":"TestPhioptIntegerNestedBranches/amd64/uint16/direct-false/true=0/compare=0/equal=false"}
{"Time":"2026-10-03T22:47:34.572228-03:00","Action":"output","Package":"cmd/compile/internal/ssacompile","Test":"TestPhioptIntegerNestedBranches/amd64/uint16/direct-false/true=0/compare=0/equal=false","Output":"=== RUN   TestPhioptIntegerNestedBranches/amd64/uint16/direct-false/true=0/compare=0/equal=false\n","OutputType":"frame"}
{"Time":"2026-10-03T22:47:34.572231-03:00","Action":"output","Package":"cmd/compile/internal/ssacompile","Test":"TestPhioptIntegerNestedBranches/amd64/uint16/direct-false/true=0/compare=0/equal=false","Output":"--- PASS: TestPhioptIntegerNestedBranches/amd64/uint16/direct-false/true=0/compare=0/equal=false (0.00s)\n","OutputType":"frame"}
{"Time":"2026-10-03T22:47:34.572235-03:00","Action":"pass","Package":"cmd/compile/internal/ssacompile","Test":"TestPhioptIntegerNestedBranches/amd64/uint16/direct-false/true=0/compare=0/equal=false","Elapsed":0}
{"Time":"2026-10-03T22:47:34.572237-03:00","Action":"run","Package":"cmd/compile/internal/ssacompile","Test":"TestPhioptIntegerNestedBranches/amd64/uint16/direct-false/true=0/compare=0/equal=true"}
{"Time":"2026-10-03T22:47:34.572239-03:00","Action":"output","Package":"cmd/compile/internal/ssacompile","Test":"TestPhioptIntegerNestedBranches/amd64/uint16/direct-false/true=0/compare=0/equal=true","Output":"=== RUN   TestPhioptIntegerNestedBranches/amd64/uint16/direct-false/true=0/compare=0/equal=true\n","OutputType":"frame"}
{"Time":"2026-10-03T22:47:34.572245-03:00","Action":"output","Package":"cmd/compile/internal/ssacompile","Test":"TestPhioptIntegerNestedBranches/amd64/uint16/direct-false/true=0/compare=0/equal=true","Output":"--- PASS: TestPhioptIntegerNestedBranches/amd64/uint16/direct-false/true=0/compare=0/equal=true (0.00s)\n","OutputType":"frame"}
{"Time":"2026-10-03T22:47:34.572248-03:00","Action":"pass","Package":"cmd/compile/internal/ssacompile","Test":"TestPhioptIntegerNestedBranches/amd64/uint16/direct-false/true=0/compare=0/equal=true","Elapsed":0}
{"Time":"2026-10-03T22:47:34.572251-03:00","Action":"run","Package":"cmd/compile/internal/ssacompile","Test":"TestPhioptIntegerNestedBranches/amd64/uint16/direct-false/true=0/compare=1/equal=false"}
{"Time":"2026-10-03T22:47:34.572254-03:00","Action":"output","Package":"cmd/compile/internal/ssacompile","Test":"TestPhioptIntegerNestedBranches/amd64/uint16/direct-false/true=0/compare=1/equal=false","Output":"=== RUN   TestPhioptIntegerNestedBranches/amd64/uint16/direct-false/true=0/compare=1/equal=false\n","OutputType":"frame"}
{"Time":"2026-10-03T22:47:34.572301-03:00","Action":"output","Package":"cmd/compile/internal/ssacompile","Test":"TestPhioptIntegerNestedBranches/amd64/uint16/direct-false/true=0/compare=1/equal=false","Output":"--- PASS: TestPhioptIntegerNestedBranches/amd64/uint16/direct-false/true=0/compare=1/equal=false (0.00s)\n","OutputType":"frame"}
{"Time":"2026-10-03T22:47:34.572306-03:00","Action":"pass","Package":"cmd/compile/internal/ssacompile","Test":"TestPhioptIntegerNestedBranches/amd64/uint16/direct-false/true=0/compare=1/equal=false","Elapsed":0}
{"Time":"2026-10-03T22:47:34.572309-03:00","Action":"run","Package":"cmd/compile/internal/ssacompile","Test":"TestPhioptIntegerNestedBranches/amd64/uint16/direct-false/true=0/compare=1/equal=true"}
{"Time":"2026-10-03T22:47:34.572316-03:00","Action":"output","Package":"cmd/compile/internal/ssacompile","Test":"TestPhioptIntegerNestedBranches/amd64/uint16/direct-false/true=0/compare=1/equal=true","Output":"=== RUN   TestPhioptIntegerNestedBranches/amd64/uint16/direct-false/true=0/compare=1/equal=true\n","OutputType":"frame"}
{"Time":"2026-10-03T22:47:34.57232-03:00","Action":"output","Package":"cmd/compile/internal/ssacompile","Test":"TestPhioptIntegerNestedBranches/amd64/uint16/direct-false/true=0/compare=1/equal=true","Output":"--- PASS: TestPhioptIntegerNestedBranches/amd64/uint16/direct-false/true=0/compare=1/equal=true (0.00s)\n","OutputType":"frame"}
{"Time":"2026-10-03T22:47:34.572322-03:00","Action":"pass","Package":"cmd/compile/internal/ssacompile","Test":"TestPhioptIntegerNestedBranches/amd64/uint16/direct-false/true=0/compare=1/equal=true","Elapsed":0}
{"Time":"2026-10-03T22:47:34.572325-03:00","Action":"run","Package":"cmd/compile/internal/ssacompile","Test":"TestPhioptIntegerNestedBranches/amd64/uint16/direct-false/true=1/compare=0/equal=false"}
{"Time":"2026-10-03T22:47:34.572327-03:00","Action":"output","Package":"cmd/compile/internal/ssacompile","Test":"TestPhioptIntegerNestedBranches/amd64/uint16/direct-false/true=1/compare=0/equal=false","Output":"=== RUN   TestPhioptIntegerNestedBranches/amd64/uint16/direct-false/true=1/compare=0/equal=false\n","OutputType":"frame"}
{"Time":"2026-10-03T22:47:34.572332-03:00","Action":"output","Package":"cmd/compile/internal/ssacompile","Test":"TestPhioptIntegerNestedBranches/amd64/uint16/direct-false/true=1/compare=0/equal=false","Output":"--- PASS: TestPhioptIntegerNestedBranches/amd64/uint16/direct-false/true=1/compare=0/equal=false (0.00s)\n","OutputType":"frame"}
{"Time":"2026-10-03T22:47:34.572335-03:00","Action":"pass","Package":"cmd/compile/internal/ssacompile","Test":"TestPhioptIntegerNestedBranches/amd64/uint16/direct-false/true=1/compare=0/equal=false","Elapsed":0}
{"Time":"2026-10-03T22:47:34.572337-03:00","Action":"run","Package":"cmd/compile/internal/ssacompile","Test":"TestPhioptIntegerNestedBranches/amd64/uint16/direct-false/true=1/compare=0/equal=true"}
{"Time":"2026-10-03T22:47:34.57234-03:00","Action":"output","Package":"cmd/compile/internal/ssacompile","Test":"TestPhioptIntegerNestedBranches/amd64/uint16/direct-false/true=1/compare=0/equal=true","Output":"=== RUN   TestPhioptIntegerNestedBranches/amd64/uint16/direct-false/true=1/compare=0/equal=true\n","OutputType":"frame"}
{"Time":"2026-10-03T22:47:34.572399-03:00","Action":"output","Package":"cmd/compile/internal/ssacompile","Test":"TestPhioptIntegerNestedBranches/amd64/uint16/direct-false/true=1/compare=0/equal=true","Output":"--- PASS: TestPhioptIntegerNestedBranches/amd64/uint16/direct-false/true=1/compare=0/equal=true (0.00s)\n","OutputType":"frame"}
{"Time":"2026-10-03T22:47:34.572422-03:00","Action":"pass","Package":"cmd/compile/internal/ssacompile","Test":"TestPhioptIntegerNestedBranches/amd64/uint16/direct-false/true=1/compare=0/equal=true","Elapsed":0}
{"Time":"2026-10-03T22:47:34.572434-03:00","Action":"run","Package":"cmd/compile/internal/ssacompile","Test":"TestPhioptIntegerNestedBranches/amd64/uint16/direct-false/true=1/compare=1/equal=false"}
{"Time":"2026-10-03T22:47:34.572443-03:00","Action":"output","Package":"cmd/compile/internal/ssacompile","Test":"TestPhioptIntegerNestedBranches/amd64/uint16/direct-false/true=1/compare=1/equal=false","Output":"=== RUN   TestPhioptIntegerNestedBranches/amd64/uint16/direct-false/true=1/compare=1/equal=false\n","OutputType":"frame"}
{"Time":"2026-10-03T22:47:34.572456-03:00","Action":"output","Package":"cmd/compile/internal/ssacompile","Test":"TestPhioptIntegerNestedBranches/amd64/uint16/direct-false/true=1/compare=1/equal=false","Output":"--- PASS: TestPhioptIntegerNestedBranches/amd64/uint16/direct-false/true=1/compare=1/equal=false (0.00s)\n","OutputType":"frame"}
{"Time":"2026-10-03T22:47:34.572467-03:00","Action":"pass","Package":"cmd/compile/internal/ssacompile","Test":"TestPhioptIntegerNestedBranches/amd64/uint16/direct-false/true=1/compare=1/equal=false","Elapsed":0}
{"Time":"2026-10-03T22:47:34.572488-03:00","Action":"run","Package":"cmd/compile/internal/ssacompile","Test":"TestPhioptIntegerNestedBranches/amd64/uint16/direct-false/true=1/compare=1/equal=true"}
{"Time":"2026-10-03T22:47:34.572497-03:00","Action":"output","Package":"cmd/compile/internal/ssacompile","Test":"TestPhioptIntegerNestedBranches/amd64/uint16/direct-false/true=1/compare=1/equal=true","Output":"=== RUN   TestPhioptIntegerNestedBranches/amd64/uint16/direct-false/true=1/compare=1/equal=true\n","OutputType":"frame"}
{"Time":"2026-10-03T22:47:34.572532-03:00","Action":"output","Package":"cmd/compile/internal/ssacompile","Test":"TestPhioptIntegerNestedBranches/amd64/uint16/direct-false/true=1/compare=1/equal=true","Output":"--- PASS: TestPhioptIntegerNestedBranches/amd64/uint16/direct-false/true=1/compare=1/equal=true (0.00s)\n","OutputType":"frame"}
{"Time":"2026-10-03T22:47:34.572537-03:00","Action":"pass","Package":"cmd/compile/internal/ssacompile","Test":"TestPhioptIntegerNestedBranches/amd64/uint16/direct-false/true=1/compare=1/equal=true","Elapsed":0}
{"Time":"2026-10-03T22:47:34.57254-03:00","Action":"run","Package":"cmd/compile/internal/ssacompile","Test":"TestPhioptIntegerNestedBranches/amd64/int32/nested/true=0/compare=0/equal=false"}
{"Time":"2026-10-03T22:47:34.572543-03:00","Action":"output","Package":"cmd/compile/internal/ssacompile","Test":"TestPhioptIntegerNestedBranches/amd64/int32/nested/true=0/compare=0/equal=false","Output":"=== RUN   TestPhioptIntegerNestedBranches/amd64/int32/nested/true=0/compare=0/equal=false\n","OutputType":"frame"}
{"Time":"2026-10-03T22:47:34.572551-03:00","Action":"output","Package":"cmd/compile/internal/ssacompile","Test":"TestPhioptIntegerNestedBranches/amd64/int32/nested/true=0/compare=0/equal=false","Output":"--- PASS: TestPhioptIntegerNestedBranches/amd64/int32/nested/true=0/compare=0/equal=false (0.00s)\n","OutputType":"frame"}
{"Time":"2026-10-03T22:47:34.572555-03:00","Action":"pass","Package":"cmd/compile/internal/ssacompile","Test":"TestPhioptIntegerNestedBranches/amd64/int32/nested/true=0/compare=0/equal=false","Elapsed":0}
{"Time":"2026-10-03T22:47:34.572557-03:00","Action":"run","Package":"cmd/compile/internal/ssacompile","Test":"TestPhioptIntegerNestedBranches/amd64/int32/nested/true=0/compare=0/equal=true"}
{"Time":"2026-10-03T22:47:34.57256-03:00","Action":"output","Package":"cmd/compile/internal/ssacompile","Test":"TestPhioptIntegerNestedBranches/amd64/int32/nested/true=0/compare=0/equal=true","Output":"=== RUN   TestPhioptIntegerNestedBranches/amd64/int32/nested/true=0/compare=0/equal=true\n","OutputType":"frame"}
{"Time":"2026-10-03T22:47:34.572563-03:00","Action":"output","Package":"cmd/compile/internal/ssacompile","Test":"TestPhioptIntegerNestedBranches/amd64/int32/nested/true=0/compare=0/equal=true","Output":"--- PASS: TestPhioptIntegerNestedBranches/amd64/int32/nested/true=0/compare=0/equal=true (0.00s)\n","OutputType":"frame"}
{"Time":"2026-10-03T22:47:34.572568-03:00","Action":"pass","Package":"cmd/compile/internal/ssacompile","Test":"TestPhioptIntegerNestedBranches/amd64/int32/nested/true=0/compare=0/equal=true","Elapsed":0}
{"Time":"2026-10-03T22:47:34.57257-03:00","Action":"run","Package":"cmd/compile/internal/ssacompile","Test":"TestPhioptIntegerNestedBranches/amd64/int32/nested/true=0/compare=1/equal=false"}
{"Time":"2026-10-03T22:47:34.572573-03:00","Action":"output","Package":"cmd/compile/internal/ssacompile","Test":"TestPhioptIntegerNestedBranches/amd64/int32/nested/true=0/compare=1/equal=false","Output":"=== RUN   TestPhioptIntegerNestedBranches/amd64/int32/nested/true=0/compare=1/equal=false\n","OutputType":"frame"}
{"Time":"2026-10-03T22:47:34.572576-03:00","Action":"output","Package":"cmd/compile/internal/ssacompile","Test":"TestPhioptIntegerNestedBranches/amd64/int32/nested/true=0/compare=1/equal=false","Output":"--- PASS: TestPhioptIntegerNestedBranches/amd64/int32/nested/true=0/compare=1/equal=false (0.00s)\n","OutputType":"frame"}
{"Time":"2026-10-03T22:47:34.572579-03:00","Action":"pass","Package":"cmd/compile/internal/ssacompile","Test":"TestPhioptIntegerNestedBranches/amd64/int32/nested/true=0/compare=1/equal=false","Elapsed":0}
{"Time":"2026-10-03T22:47:34.572586-03:00","Action":"run","Package":"cmd/compile/internal/ssacompile","Test":"TestPhioptIntegerNestedBranches/amd64/int32/nested/true=0/compare=1/equal=true"}
{"Time":"2026-10-03T22:47:34.572589-03:00","Action":"output","Package":"cmd/compile/internal/ssacompile","Test":"TestPhioptIntegerNestedBranches/amd64/int32/nested/true=0/compare=1/equal=true","Output":"=== RUN   TestPhioptIntegerNestedBranches/amd64/int32/nested/true=0/compare=1/equal=true\n","OutputType":"frame"}
{"Time":"2026-10-03T22:47:34.572592-03:00","Action":"output","Package":"cmd/compile/internal/ssacompile","Test":"TestPhioptIntegerNestedBranches/amd64/int32/nested/true=0/compare=1/equal=true","Output":"--- PASS: TestPhioptIntegerNestedBranches/amd64/int32/nested/true=0/compare=1/equal=true (0.00s)\n","OutputType":"frame"}
{"Time":"2026-10-03T22:47:34.572595-03:00","Action":"pass","Package":"cmd/compile/internal/ssacompile","Test":"TestPhioptIntegerNestedBranches/amd64/int32/nested/true=0/compare=1/equal=true","Elapsed":0}
{"Time":"2026-10-03T22:47:34.572597-03:00","Action":"run","Package":"cmd/compile/internal/ssacompile","Test":"TestPhioptIntegerNestedBranches/amd64/int32/nested/true=1/compare=0/equal=false"}
{"Time":"2026-10-03T22:47:34.5726-03:00","Action":"output","Package":"cmd/compile/internal/ssacompile","Test":"TestPhioptIntegerNestedBranches/amd64/int32/nested/true=1/compare=0/equal=false","Output":"=== RUN   TestPhioptIntegerNestedBranches/amd64/int32/nested/true=1/compare=0/equal=false\n","OutputType":"frame"}
{"Time":"2026-10-03T22:47:34.572602-03:00","Action":"output","Package":"cmd/compile/internal/ssacompile","Test":"TestPhioptIntegerNestedBranches/amd64/int32/nested/true=1/compare=0/equal=false","Output":"--- PASS: TestPhioptIntegerNestedBranches/amd64/int32/nested/true=1/compare=0/equal=false (0.00s)\n","OutputType":"frame"}
{"Time":"2026-10-03T22:47:34.572605-03:00","Action":"pass","Package":"cmd/compile/internal/ssacompile","Test":"TestPhioptIntegerNestedBranches/amd64/int32/nested/true=1/compare=0/equal=false","Elapsed":0}
{"Time":"2026-10-03T22:47:34.572608-03:00","Action":"run","Package":"cmd/compile/internal/ssacompile","Test":"TestPhioptIntegerNestedBranches/amd64/int32/nested/true=1/compare=0/equal=true"}
{"Time":"2026-10-03T22:47:34.57261-03:00","Action":"output","Package":"cmd/compile/internal/ssacompile","Test":"TestPhioptIntegerNestedBranches/amd64/int32/nested/true=1/compare=0/equal=true","Output":"=== RUN   TestPhioptIntegerNestedBranches/amd64/int32/nested/true=1/compare=0/equal=true\n","OutputType":"frame"}
{"Time":"2026-10-03T22:47:34.572613-03:00","Action":"output","Package":"cmd/compile/internal/ssacompile","Test":"TestPhioptIntegerNestedBranches/amd64/int32/nested/true=1/compare=0/equal=true","Output":"--- PASS: TestPhioptIntegerNestedBranches/amd64/int32/nested/true=1/compare=0/equal=true (0.00s)\n","OutputType":"frame"}
{"Time":"2026-10-03T22:47:34.572616-03:00","Action":"pass","Package":"cmd/compile/internal/ssacompile","Test":"TestPhioptIntegerNestedBranches/amd64/int32/nested/true=1/compare=0/equal=true","Elapsed":0}
{"Time":"2026-10-03T22:47:34.572618-03:00","Action":"run","Package":"cmd/compile/internal/ssacompile","Test":"TestPhioptIntegerNestedBranches/amd64/int32/nested/true=1/compare=1/equal=false"}
{"Time":"2026-10-03T22:47:34.57262-03:00","Action":"output","Package":"cmd/compile/internal/ssacompile","Test":"TestPhioptIntegerNestedBranches/amd64/int32/nested/true=1/compare=1/equal=false","Output":"=== RUN   TestPhioptIntegerNestedBranches/amd64/int32/nested/true=1/compare=1/equal=false\n","OutputType":"frame"}
{"Time":"2026-10-03T22:47:34.572628-03:00","Action":"output","Package":"cmd/compile/internal/ssacompile","Test":"TestPhioptIntegerNestedBranches/amd64/int32/nested/true=1/compare=1/equal=false","Output":"--- PASS: TestPhioptIntegerNestedBranches/amd64/int32/nested/true=1/compare=1/equal=false (0.00s)\n","OutputType":"frame"}
{"Time":"2026-10-03T22:47:34.572631-03:00","Action":"pass","Package":"cmd/compile/internal/ssacompile","Test":"TestPhioptIntegerNestedBranches/amd64/int32/nested/true=1/compare=1/equal=false","Elapsed":0}
{"Time":"2026-10-03T22:47:34.572633-03:00","Action":"run","Package":"cmd/compile/internal/ssacompile","Test":"TestPhioptIntegerNestedBranches/amd64/int32/nested/true=1/compare=1/equal=true"}
{"Time":"2026-10-03T22:47:34.572635-03:00","Action":"output","Package":"cmd/compile/internal/ssacompile","Test":"TestPhioptIntegerNestedBranches/amd64/int32/nested/true=1/compare=1/equal=true","Output":"=== RUN   TestPhioptIntegerNestedBranches/amd64/int32/nested/true=1/compare=1/equal=true\n","OutputType":"frame"}
{"Time":"2026-10-03T22:47:34.572638-03:00","Action":"output","Package":"cmd/compile/internal/ssacompile","Test":"TestPhioptIntegerNestedBranches/amd64/int32/nested/true=1/compare=1/equal=true","Output":"--- PASS: TestPhioptIntegerNestedBranches/amd64/int32/nested/true=1/compare=1/equal=true (0.00s)\n","OutputType":"frame"}
{"Time":"2026-10-03T22:47:34.57264-03:00","Action":"pass","Package":"cmd/compile/internal/ssacompile","Test":"TestPhioptIntegerNestedBranches/amd64/int32/nested/true=1/compare=1/equal=true","Elapsed":0}
{"Time":"2026-10-03T22:47:34.572643-03:00","Action":"run","Package":"cmd/compile/internal/ssacompile","Test":"TestPhioptIntegerNestedBranches/amd64/int32/direct-true/true=0/compare=0/equal=false"}
{"Time":"2026-10-03T22:47:34.572645-03:00","Action":"output","Package":"cmd/compile/internal/ssacompile","Test":"TestPhioptIntegerNestedBranches/amd64/int32/direct-true/true=0/compare=0/equal=false","Output":"=== RUN   TestPhioptIntegerNestedBranches/amd64/int32/direct-true/true=0/compare=0/equal=false\n","OutputType":"frame"}
{"Time":"2026-10-03T22:47:34.572649-03:00","Action":"output","Package":"cmd/compile/internal/ssacompile","Test":"TestPhioptIntegerNestedBranches/amd64/int32/direct-true/true=0/compare=0/equal=false","Output":"--- PASS: TestPhioptIntegerNestedBranches/amd64/int32/direct-true/true=0/compare=0/equal=false (0.00s)\n","OutputType":"frame"}
{"Time":"2026-10-03T22:47:34.572651-03:00","Action":"pass","Package":"cmd/compile/internal/ssacompile","Test":"TestPhioptIntegerNestedBranches/amd64/int32/direct-true/true=0/compare=0/equal=false","Elapsed":0}
{"Time":"2026-10-03T22:47:34.572654-03:00","Action":"run","Package":"cmd/compile/internal/ssacompile","Test":"TestPhioptIntegerNestedBranches/amd64/int32/direct-true/true=0/compare=0/equal=true"}
{"Time":"2026-10-03T22:47:34.572656-03:00","Action":"output","Package":"cmd/compile/internal/ssacompile","Test":"TestPhioptIntegerNestedBranches/amd64/int32/direct-true/true=0/compare=0/equal=true","Output":"=== RUN   TestPhioptIntegerNestedBranches/amd64/int32/direct-true/true=0/compare=0/equal=true\n","OutputType":"frame"}
{"Time":"2026-10-03T22:47:34.572659-03:00","Action":"output","Package":"cmd/compile/internal/ssacompile","Test":"TestPhioptIntegerNestedBranches/amd64/int32/direct-true/true=0/compare=0/equal=true","Output":"--- PASS: TestPhioptIntegerNestedBranches/amd64/int32/direct-true/true=0/compare=0/equal=true (0.00s)\n","OutputType":"frame"}
{"Time":"2026-10-03T22:47:34.572661-03:00","Action":"pass","Package":"cmd/compile/internal/ssacompile","Test":"TestPhioptIntegerNestedBranches/amd64/int32/direct-true/true=0/compare=0/equal=true","Elapsed":0}
{"Time":"2026-10-03T22:47:34.572664-03:00","Action":"run","Package":"cmd/compile/internal/ssacompile","Test":"TestPhioptIntegerNestedBranches/amd64/int32/direct-true/true=0/compare=1/equal=false"}
{"Time":"2026-10-03T22:47:34.572666-03:00","Action":"output","Package":"cmd/compile/internal/ssacompile","Test":"TestPhioptIntegerNestedBranches/amd64/int32/direct-true/true=0/compare=1/equal=false","Output":"=== RUN   TestPhioptIntegerNestedBranches/amd64/int32/direct-true/true=0/compare=1/equal=false\n","OutputType":"frame"}
{"Time":"2026-10-03T22:47:34.572669-03:00","Action":"output","Package":"cmd/compile/internal/ssacompile","Test":"TestPhioptIntegerNestedBranches/amd64/int32/direct-true/true=0/compare=1/equal=false","Output":"--- PASS: TestPhioptIntegerNestedBranches/amd64/int32/direct-true/true=0/compare=1/equal=false (0.00s)\n","OutputType":"frame"}
{"Time":"2026-10-03T22:47:34.572671-03:00","Action":"pass","Package":"cmd/compile/internal/ssacompile","Test":"TestPhioptIntegerNestedBranches/amd64/int32/direct-true/true=0/compare=1/equal=false","Elapsed":0}
{"Time":"2026-10-03T22:47:34.572674-03:00","Action":"run","Package":"cmd/compile/internal/ssacompile","Test":"TestPhioptIntegerNestedBranches/amd64/int32/direct-true/true=0/compare=1/equal=true"}
{"Time":"2026-10-03T22:47:34.572676-03:00","Action":"output","Package":"cmd/compile/internal/ssacompile","Test":"TestPhioptIntegerNestedBranches/amd64/int32/direct-true/true=0/compare=1/equal=true","Output":"=== RUN   TestPhioptIntegerNestedBranches/amd64/int32/direct-true/true=0/compare=1/equal=true\n","OutputType":"frame"}
{"Time":"2026-10-03T22:47:34.572679-03:00","Action":"output","Package":"cmd/compile/internal/ssacompile","Test":"TestPhioptIntegerNestedBranches/amd64/int32/direct-true/true=0/compare=1/equal=true","Output":"--- PASS: TestPhioptIntegerNestedBranches/amd64/int32/direct-true/true=0/compare=1/equal=true (0.00s)\n","OutputType":"frame"}
{"Time":"2026-10-03T22:47:34.572681-03:00","Action":"pass","Package":"cmd/compile/internal/ssacompile","Test":"TestPhioptIntegerNestedBranches/amd64/int32/direct-true/true=0/compare=1/equal=true","Elapsed":0}
{"Time":"2026-10-03T22:47:34.572684-03:00","Action":"run","Package":"cmd/compile/internal/ssacompile","Test":"TestPhioptIntegerNestedBranches/amd64/int32/direct-true/true=1/compare=0/equal=false"}
{"Time":"2026-10-03T22:47:34.572686-03:00","Action":"output","Package":"cmd/compile/internal/ssacompile","Test":"TestPhioptIntegerNestedBranches/amd64/int32/direct-true/true=1/compare=0/equal=false","Output":"=== RUN   TestPhioptIntegerNestedBranches/amd64/int32/direct-true/true=1/compare=0/equal=false\n","OutputType":"frame"}
{"Time":"2026-10-03T22:47:34.572733-03:00","Action":"output","Package":"cmd/compile/internal/ssacompile","Test":"TestPhioptIntegerNestedBranches/amd64/int32/direct-true/true=1/compare=0/equal=false","Output":"--- PASS: TestPhioptIntegerNestedBranches/amd64/int32/direct-true/true=1/compare=0/equal=false (0.00s)\n","OutputType":"frame"}
{"Time":"2026-10-03T22:47:34.572746-03:00","Action":"pass","Package":"cmd/compile/internal/ssacompile","Test":"TestPhioptIntegerNestedBranches/amd64/int32/direct-true/true=1/compare=0/equal=false","Elapsed":0}
{"Time":"2026-10-03T22:47:34.572754-03:00","Action":"run","Package":"cmd/compile/internal/ssacompile","Test":"TestPhioptIntegerNestedBranches/amd64/int32/direct-true/true=1/compare=0/equal=true"}
{"Time":"2026-10-03T22:47:34.572761-03:00","Action":"output","Package":"cmd/compile/internal/ssacompile","Test":"TestPhioptIntegerNestedBranches/amd64/int32/direct-true/true=1/compare=0/equal=true","Output":"=== RUN   TestPhioptIntegerNestedBranches/amd64/int32/direct-true/true=1/compare=0/equal=true\n","OutputType":"frame"}
{"Time":"2026-10-03T22:47:34.572837-03:00","Action":"output","Package":"cmd/compile/internal/ssacompile","Test":"TestPhioptIntegerNestedBranches/amd64/int32/direct-true/true=1/compare=0/equal=true","Output":"--- PASS: TestPhioptIntegerNestedBranches/amd64/int32/direct-true/true=1/compare=0/equal=true (0.00s)\n","OutputType":"frame"}
{"Time":"2026-10-03T22:47:34.572846-03:00","Action":"pass","Package":"cmd/compile/internal/ssacompile","Test":"TestPhioptIntegerNestedBranches/amd64/int32/direct-true/true=1/compare=0/equal=true","Elapsed":0}
{"Time":"2026-10-03T22:47:34.57285-03:00","Action":"run","Package":"cmd/compile/internal/ssacompile","Test":"TestPhioptIntegerNestedBranches/amd64/int32/direct-true/true=1/compare=1/equal=false"}
{"Time":"2026-10-03T22:47:34.572852-03:00","Action":"output","Package":"cmd/compile/internal/ssacompile","Test":"TestPhioptIntegerNestedBranches/amd64/int32/direct-true/true=1/compare=1/equal=false","Output":"=== RUN   TestPhioptIntegerNestedBranches/amd64/int32/direct-true/true=1/compare=1/equal=false\n","OutputType":"frame"}
{"Time":"2026-10-03T22:47:34.572893-03:00","Action":"output","Package":"cmd/compile/internal/ssacompile","Test":"TestPhioptIntegerNestedBranches/amd64/int32/direct-true/true=1/compare=1/equal=false","Output":"--- PASS: TestPhioptIntegerNestedBranches/amd64/int32/direct-true/true=1/compare=1/equal=false (0.00s)\n","OutputType":"frame"}
{"Time":"2026-10-03T22:47:34.572901-03:00","Action":"pass","Package":"cmd/compile/internal/ssacompile","Test":"TestPhioptIntegerNestedBranches/amd64/int32/direct-true/true=1/compare=1/equal=false","Elapsed":0}
{"Time":"2026-10-03T22:47:34.572904-03:00","Action":"run","Package":"cmd/compile/internal/ssacompile","Test":"TestPhioptIntegerNestedBranches/amd64/int32/direct-true/true=1/compare=1/equal=true"}
{"Time":"2026-10-03T22:47:34.572907-03:00","Action":"output","Package":"cmd/compile/internal/ssacompile","Test":"TestPhioptIntegerNestedBranches/amd64/int32/direct-true/true=1/compare=1/equal=true","Output":"=== RUN   TestPhioptIntegerNestedBranches/amd64/int32/direct-true/true=1/compare=1/equal=true\n","OutputType":"frame"}
{"Time":"2026-10-03T22:47:34.57291-03:00","Action":"output","Package":"cmd/compile/internal/ssacompile","Test":"TestPhioptIntegerNestedBranches/amd64/int32/direct-true/true=1/compare=1/equal=true","Output":"--- PASS: TestPhioptIntegerNestedBranches/amd64/int32/direct-true/true=1/compare=1/equal=true (0.00s)\n","OutputType":"frame"}
{"Time":"2026-10-03T22:47:34.572914-03:00","Action":"pass","Package":"cmd/compile/internal/ssacompile","Test":"TestPhioptIntegerNestedBranches/amd64/int32/direct-true/true=1/compare=1/equal=true","Elapsed":0}
{"Time":"2026-10-03T22:47:34.572917-03:00","Action":"run","Package":"cmd/compile/internal/ssacompile","Test":"TestPhioptIntegerNestedBranches/amd64/int32/direct-false/true=0/compare=0/equal=false"}
{"Time":"2026-10-03T22:47:34.572919-03:00","Action":"output","Package":"cmd/compile/internal/ssacompile","Test":"TestPhioptIntegerNestedBranches/amd64/int32/direct-false/true=0/compare=0/equal=false","Output":"=== RUN   TestPhioptIntegerNestedBranches/amd64/int32/direct-false/true=0/compare=0/equal=false\n","OutputType":"frame"}
{"Time":"2026-10-03T22:47:34.572923-03:00","Action":"output","Package":"cmd/compile/internal/ssacompile","Test":"TestPhioptIntegerNestedBranches/amd64/int32/direct-false/true=0/compare=0/equal=false","Output":"--- PASS: TestPhioptIntegerNestedBranches/amd64/int32/direct-false/true=0/compare=0/equal=false (0.00s)\n","OutputType":"frame"}
{"Time":"2026-10-03T22:47:34.572925-03:00","Action":"pass","Package":"cmd/compile/internal/ssacompile","Test":"TestPhioptIntegerNestedBranches/amd64/int32/direct-false/true=0/compare=0/equal=false","Elapsed":0}
{"Time":"2026-10-03T22:47:34.572928-03:00","Action":"run","Package":"cmd/compile/internal/ssacompile","Test":"TestPhioptIntegerNestedBranches/amd64/int32/direct-false/true=0/compare=0/equal=true"}
{"Time":"2026-10-03T22:47:34.57293-03:00","Action":"output","Package":"cmd/compile/internal/ssacompile","Test":"TestPhioptIntegerNestedBranches/amd64/int32/direct-false/true=0/compare=0/equal=true","Output":"=== RUN   TestPhioptIntegerNestedBranches/amd64/int32/direct-false/true=0/compare=0/equal=true\n","OutputType":"frame"}
{"Time":"2026-10-03T22:47:34.572934-03:00","Action":"output","Package":"cmd/compile/internal/ssacompile","Test":"TestPhioptIntegerNestedBranches/amd64/int32/direct-false/true=0/compare=0/equal=true","Output":"--- PASS: TestPhioptIntegerNestedBranches/amd64/int32/direct-false/true=0/compare=0/equal=true (0.00s)\n","OutputType":"frame"}
{"Time":"2026-10-03T22:47:34.572937-03:00","Action":"pass","Package":"cmd/compile/internal/ssacompile","Test":"TestPhioptIntegerNestedBranches/amd64/int32/direct-false/true=0/compare=0/equal=true","Elapsed":0}
{"Time":"2026-10-03T22:47:34.572939-03:00","Action":"run","Package":"cmd/compile/internal/ssacompile","Test":"TestPhioptIntegerNestedBranches/amd64/int32/direct-false/true=0/compare=1/equal=false"}
{"Time":"2026-10-03T22:47:34.572941-03:00","Action":"output","Package":"cmd/compile/internal/ssacompile","Test":"TestPhioptIntegerNestedBranches/amd64/int32/direct-false/true=0/compare=1/equal=false","Output":"=== RUN   TestPhioptIntegerNestedBranches/amd64/int32/direct-false/true=0/compare=1/equal=false\n","OutputType":"frame"}
{"Time":"2026-10-03T22:47:34.572948-03:00","Action":"output","Package":"cmd/compile/internal/ssacompile","Test":"TestPhioptIntegerNestedBranches/amd64/int32/direct-false/true=0/compare=1/equal=false","Output":"--- PASS: TestPhioptIntegerNestedBranches/amd64/int32/direct-false/true=0/compare=1/equal=false (0.00s)\n","OutputType":"frame"}
{"Time":"2026-10-03T22:47:34.572951-03:00","Action":"pass","Package":"cmd/compile/internal/ssacompile","Test":"TestPhioptIntegerNestedBranches/amd64/int32/direct-false/true=0/compare=1/equal=false","Elapsed":0}
{"Time":"2026-10-03T22:47:34.572954-03:00","Action":"run","Package":"cmd/compile/internal/ssacompile","Test":"TestPhioptIntegerNestedBranches/amd64/int32/direct-false/true=0/compare=1/equal=true"}
{"Time":"2026-10-03T22:47:34.572956-03:00","Action":"output","Package":"cmd/compile/internal/ssacompile","Test":"TestPhioptIntegerNestedBranches/amd64/int32/direct-false/true=0/compare=1/equal=true","Output":"=== RUN   TestPhioptIntegerNestedBranches/amd64/int32/direct-false/true=0/compare=1/equal=true\n","OutputType":"frame"}
{"Time":"2026-10-03T22:47:34.57296-03:00","Action":"output","Package":"cmd/compile/internal/ssacompile","Test":"TestPhioptIntegerNestedBranches/amd64/int32/direct-false/true=0/compare=1/equal=true","Output":"--- PASS: TestPhioptIntegerNestedBranches/amd64/int32/direct-false/true=0/compare=1/equal=true (0.00s)\n","OutputType":"frame"}
{"Time":"2026-10-03T22:47:34.572963-03:00","Action":"pass","Package":"cmd/compile/internal/ssacompile","Test":"TestPhioptIntegerNestedBranches/amd64/int32/direct-false/true=0/compare=1/equal=true","Elapsed":0}
{"Time":"2026-10-03T22:47:34.572965-03:00","Action":"run","Package":"cmd/compile/internal/ssacompile","Test":"TestPhioptIntegerNestedBranches/amd64/int32/direct-false/true=1/compare=0/equal=false"}
{"Time":"2026-10-03T22:47:34.57297-03:00","Action":"output","Package":"cmd/compile/internal/ssacompile","Test":"TestPhioptIntegerNestedBranches/amd64/int32/direct-false/true=1/compare=0/equal=false","Output":"=== RUN   TestPhioptIntegerNestedBranches/amd64/int32/direct-false/true=1/compare=0/equal=false\n","OutputType":"frame"}
{"Time":"2026-10-03T22:47:34.572973-03:00","Action":"output","Package":"cmd/compile/internal/ssacompile","Test":"TestPhioptIntegerNestedBranches/amd64/int32/direct-false/true=1/compare=0/equal=false","Output":"--- PASS: TestPhioptIntegerNestedBranches/amd64/int32/direct-false/true=1/compare=0/equal=false (0.00s)\n","OutputType":"frame"}
{"Time":"2026-10-03T22:47:34.572976-03:00","Action":"pass","Package":"cmd/compile/internal/ssacompile","Test":"TestPhioptIntegerNestedBranches/amd64/int32/direct-false/true=1/compare=0/equal=false","Elapsed":0}
{"Time":"2026-10-03T22:47:34.572978-03:00","Action":"run","Package":"cmd/compile/internal/ssacompile","Test":"TestPhioptIntegerNestedBranches/amd64/int32/direct-false/true=1/compare=0/equal=true"}
{"Time":"2026-10-03T22:47:34.572981-03:00","Action":"output","Package":"cmd/compile/internal/ssacompile","Test":"TestPhioptIntegerNestedBranches/amd64/int32/direct-false/true=1/compare=0/equal=true","Output":"=== RUN   TestPhioptIntegerNestedBranches/amd64/int32/direct-false/true=1/compare=0/equal=true\n","OutputType":"frame"}
{"Time":"2026-10-03T22:47:34.572984-03:00","Action":"output","Package":"cmd/compile/internal/ssacompile","Test":"TestPhioptIntegerNestedBranches/amd64/int32/direct-false/true=1/compare=0/equal=true","Output":"--- PASS: TestPhioptIntegerNestedBranches/amd64/int32/direct-false/true=1/compare=0/equal=true (0.00s)\n","OutputType":"frame"}
{"Time":"2026-10-03T22:47:34.572987-03:00","Action":"pass","Package":"cmd/compile/internal/ssacompile","Test":"TestPhioptIntegerNestedBranches/amd64/int32/direct-false/true=1/compare=0/equal=true","Elapsed":0}
{"Time":"2026-10-03T22:47:34.57299-03:00","Action":"run","Package":"cmd/compile/internal/ssacompile","Test":"TestPhioptIntegerNestedBranches/amd64/int32/direct-false/true=1/compare=1/equal=false"}
{"Time":"2026-10-03T22:47:34.572993-03:00","Action":"output","Package":"cmd/compile/internal/ssacompile","Test":"TestPhioptIntegerNestedBranches/amd64/int32/direct-false/true=1/compare=1/equal=false","Output":"=== RUN   TestPhioptIntegerNestedBranches/amd64/int32/direct-false/true=1/compare=1/equal=false\n","OutputType":"frame"}
{"Time":"2026-10-03T22:47:34.573015-03:00","Action":"output","Package":"cmd/compile/internal/ssacompile","Test":"TestPhioptIntegerNestedBranches/amd64/int32/direct-false/true=1/compare=1/equal=false","Output":"--- PASS: TestPhioptIntegerNestedBranches/amd64/int32/direct-false/true=1/compare=1/equal=false (0.00s)\n","OutputType":"frame"}
{"Time":"2026-10-03T22:47:34.573019-03:00","Action":"pass","Package":"cmd/compile/internal/ssacompile","Test":"TestPhioptIntegerNestedBranches/amd64/int32/direct-false/true=1/compare=1/equal=false","Elapsed":0}
{"Time":"2026-10-03T22:47:34.573022-03:00","Action":"run","Package":"cmd/compile/internal/ssacompile","Test":"TestPhioptIntegerNestedBranches/amd64/int32/direct-false/true=1/compare=1/equal=true"}
{"Time":"2026-10-03T22:47:34.573025-03:00","Action":"output","Package":"cmd/compile/internal/ssacompile","Test":"TestPhioptIntegerNestedBranches/amd64/int32/direct-false/true=1/compare=1/equal=true","Output":"=== RUN   TestPhioptIntegerNestedBranches/amd64/int32/direct-false/true=1/compare=1/equal=true\n","OutputType":"frame"}
{"Time":"2026-10-03T22:47:34.57303-03:00","Action":"output","Package":"cmd/compile/internal/ssacompile","Test":"TestPhioptIntegerNestedBranches/amd64/int32/direct-false/true=1/compare=1/equal=true","Output":"--- PASS: TestPhioptIntegerNestedBranches/amd64/int32/direct-false/true=1/compare=1/equal=true (0.00s)\n","OutputType":"frame"}
{"Time":"2026-10-03T22:47:34.573034-03:00","Action":"pass","Package":"cmd/compile/internal/ssacompile","Test":"TestPhioptIntegerNestedBranches/amd64/int32/direct-false/true=1/compare=1/equal=true","Elapsed":0}
{"Time":"2026-10-03T22:47:34.573037-03:00","Action":"run","Package":"cmd/compile/internal/ssacompile","Test":"TestPhioptIntegerNestedBranches/amd64/uint64/nested/true=0/compare=0/equal=false"}
{"Time":"2026-10-03T22:47:34.57304-03:00","Action":"output","Package":"cmd/compile/internal/ssacompile","Test":"TestPhioptIntegerNestedBranches/amd64/uint64/nested/true=0/compare=0/equal=false","Output":"=== RUN   TestPhioptIntegerNestedBranches/amd64/uint64/nested/true=0/compare=0/equal=false\n","OutputType":"frame"}
{"Time":"2026-10-03T22:47:34.573053-03:00","Action":"output","Package":"cmd/compile/internal/ssacompile","Test":"TestPhioptIntegerNestedBranches/amd64/uint64/nested/true=0/compare=0/equal=false","Output":"--- PASS: TestPhioptIntegerNestedBranches/amd64/uint64/nested/true=0/compare=0/equal=false (0.00s)\n","OutputType":"frame"}
{"Time":"2026-10-03T22:47:34.573057-03:00","Action":"pass","Package":"cmd/compile/internal/ssacompile","Test":"TestPhioptIntegerNestedBranches/amd64/uint64/nested/true=0/compare=0/equal=false","Elapsed":0}
{"Time":"2026-10-03T22:47:34.57306-03:00","Action":"run","Package":"cmd/compile/internal/ssacompile","Test":"TestPhioptIntegerNestedBranches/amd64/uint64/nested/true=0/compare=0/equal=true"}
{"Time":"2026-10-03T22:47:34.573062-03:00","Action":"output","Package":"cmd/compile/internal/ssacompile","Test":"TestPhioptIntegerNestedBranches/amd64/uint64/nested/true=0/compare=0/equal=true","Output":"=== RUN   TestPhioptIntegerNestedBranches/amd64/uint64/nested/true=0/compare=0/equal=true\n","OutputType":"frame"}
{"Time":"2026-10-03T22:47:34.573065-03:00","Action":"output","Package":"cmd/compile/internal/ssacompile","Test":"TestPhioptIntegerNestedBranches/amd64/uint64/nested/true=0/compare=0/equal=true","Output":"--- PASS: TestPhioptIntegerNestedBranches/amd64/uint64/nested/true=0/compare=0/equal=true (0.00s)\n","OutputType":"frame"}
{"Time":"2026-10-03T22:47:34.573068-03:00","Action":"pass","Package":"cmd/compile/internal/ssacompile","Test":"TestPhioptIntegerNestedBranches/amd64/uint64/nested/true=0/compare=0/equal=true","Elapsed":0}
{"Time":"2026-10-03T22:47:34.57307-03:00","Action":"run","Package":"cmd/compile/internal/ssacompile","Test":"TestPhioptIntegerNestedBranches/amd64/uint64/nested/true=0/compare=1/equal=false"}
{"Time":"2026-10-03T22:47:34.573072-03:00","Action":"output","Package":"cmd/compile/internal/ssacompile","Test":"TestPhioptIntegerNestedBranches/amd64/uint64/nested/true=0/compare=1/equal=false","Output":"=== RUN   TestPhioptIntegerNestedBranches/amd64/uint64/nested/true=0/compare=1/equal=false\n","OutputType":"frame"}
{"Time":"2026-10-03T22:47:34.573162-03:00","Action":"output","Package":"cmd/compile/internal/ssacompile","Test":"TestPhioptIntegerNestedBranches/amd64/uint64/nested/true=0/compare=1/equal=false","Output":"--- PASS: TestPhioptIntegerNestedBranches/amd64/uint64/nested/true=0/compare=1/equal=false (0.00s)\n","OutputType":"frame"}
{"Time":"2026-10-03T22:47:34.573178-03:00","Action":"pass","Package":"cmd/compile/internal/ssacompile","Test":"TestPhioptIntegerNestedBranches/amd64/uint64/nested/true=0/compare=1/equal=false","Elapsed":0}
{"Time":"2026-10-03T22:47:34.573208-03:00","Action":"run","Package":"cmd/compile/internal/ssacompile","Test":"TestPhioptIntegerNestedBranches/amd64/uint64/nested/true=0/compare=1/equal=true"}
{"Time":"2026-10-03T22:47:34.57322-03:00","Action":"output","Package":"cmd/compile/internal/ssacompile","Test":"TestPhioptIntegerNestedBranches/amd64/uint64/nested/true=0/compare=1/equal=true","Output":"=== RUN   TestPhioptIntegerNestedBranches/amd64/uint64/nested/true=0/compare=1/equal=true\n","OutputType":"frame"}
{"Time":"2026-10-03T22:47:34.573279-03:00","Action":"output","Package":"cmd/compile/internal/ssacompile","Test":"TestPhioptIntegerNestedBranches/amd64/uint64/nested/true=0/compare=1/equal=true","Output":"--- PASS: TestPhioptIntegerNestedBranches/amd64/uint64/nested/true=0/compare=1/equal=true (0.00s)\n","OutputType":"frame"}
{"Time":"2026-10-03T22:47:34.573284-03:00","Action":"pass","Package":"cmd/compile/internal/ssacompile","Test":"TestPhioptIntegerNestedBranches/amd64/uint64/nested/true=0/compare=1/equal=true","Elapsed":0}
{"Time":"2026-10-03T22:47:34.573287-03:00","Action":"run","Package":"cmd/compile/internal/ssacompile","Test":"TestPhioptIntegerNestedBranches/amd64/uint64/nested/true=1/compare=0/equal=false"}
{"Time":"2026-10-03T22:47:34.57329-03:00","Action":"output","Package":"cmd/compile/internal/ssacompile","Test":"TestPhioptIntegerNestedBranches/amd64/uint64/nested/true=1/compare=0/equal=false","Output":"=== RUN   TestPhioptIntegerNestedBranches/amd64/uint64/nested/true=1/compare=0/equal=false\n","OutputType":"frame"}
{"Time":"2026-10-03T22:47:34.573295-03:00","Action":"output","Package":"cmd/compile/internal/ssacompile","Test":"TestPhioptIntegerNestedBranches/amd64/uint64/nested/true=1/compare=0/equal=false","Output":"--- PASS: TestPhioptIntegerNestedBranches/amd64/uint64/nested/true=1/compare=0/equal=false (0.00s)\n","OutputType":"frame"}
{"Time":"2026-10-03T22:47:34.573298-03:00","Action":"pass","Package":"cmd/compile/internal/ssacompile","Test":"TestPhioptIntegerNestedBranches/amd64/uint64/nested/true=1/compare=0/equal=false","Elapsed":0}
{"Time":"2026-10-03T22:47:34.573301-03:00","Action":"run","Package":"cmd/compile/internal/ssacompile","Test":"TestPhioptIntegerNestedBranches/amd64/uint64/nested/true=1/compare=0/equal=true"}
{"Time":"2026-10-03T22:47:34.573304-03:00","Action":"output","Package":"cmd/compile/internal/ssacompile","Test":"TestPhioptIntegerNestedBranches/amd64/uint64/nested/true=1/compare=0/equal=true","Output":"=== RUN   TestPhioptIntegerNestedBranches/amd64/uint64/nested/true=1/compare=0/equal=true\n","OutputType":"frame"}
{"Time":"2026-10-03T22:47:34.573308-03:00","Action":"output","Package":"cmd/compile/internal/ssacompile","Test":"TestPhioptIntegerNestedBranches/amd64/uint64/nested/true=1/compare=0/equal=true","Output":"--- PASS: TestPhioptIntegerNestedBranches/amd64/uint64/nested/true=1/compare=0/equal=true (0.00s)\n","OutputType":"frame"}
{"Time":"2026-10-03T22:47:34.573314-03:00","Action":"pass","Package":"cmd/compile/internal/ssacompile","Test":"TestPhioptIntegerNestedBranches/amd64/uint64/nested/true=1/compare=0/equal=true","Elapsed":0}
{"Time":"2026-10-03T22:47:34.573319-03:00","Action":"run","Package":"cmd/compile/internal/ssacompile","Test":"TestPhioptIntegerNestedBranches/amd64/uint64/nested/true=1/compare=1/equal=false"}
{"Time":"2026-10-03T22:47:34.573321-03:00","Action":"output","Package":"cmd/compile/internal/ssacompile","Test":"TestPhioptIntegerNestedBranches/amd64/uint64/nested/true=1/compare=1/equal=false","Output":"=== RUN   TestPhioptIntegerNestedBranches/amd64/uint64/nested/true=1/compare=1/equal=false\n","OutputType":"frame"}
{"Time":"2026-10-03T22:47:34.573324-03:00","Action":"output","Package":"cmd/compile/internal/ssacompile","Test":"TestPhioptIntegerNestedBranches/amd64/uint64/nested/true=1/compare=1/equal=false","Output":"--- PASS: TestPhioptIntegerNestedBranches/amd64/uint64/nested/true=1/compare=1/equal=false (0.00s)\n","OutputType":"frame"}
{"Time":"2026-10-03T22:47:34.573327-03:00","Action":"pass","Package":"cmd/compile/internal/ssacompile","Test":"TestPhioptIntegerNestedBranches/amd64/uint64/nested/true=1/compare=1/equal=false","Elapsed":0}
{"Time":"2026-10-03T22:47:34.57333-03:00","Action":"run","Package":"cmd/compile/internal/ssacompile","Test":"TestPhioptIntegerNestedBranches/amd64/uint64/nested/true=1/compare=1/equal=true"}
{"Time":"2026-10-03T22:47:34.573332-03:00","Action":"output","Package":"cmd/compile/internal/ssacompile","Test":"TestPhioptIntegerNestedBranches/amd64/uint64/nested/true=1/compare=1/equal=true","Output":"=== RUN   TestPhioptIntegerNestedBranches/amd64/uint64/nested/true=1/compare=1/equal=true\n","OutputType":"frame"}
{"Time":"2026-10-03T22:47:34.573335-03:00","Action":"output","Package":"cmd/compile/internal/ssacompile","Test":"TestPhioptIntegerNestedBranches/amd64/uint64/nested/true=1/compare=1/equal=true","Output":"--- PASS: TestPhioptIntegerNestedBranches/amd64/uint64/nested/true=1/compare=1/equal=true (0.00s)\n","OutputType":"frame"}
{"Time":"2026-10-03T22:47:34.573338-03:00","Action":"pass","Package":"cmd/compile/internal/ssacompile","Test":"TestPhioptIntegerNestedBranches/amd64/uint64/nested/true=1/compare=1/equal=true","Elapsed":0}
{"Time":"2026-10-03T22:47:34.57334-03:00","Action":"run","Package":"cmd/compile/internal/ssacompile","Test":"TestPhioptIntegerNestedBranches/amd64/uint64/direct-true/true=0/compare=0/equal=false"}
{"Time":"2026-10-03T22:47:34.573343-03:00","Action":"output","Package":"cmd/compile/internal/ssacompile","Test":"TestPhioptIntegerNestedBranches/amd64/uint64/direct-true/true=0/compare=0/equal=false","Output":"=== RUN   TestPhioptIntegerNestedBranches/amd64/uint64/direct-true/true=0/compare=0/equal=false\n","OutputType":"frame"}
{"Time":"2026-10-03T22:47:34.573357-03:00","Action":"output","Package":"cmd/compile/internal/ssacompile","Test":"TestPhioptIntegerNestedBranches/amd64/uint64/direct-true/true=0/compare=0/equal=false","Output":"--- PASS: TestPhioptIntegerNestedBranches/amd64/uint64/direct-true/true=0/compare=0/equal=false (0.00s)\n","OutputType":"frame"}
{"Time":"2026-10-03T22:47:34.573361-03:00","Action":"pass","Package":"cmd/compile/internal/ssacompile","Test":"TestPhioptIntegerNestedBranches/amd64/uint64/direct-true/true=0/compare=0/equal=false","Elapsed":0}
{"Time":"2026-10-03T22:47:34.573364-03:00","Action":"run","Package":"cmd/compile/internal/ssacompile","Test":"TestPhioptIntegerNestedBranches/amd64/uint64/direct-true/true=0/compare=0/equal=true"}
{"Time":"2026-10-03T22:47:34.573366-03:00","Action":"output","Package":"cmd/compile/internal/ssacompile","Test":"TestPhioptIntegerNestedBranches/amd64/uint64/direct-true/true=0/compare=0/equal=true","Output":"=== RUN   TestPhioptIntegerNestedBranches/amd64/uint64/direct-true/true=0/compare=0/equal=true\n","OutputType":"frame"}
{"Time":"2026-10-03T22:47:34.573369-03:00","Action":"output","Package":"cmd/compile/internal/ssacompile","Test":"TestPhioptIntegerNestedBranches/amd64/uint64/direct-true/true=0/compare=0/equal=true","Output":"--- PASS: TestPhioptIntegerNestedBranches/amd64/uint64/direct-true/true=0/compare=0/equal=true (0.00s)\n","OutputType":"frame"}
{"Time":"2026-10-03T22:47:34.573372-03:00","Action":"pass","Package":"cmd/compile/internal/ssacompile","Test":"TestPhioptIntegerNestedBranches/amd64/uint64/direct-true/true=0/compare=0/equal=true","Elapsed":0}
{"Time":"2026-10-03T22:47:34.573374-03:00","Action":"run","Package":"cmd/compile/internal/ssacompile","Test":"TestPhioptIntegerNestedBranches/amd64/uint64/direct-true/true=0/compare=1/equal=false"}
{"Time":"2026-10-03T22:47:34.573377-03:00","Action":"output","Package":"cmd/compile/internal/ssacompile","Test":"TestPhioptIntegerNestedBranches/amd64/uint64/direct-true/true=0/compare=1/equal=false","Output":"=== RUN   TestPhioptIntegerNestedBranches/amd64/uint64/direct-true/true=0/compare=1/equal=false\n","OutputType":"frame"}
{"Time":"2026-10-03T22:47:34.573381-03:00","Action":"output","Package":"cmd/compile/internal/ssacompile","Test":"TestPhioptIntegerNestedBranches/amd64/uint64/direct-true/true=0/compare=1/equal=false","Output":"--- PASS: TestPhioptIntegerNestedBranches/amd64/uint64/direct-true/true=0/compare=1/equal=false (0.00s)\n","OutputType":"frame"}
{"Time":"2026-10-03T22:47:34.573384-03:00","Action":"pass","Package":"cmd/compile/internal/ssacompile","Test":"TestPhioptIntegerNestedBranches/amd64/uint64/direct-true/true=0/compare=1/equal=false","Elapsed":0}
{"Time":"2026-10-03T22:47:34.573386-03:00","Action":"run","Package":"cmd/compile/internal/ssacompile","Test":"TestPhioptIntegerNestedBranches/amd64/uint64/direct-true/true=0/compare=1/equal=true"}
{"Time":"2026-10-03T22:47:34.573389-03:00","Action":"output","Package":"cmd/compile/internal/ssacompile","Test":"TestPhioptIntegerNestedBranches/amd64/uint64/direct-true/true=0/compare=1/equal=true","Output":"=== RUN   TestPhioptIntegerNestedBranches/amd64/uint64/direct-true/true=0/compare=1/equal=true\n","OutputType":"frame"}
{"Time":"2026-10-03T22:47:34.573392-03:00","Action":"output","Package":"cmd/compile/internal/ssacompile","Test":"TestPhioptIntegerNestedBranches/amd64/uint64/direct-true/true=0/compare=1/equal=true","Output":"--- PASS: TestPhioptIntegerNestedBranches/amd64/uint64/direct-true/true=0/compare=1/equal=true (0.00s)\n","OutputType":"frame"}
{"Time":"2026-10-03T22:47:34.573394-03:00","Action":"pass","Package":"cmd/compile/internal/ssacompile","Test":"TestPhioptIntegerNestedBranches/amd64/uint64/direct-true/true=0/compare=1/equal=true","Elapsed":0}
{"Time":"2026-10-03T22:47:34.573397-03:00","Action":"run","Package":"cmd/compile/internal/ssacompile","Test":"TestPhioptIntegerNestedBranches/amd64/uint64/direct-true/true=1/compare=0/equal=false"}
{"Time":"2026-10-03T22:47:34.573399-03:00","Action":"output","Package":"cmd/compile/internal/ssacompile","Test":"TestPhioptIntegerNestedBranches/amd64/uint64/direct-true/true=1/compare=0/equal=false","Output":"=== RUN   TestPhioptIntegerNestedBranches/amd64/uint64/direct-true/true=1/compare=0/equal=false\n","OutputType":"frame"}
{"Time":"2026-10-03T22:47:34.573403-03:00","Action":"output","Package":"cmd/compile/internal/ssacompile","Test":"TestPhioptIntegerNestedBranches/amd64/uint64/direct-true/true=1/compare=0/equal=false","Output":"--- PASS: TestPhioptIntegerNestedBranches/amd64/uint64/direct-true/true=1/compare=0/equal=false (0.00s)\n","OutputType":"frame"}
{"Time":"2026-10-03T22:47:34.573406-03:00","Action":"pass","Package":"cmd/compile/internal/ssacompile","Test":"TestPhioptIntegerNestedBranches/amd64/uint64/direct-true/true=1/compare=0/equal=false","Elapsed":0}
{"Time":"2026-10-03T22:47:34.573408-03:00","Action":"run","Package":"cmd/compile/internal/ssacompile","Test":"TestPhioptIntegerNestedBranches/amd64/uint64/direct-true/true=1/compare=0/equal=true"}
{"Time":"2026-10-03T22:47:34.57341-03:00","Action":"output","Package":"cmd/compile/internal/ssacompile","Test":"TestPhioptIntegerNestedBranches/amd64/uint64/direct-true/true=1/compare=0/equal=true","Output":"=== RUN   TestPhioptIntegerNestedBranches/amd64/uint64/direct-true/true=1/compare=0/equal=true\n","OutputType":"frame"}
{"Time":"2026-10-03T22:47:34.573413-03:00","Action":"output","Package":"cmd/compile/internal/ssacompile","Test":"TestPhioptIntegerNestedBranches/amd64/uint64/direct-true/true=1/compare=0/equal=true","Output":"--- PASS: TestPhioptIntegerNestedBranches/amd64/uint64/direct-true/true=1/compare=0/equal=true (0.00s)\n","OutputType":"frame"}
{"Time":"2026-10-03T22:47:34.573416-03:00","Action":"pass","Package":"cmd/compile/internal/ssacompile","Test":"TestPhioptIntegerNestedBranches/amd64/uint64/direct-true/true=1/compare=0/equal=true","Elapsed":0}
{"Time":"2026-10-03T22:47:34.573418-03:00","Action":"run","Package":"cmd/compile/internal/ssacompile","Test":"TestPhioptIntegerNestedBranches/amd64/uint64/direct-true/true=1/compare=1/equal=false"}
{"Time":"2026-10-03T22:47:34.573421-03:00","Action":"output","Package":"cmd/compile/internal/ssacompile","Test":"TestPhioptIntegerNestedBranches/amd64/uint64/direct-true/true=1/compare=1/equal=false","Output":"=== RUN   TestPhioptIntegerNestedBranches/amd64/uint64/direct-true/true=1/compare=1/equal=false\n","OutputType":"frame"}
{"Time":"2026-10-03T22:47:34.573424-03:00","Action":"output","Package":"cmd/compile/internal/ssacompile","Test":"TestPhioptIntegerNestedBranches/amd64/uint64/direct-true/true=1/compare=1/equal=false","Output":"--- PASS: TestPhioptIntegerNestedBranches/amd64/uint64/direct-true/true=1/compare=1/equal=false (0.00s)\n","OutputType":"frame"}
{"Time":"2026-10-03T22:47:34.573426-03:00","Action":"pass","Package":"cmd/compile/internal/ssacompile","Test":"TestPhioptIntegerNestedBranches/amd64/uint64/direct-true/true=1/compare=1/equal=false","Elapsed":0}
{"Time":"2026-10-03T22:47:34.573428-03:00","Action":"run","Package":"cmd/compile/internal/ssacompile","Test":"TestPhioptIntegerNestedBranches/amd64/uint64/direct-true/true=1/compare=1/equal=true"}
{"Time":"2026-10-03T22:47:34.573431-03:00","Action":"output","Package":"cmd/compile/internal/ssacompile","Test":"TestPhioptIntegerNestedBranches/amd64/uint64/direct-true/true=1/compare=1/equal=true","Output":"=== RUN   TestPhioptIntegerNestedBranches/amd64/uint64/direct-true/true=1/compare=1/equal=true\n","OutputType":"frame"}
{"Time":"2026-10-03T22:47:34.573439-03:00","Action":"output","Package":"cmd/compile/internal/ssacompile","Test":"TestPhioptIntegerNestedBranches/amd64/uint64/direct-true/true=1/compare=1/equal=true","Output":"--- PASS: TestPhioptIntegerNestedBranches/amd64/uint64/direct-true/true=1/compare=1/equal=true (0.00s)\n","OutputType":"frame"}
{"Time":"2026-10-03T22:47:34.573442-03:00","Action":"pass","Package":"cmd/compile/internal/ssacompile","Test":"TestPhioptIntegerNestedBranches/amd64/uint64/direct-true/true=1/compare=1/equal=true","Elapsed":0}
{"Time":"2026-10-03T22:47:34.573444-03:00","Action":"run","Package":"cmd/compile/internal/ssacompile","Test":"TestPhioptIntegerNestedBranches/amd64/uint64/direct-false/true=0/compare=0/equal=false"}
{"Time":"2026-10-03T22:47:34.573447-03:00","Action":"output","Package":"cmd/compile/internal/ssacompile","Test":"TestPhioptIntegerNestedBranches/amd64/uint64/direct-false/true=0/compare=0/equal=false","Output":"=== RUN   TestPhioptIntegerNestedBranches/amd64/uint64/direct-false/true=0/compare=0/equal=false\n","OutputType":"frame"}
{"Time":"2026-10-03T22:47:34.57349-03:00","Action":"output","Package":"cmd/compile/internal/ssacompile","Test":"TestPhioptIntegerNestedBranches/amd64/uint64/direct-false/true=0/compare=0/equal=false","Output":"--- PASS: TestPhioptIntegerNestedBranches/amd64/uint64/direct-false/true=0/compare=0/equal=false (0.00s)\n","OutputType":"frame"}
{"Time":"2026-10-03T22:47:34.573505-03:00","Action":"pass","Package":"cmd/compile/internal/ssacompile","Test":"TestPhioptIntegerNestedBranches/amd64/uint64/direct-false/true=0/compare=0/equal=false","Elapsed":0}
{"Time":"2026-10-03T22:47:34.573514-03:00","Action":"run","Package":"cmd/compile/internal/ssacompile","Test":"TestPhioptIntegerNestedBranches/amd64/uint64/direct-false/true=0/compare=0/equal=true"}
{"Time":"2026-10-03T22:47:34.573522-03:00","Action":"output","Package":"cmd/compile/internal/ssacompile","Test":"TestPhioptIntegerNestedBranches/amd64/uint64/direct-false/true=0/compare=0/equal=true","Output":"=== RUN   TestPhioptIntegerNestedBranches/amd64/uint64/direct-false/true=0/compare=0/equal=true\n","OutputType":"frame"}
{"Time":"2026-10-03T22:47:34.573601-03:00","Action":"output","Package":"cmd/compile/internal/ssacompile","Test":"TestPhioptIntegerNestedBranches/amd64/uint64/direct-false/true=0/compare=0/equal=true","Output":"--- PASS: TestPhioptIntegerNestedBranches/amd64/uint64/direct-false/true=0/compare=0/equal=true (0.00s)\n","OutputType":"frame"}
{"Time":"2026-10-03T22:47:34.573611-03:00","Action":"pass","Package":"cmd/compile/internal/ssacompile","Test":"TestPhioptIntegerNestedBranches/amd64/uint64/direct-false/true=0/compare=0/equal=true","Elapsed":0}
{"Time":"2026-10-03T22:47:34.573616-03:00","Action":"run","Package":"cmd/compile/internal/ssacompile","Test":"TestPhioptIntegerNestedBranches/amd64/uint64/direct-false/true=0/compare=1/equal=false"}
{"Time":"2026-10-03T22:47:34.573618-03:00","Action":"output","Package":"cmd/compile/internal/ssacompile","Test":"TestPhioptIntegerNestedBranches/amd64/uint64/direct-false/true=0/compare=1/equal=false","Output":"=== RUN   TestPhioptIntegerNestedBranches/amd64/uint64/direct-false/true=0/compare=1/equal=false\n","OutputType":"frame"}
{"Time":"2026-10-03T22:47:34.573659-03:00","Action":"output","Package":"cmd/compile/internal/ssacompile","Test":"TestPhioptIntegerNestedBranches/amd64/uint64/direct-false/true=0/compare=1/equal=false","Output":"--- PASS: TestPhioptIntegerNestedBranches/amd64/uint64/direct-false/true=0/compare=1/equal=false (0.00s)\n","OutputType":"frame"}
{"Time":"2026-10-03T22:47:34.573663-03:00","Action":"pass","Package":"cmd/compile/internal/ssacompile","Test":"TestPhioptIntegerNestedBranches/amd64/uint64/direct-false/true=0/compare=1/equal=false","Elapsed":0}
{"Time":"2026-10-03T22:47:34.573666-03:00","Action":"run","Package":"cmd/compile/internal/ssacompile","Test":"TestPhioptIntegerNestedBranches/amd64/uint64/direct-false/true=0/compare=1/equal=true"}
{"Time":"2026-10-03T22:47:34.573669-03:00","Action":"output","Package":"cmd/compile/internal/ssacompile","Test":"TestPhioptIntegerNestedBranches/amd64/uint64/direct-false/true=0/compare=1/equal=true","Output":"=== RUN   TestPhioptIntegerNestedBranches/amd64/uint64/direct-false/true=0/compare=1/equal=true\n","OutputType":"frame"}
{"Time":"2026-10-03T22:47:34.573672-03:00","Action":"output","Package":"cmd/compile/internal/ssacompile","Test":"TestPhioptIntegerNestedBranches/amd64/uint64/direct-false/true=0/compare=1/equal=true","Output":"--- PASS: TestPhioptIntegerNestedBranches/amd64/uint64/direct-false/true=0/compare=1/equal=true (0.00s)\n","OutputType":"frame"}
{"Time":"2026-10-03T22:47:34.573675-03:00","Action":"pass","Package":"cmd/compile/internal/ssacompile","Test":"TestPhioptIntegerNestedBranches/amd64/uint64/direct-false/true=0/compare=1/equal=true","Elapsed":0}
{"Time":"2026-10-03T22:47:34.573677-03:00","Action":"run","Package":"cmd/compile/internal/ssacompile","Test":"TestPhioptIntegerNestedBranches/amd64/uint64/direct-false/true=1/compare=0/equal=false"}
{"Time":"2026-10-03T22:47:34.57368-03:00","Action":"output","Package":"cmd/compile/internal/ssacompile","Test":"TestPhioptIntegerNestedBranches/amd64/uint64/direct-false/true=1/compare=0/equal=false","Output":"=== RUN   TestPhioptIntegerNestedBranches/amd64/uint64/direct-false/true=1/compare=0/equal=false\n","OutputType":"frame"}
{"Time":"2026-10-03T22:47:34.573683-03:00","Action":"output","Package":"cmd/compile/internal/ssacompile","Test":"TestPhioptIntegerNestedBranches/amd64/uint64/direct-false/true=1/compare=0/equal=false","Output":"--- PASS: TestPhioptIntegerNestedBranches/amd64/uint64/direct-false/true=1/compare=0/equal=false (0.00s)\n","OutputType":"frame"}
{"Time":"2026-10-03T22:47:34.573686-03:00","Action":"pass","Package":"cmd/compile/internal/ssacompile","Test":"TestPhioptIntegerNestedBranches/amd64/uint64/direct-false/true=1/compare=0/equal=false","Elapsed":0}
{"Time":"2026-10-03T22:47:34.573688-03:00","Action":"run","Package":"cmd/compile/internal/ssacompile","Test":"TestPhioptIntegerNestedBranches/amd64/uint64/direct-false/true=1/compare=0/equal=true"}
{"Time":"2026-10-03T22:47:34.573692-03:00","Action":"output","Package":"cmd/compile/internal/ssacompile","Test":"TestPhioptIntegerNestedBranches/amd64/uint64/direct-false/true=1/compare=0/equal=true","Output":"=== RUN   TestPhioptIntegerNestedBranches/amd64/uint64/direct-false/true=1/compare=0/equal=true\n","OutputType":"frame"}
{"Time":"2026-10-03T22:47:34.573695-03:00","Action":"output","Package":"cmd/compile/internal/ssacompile","Test":"TestPhioptIntegerNestedBranches/amd64/uint64/direct-false/true=1/compare=0/equal=true","Output":"--- PASS: TestPhioptIntegerNestedBranches/amd64/uint64/direct-false/true=1/compare=0/equal=true (0.00s)\n","OutputType":"frame"}
{"Time":"2026-10-03T22:47:34.573698-03:00","Action":"pass","Package":"cmd/compile/internal/ssacompile","Test":"TestPhioptIntegerNestedBranches/amd64/uint64/direct-false/true=1/compare=0/equal=true","Elapsed":0}
{"Time":"2026-10-03T22:47:34.5737-03:00","Action":"run","Package":"cmd/compile/internal/ssacompile","Test":"TestPhioptIntegerNestedBranches/amd64/uint64/direct-false/true=1/compare=1/equal=false"}
{"Time":"2026-10-03T22:47:34.573703-03:00","Action":"output","Package":"cmd/compile/internal/ssacompile","Test":"TestPhioptIntegerNestedBranches/amd64/uint64/direct-false/true=1/compare=1/equal=false","Output":"=== RUN   TestPhioptIntegerNestedBranches/amd64/uint64/direct-false/true=1/compare=1/equal=false\n","OutputType":"frame"}
{"Time":"2026-10-03T22:47:34.573706-03:00","Action":"output","Package":"cmd/compile/internal/ssacompile","Test":"TestPhioptIntegerNestedBranches/amd64/uint64/direct-false/true=1/compare=1/equal=false","Output":"--- PASS: TestPhioptIntegerNestedBranches/amd64/uint64/direct-false/true=1/compare=1/equal=false (0.00s)\n","OutputType":"frame"}
{"Time":"2026-10-03T22:47:34.573708-03:00","Action":"pass","Package":"cmd/compile/internal/ssacompile","Test":"TestPhioptIntegerNestedBranches/amd64/uint64/direct-false/true=1/compare=1/equal=false","Elapsed":0}
{"Time":"2026-10-03T22:47:34.573711-03:00","Action":"run","Package":"cmd/compile/internal/ssacompile","Test":"TestPhioptIntegerNestedBranches/amd64/uint64/direct-false/true=1/compare=1/equal=true"}
{"Time":"2026-10-03T22:47:34.573713-03:00","Action":"output","Package":"cmd/compile/internal/ssacompile","Test":"TestPhioptIntegerNestedBranches/amd64/uint64/direct-false/true=1/compare=1/equal=true","Output":"=== RUN   TestPhioptIntegerNestedBranches/amd64/uint64/direct-false/true=1/compare=1/equal=true\n","OutputType":"frame"}
{"Time":"2026-10-03T22:47:34.573717-03:00","Action":"output","Package":"cmd/compile/internal/ssacompile","Test":"TestPhioptIntegerNestedBranches/amd64/uint64/direct-false/true=1/compare=1/equal=true","Output":"--- PASS: TestPhioptIntegerNestedBranches/amd64/uint64/direct-false/true=1/compare=1/equal=true (0.00s)\n","OutputType":"frame"}
{"Time":"2026-10-03T22:47:34.573719-03:00","Action":"pass","Package":"cmd/compile/internal/ssacompile","Test":"TestPhioptIntegerNestedBranches/amd64/uint64/direct-false/true=1/compare=1/equal=true","Elapsed":0}
{"Time":"2026-10-03T22:47:34.573722-03:00","Action":"output","Package":"cmd/compile/internal/ssacompile","Test":"TestPhioptIntegerNestedBranches/amd64","Output":"--- PASS: TestPhioptIntegerNestedBranches/amd64 (0.00s)\n","OutputType":"frame"}
{"Time":"2026-10-03T22:47:34.573725-03:00","Action":"pass","Package":"cmd/compile/internal/ssacompile","Test":"TestPhioptIntegerNestedBranches/amd64","Elapsed":0}
{"Time":"2026-10-03T22:47:34.573727-03:00","Action":"run","Package":"cmd/compile/internal/ssacompile","Test":"TestPhioptIntegerNestedBranches/arm64"}
{"Time":"2026-10-03T22:47:34.57373-03:00","Action":"output","Package":"cmd/compile/internal/ssacompile","Test":"TestPhioptIntegerNestedBranches/arm64","Output":"=== RUN   TestPhioptIntegerNestedBranches/arm64\n","OutputType":"frame"}
{"Time":"2026-10-03T22:47:34.574881-03:00","Action":"run","Package":"cmd/compile/internal/ssacompile","Test":"TestPhioptIntegerNestedBranches/arm64/int8/nested/true=0/compare=0/equal=false"}
{"Time":"2026-10-03T22:47:34.574885-03:00","Action":"output","Package":"cmd/compile/internal/ssacompile","Test":"TestPhioptIntegerNestedBranches/arm64/int8/nested/true=0/compare=0/equal=false","Output":"=== RUN   TestPhioptIntegerNestedBranches/arm64/int8/nested/true=0/compare=0/equal=false\n","OutputType":"frame"}
{"Time":"2026-10-03T22:47:34.57489-03:00","Action":"output","Package":"cmd/compile/internal/ssacompile","Test":"TestPhioptIntegerNestedBranches/arm64/int8/nested/true=0/compare=0/equal=false","Output":"--- PASS: TestPhioptIntegerNestedBranches/arm64/int8/nested/true=0/compare=0/equal=false (0.00s)\n","OutputType":"frame"}
{"Time":"2026-10-03T22:47:34.574893-03:00","Action":"pass","Package":"cmd/compile/internal/ssacompile","Test":"TestPhioptIntegerNestedBranches/arm64/int8/nested/true=0/compare=0/equal=false","Elapsed":0}
{"Time":"2026-10-03T22:47:34.574895-03:00","Action":"run","Package":"cmd/compile/internal/ssacompile","Test":"TestPhioptIntegerNestedBranches/arm64/int8/nested/true=0/compare=0/equal=true"}
{"Time":"2026-10-03T22:47:34.574898-03:00","Action":"output","Package":"cmd/compile/internal/ssacompile","Test":"TestPhioptIntegerNestedBranches/arm64/int8/nested/true=0/compare=0/equal=true","Output":"=== RUN   TestPhioptIntegerNestedBranches/arm64/int8/nested/true=0/compare=0/equal=true\n","OutputType":"frame"}
{"Time":"2026-10-03T22:47:34.574903-03:00","Action":"output","Package":"cmd/compile/internal/ssacompile","Test":"TestPhioptIntegerNestedBranches/arm64/int8/nested/true=0/compare=0/equal=true","Output":"--- PASS: TestPhioptIntegerNestedBranches/arm64/int8/nested/true=0/compare=0/equal=true (0.00s)\n","OutputType":"frame"}
{"Time":"2026-10-03T22:47:34.574906-03:00","Action":"pass","Package":"cmd/compile/internal/ssacompile","Test":"TestPhioptIntegerNestedBranches/arm64/int8/nested/true=0/compare=0/equal=true","Elapsed":0}
{"Time":"2026-10-03T22:47:34.574909-03:00","Action":"run","Package":"cmd/compile/internal/ssacompile","Test":"TestPhioptIntegerNestedBranches/arm64/int8/nested/true=0/compare=1/equal=false"}
{"Time":"2026-10-03T22:47:34.574911-03:00","Action":"output","Package":"cmd/compile/internal/ssacompile","Test":"TestPhioptIntegerNestedBranches/arm64/int8/nested/true=0/compare=1/equal=false","Output":"=== RUN   TestPhioptIntegerNestedBranches/arm64/int8/nested/true=0/compare=1/equal=false\n","OutputType":"frame"}
{"Time":"2026-10-03T22:47:34.574914-03:00","Action":"output","Package":"cmd/compile/internal/ssacompile","Test":"TestPhioptIntegerNestedBranches/arm64/int8/nested/true=0/compare=1/equal=false","Output":"--- PASS: TestPhioptIntegerNestedBranches/arm64/int8/nested/true=0/compare=1/equal=false (0.00s)\n","OutputType":"frame"}
{"Time":"2026-10-03T22:47:34.574917-03:00","Action":"pass","Package":"cmd/compile/internal/ssacompile","Test":"TestPhioptIntegerNestedBranches/arm64/int8/nested/true=0/compare=1/equal=false","Elapsed":0}
{"Time":"2026-10-03T22:47:34.574919-03:00","Action":"run","Package":"cmd/compile/internal/ssacompile","Test":"TestPhioptIntegerNestedBranches/arm64/int8/nested/true=0/compare=1/equal=true"}
{"Time":"2026-10-03T22:47:34.574921-03:00","Action":"output","Package":"cmd/compile/internal/ssacompile","Test":"TestPhioptIntegerNestedBranches/arm64/int8/nested/true=0/compare=1/equal=true","Output":"=== RUN   TestPhioptIntegerNestedBranches/arm64/int8/nested/true=0/compare=1/equal=true\n","OutputType":"frame"}
{"Time":"2026-10-03T22:47:34.57497-03:00","Action":"output","Package":"cmd/compile/internal/ssacompile","Test":"TestPhioptIntegerNestedBranches/arm64/int8/nested/true=0/compare=1/equal=true","Output":"--- PASS: TestPhioptIntegerNestedBranches/arm64/int8/nested/true=0/compare=1/equal=true (0.00s)\n","OutputType":"frame"}
{"Time":"2026-10-03T22:47:34.575006-03:00","Action":"pass","Package":"cmd/compile/internal/ssacompile","Test":"TestPhioptIntegerNestedBranches/arm64/int8/nested/true=0/compare=1/equal=true","Elapsed":0}
{"Time":"2026-10-03T22:47:34.575017-03:00","Action":"run","Package":"cmd/compile/internal/ssacompile","Test":"TestPhioptIntegerNestedBranches/arm64/int8/nested/true=1/compare=0/equal=false"}
{"Time":"2026-10-03T22:47:34.575025-03:00","Action":"output","Package":"cmd/compile/internal/ssacompile","Test":"TestPhioptIntegerNestedBranches/arm64/int8/nested/true=1/compare=0/equal=false","Output":"=== RUN   TestPhioptIntegerNestedBranches/arm64/int8/nested/true=1/compare=0/equal=false\n","OutputType":"frame"}
{"Time":"2026-10-03T22:47:34.575115-03:00","Action":"output","Package":"cmd/compile/internal/ssacompile","Test":"TestPhioptIntegerNestedBranches/arm64/int8/nested/true=1/compare=0/equal=false","Output":"--- PASS: TestPhioptIntegerNestedBranches/arm64/int8/nested/true=1/compare=0/equal=false (0.00s)\n","OutputType":"frame"}
{"Time":"2026-10-03T22:47:34.575121-03:00","Action":"pass","Package":"cmd/compile/internal/ssacompile","Test":"TestPhioptIntegerNestedBranches/arm64/int8/nested/true=1/compare=0/equal=false","Elapsed":0}
{"Time":"2026-10-03T22:47:34.575126-03:00","Action":"run","Package":"cmd/compile/internal/ssacompile","Test":"TestPhioptIntegerNestedBranches/arm64/int8/nested/true=1/compare=0/equal=true"}
{"Time":"2026-10-03T22:47:34.575129-03:00","Action":"output","Package":"cmd/compile/internal/ssacompile","Test":"TestPhioptIntegerNestedBranches/arm64/int8/nested/true=1/compare=0/equal=true","Output":"=== RUN   TestPhioptIntegerNestedBranches/arm64/int8/nested/true=1/compare=0/equal=true\n","OutputType":"frame"}
{"Time":"2026-10-03T22:47:34.575139-03:00","Action":"output","Package":"cmd/compile/internal/ssacompile","Test":"TestPhioptIntegerNestedBranches/arm64/int8/nested/true=1/compare=0/equal=true","Output":"--- PASS: TestPhioptIntegerNestedBranches/arm64/int8/nested/true=1/compare=0/equal=true (0.00s)\n","OutputType":"frame"}
{"Time":"2026-10-03T22:47:34.575148-03:00","Action":"pass","Package":"cmd/compile/internal/ssacompile","Test":"TestPhioptIntegerNestedBranches/arm64/int8/nested/true=1/compare=0/equal=true","Elapsed":0}
{"Time":"2026-10-03T22:47:34.575153-03:00","Action":"run","Package":"cmd/compile/internal/ssacompile","Test":"TestPhioptIntegerNestedBranches/arm64/int8/nested/true=1/compare=1/equal=false"}
{"Time":"2026-10-03T22:47:34.575156-03:00","Action":"output","Package":"cmd/compile/internal/ssacompile","Test":"TestPhioptIntegerNestedBranches/arm64/int8/nested/true=1/compare=1/equal=false","Output":"=== RUN   TestPhioptIntegerNestedBranches/arm64/int8/nested/true=1/compare=1/equal=false\n","OutputType":"frame"}
{"Time":"2026-10-03T22:47:34.575213-03:00","Action":"output","Package":"cmd/compile/internal/ssacompile","Test":"TestPhioptIntegerNestedBranches/arm64/int8/nested/true=1/compare=1/equal=false","Output":"--- PASS: TestPhioptIntegerNestedBranches/arm64/int8/nested/true=1/compare=1/equal=false (0.00s)\n","OutputType":"frame"}
{"Time":"2026-10-03T22:47:34.575217-03:00","Action":"pass","Package":"cmd/compile/internal/ssacompile","Test":"TestPhioptIntegerNestedBranches/arm64/int8/nested/true=1/compare=1/equal=false","Elapsed":0}
{"Time":"2026-10-03T22:47:34.575221-03:00","Action":"run","Package":"cmd/compile/internal/ssacompile","Test":"TestPhioptIntegerNestedBranches/arm64/int8/nested/true=1/compare=1/equal=true"}
{"Time":"2026-10-03T22:47:34.575224-03:00","Action":"output","Package":"cmd/compile/internal/ssacompile","Test":"TestPhioptIntegerNestedBranches/arm64/int8/nested/true=1/compare=1/equal=true","Output":"=== RUN   TestPhioptIntegerNestedBranches/arm64/int8/nested/true=1/compare=1/equal=true\n","OutputType":"frame"}
{"Time":"2026-10-03T22:47:34.575227-03:00","Action":"output","Package":"cmd/compile/internal/ssacompile","Test":"TestPhioptIntegerNestedBranches/arm64/int8/nested/true=1/compare=1/equal=true","Output":"--- PASS: TestPhioptIntegerNestedBranches/arm64/int8/nested/true=1/compare=1/equal=true (0.00s)\n","OutputType":"frame"}
{"Time":"2026-10-03T22:47:34.575231-03:00","Action":"pass","Package":"cmd/compile/internal/ssacompile","Test":"TestPhioptIntegerNestedBranches/arm64/int8/nested/true=1/compare=1/equal=true","Elapsed":0}
{"Time":"2026-10-03T22:47:34.575234-03:00","Action":"run","Package":"cmd/compile/internal/ssacompile","Test":"TestPhioptIntegerNestedBranches/arm64/int8/direct-true/true=0/compare=0/equal=false"}
{"Time":"2026-10-03T22:47:34.575236-03:00","Action":"output","Package":"cmd/compile/internal/ssacompile","Test":"TestPhioptIntegerNestedBranches/arm64/int8/direct-true/true=0/compare=0/equal=false","Output":"=== RUN   TestPhioptIntegerNestedBranches/arm64/int8/direct-true/true=0/compare=0/equal=false\n","OutputType":"frame"}
{"Time":"2026-10-03T22:47:34.575241-03:00","Action":"output","Package":"cmd/compile/internal/ssacompile","Test":"TestPhioptIntegerNestedBranches/arm64/int8/direct-true/true=0/compare=0/equal=false","Output":"--- PASS: TestPhioptIntegerNestedBranches/arm64/int8/direct-true/true=0/compare=0/equal=false (0.00s)\n","OutputType":"frame"}
{"Time":"2026-10-03T22:47:34.575244-03:00","Action":"pass","Package":"cmd/compile/internal/ssacompile","Test":"TestPhioptIntegerNestedBranches/arm64/int8/direct-true/true=0/compare=0/equal=false","Elapsed":0}
{"Time":"2026-10-03T22:47:34.575247-03:00","Action":"run","Package":"cmd/compile/internal/ssacompile","Test":"TestPhioptIntegerNestedBranches/arm64/int8/direct-true/true=0/compare=0/equal=true"}
{"Time":"2026-10-03T22:47:34.575252-03:00","Action":"output","Package":"cmd/compile/internal/ssacompile","Test":"TestPhioptIntegerNestedBranches/arm64/int8/direct-true/true=0/compare=0/equal=true","Output":"=== RUN   TestPhioptIntegerNestedBranches/arm64/int8/direct-true/true=0/compare=0/equal=true\n","OutputType":"frame"}
{"Time":"2026-10-03T22:47:34.575255-03:00","Action":"output","Package":"cmd/compile/internal/ssacompile","Test":"TestPhioptIntegerNestedBranches/arm64/int8/direct-true/true=0/compare=0/equal=true","Output":"--- PASS: TestPhioptIntegerNestedBranches/arm64/int8/direct-true/true=0/compare=0/equal=true (0.00s)\n","OutputType":"frame"}
{"Time":"2026-10-03T22:47:34.575258-03:00","Action":"pass","Package":"cmd/compile/internal/ssacompile","Test":"TestPhioptIntegerNestedBranches/arm64/int8/direct-true/true=0/compare=0/equal=true","Elapsed":0}
{"Time":"2026-10-03T22:47:34.575261-03:00","Action":"run","Package":"cmd/compile/internal/ssacompile","Test":"TestPhioptIntegerNestedBranches/arm64/int8/direct-true/true=0/compare=1/equal=false"}
{"Time":"2026-10-03T22:47:34.575263-03:00","Action":"output","Package":"cmd/compile/internal/ssacompile","Test":"TestPhioptIntegerNestedBranches/arm64/int8/direct-true/true=0/compare=1/equal=false","Output":"=== RUN   TestPhioptIntegerNestedBranches/arm64/int8/direct-true/true=0/compare=1/equal=false\n","OutputType":"frame"}
{"Time":"2026-10-03T22:47:34.575266-03:00","Action":"output","Package":"cmd/compile/internal/ssacompile","Test":"TestPhioptIntegerNestedBranches/arm64/int8/direct-true/true=0/compare=1/equal=false","Output":"--- PASS: TestPhioptIntegerNestedBranches/arm64/int8/direct-true/true=0/compare=1/equal=false (0.00s)\n","OutputType":"frame"}
{"Time":"2026-10-03T22:47:34.575269-03:00","Action":"pass","Package":"cmd/compile/internal/ssacompile","Test":"TestPhioptIntegerNestedBranches/arm64/int8/direct-true/true=0/compare=1/equal=false","Elapsed":0}
{"Time":"2026-10-03T22:47:34.575272-03:00","Action":"run","Package":"cmd/compile/internal/ssacompile","Test":"TestPhioptIntegerNestedBranches/arm64/int8/direct-true/true=0/compare=1/equal=true"}
{"Time":"2026-10-03T22:47:34.575275-03:00","Action":"output","Package":"cmd/compile/internal/ssacompile","Test":"TestPhioptIntegerNestedBranches/arm64/int8/direct-true/true=0/compare=1/equal=true","Output":"=== RUN   TestPhioptIntegerNestedBranches/arm64/int8/direct-true/true=0/compare=1/equal=true\n","OutputType":"frame"}
{"Time":"2026-10-03T22:47:34.575278-03:00","Action":"output","Package":"cmd/compile/internal/ssacompile","Test":"TestPhioptIntegerNestedBranches/arm64/int8/direct-true/true=0/compare=1/equal=true","Output":"--- PASS: TestPhioptIntegerNestedBranches/arm64/int8/direct-true/true=0/compare=1/equal=true (0.00s)\n","OutputType":"frame"}
{"Time":"2026-10-03T22:47:34.575281-03:00","Action":"pass","Package":"cmd/compile/internal/ssacompile","Test":"TestPhioptIntegerNestedBranches/arm64/int8/direct-true/true=0/compare=1/equal=true","Elapsed":0}
{"Time":"2026-10-03T22:47:34.575285-03:00","Action":"run","Package":"cmd/compile/internal/ssacompile","Test":"TestPhioptIntegerNestedBranches/arm64/int8/direct-true/true=1/compare=0/equal=false"}
{"Time":"2026-10-03T22:47:34.575287-03:00","Action":"output","Package":"cmd/compile/internal/ssacompile","Test":"TestPhioptIntegerNestedBranches/arm64/int8/direct-true/true=1/compare=0/equal=false","Output":"=== RUN   TestPhioptIntegerNestedBranches/arm64/int8/direct-true/true=1/compare=0/equal=false\n","OutputType":"frame"}
{"Time":"2026-10-03T22:47:34.57529-03:00","Action":"output","Package":"cmd/compile/internal/ssacompile","Test":"TestPhioptIntegerNestedBranches/arm64/int8/direct-true/true=1/compare=0/equal=false","Output":"--- PASS: TestPhioptIntegerNestedBranches/arm64/int8/direct-true/true=1/compare=0/equal=false (0.00s)\n","OutputType":"frame"}
{"Time":"2026-10-03T22:47:34.575293-03:00","Action":"pass","Package":"cmd/compile/internal/ssacompile","Test":"TestPhioptIntegerNestedBranches/arm64/int8/direct-true/true=1/compare=0/equal=false","Elapsed":0}
{"Time":"2026-10-03T22:47:34.575296-03:00","Action":"run","Package":"cmd/compile/internal/ssacompile","Test":"TestPhioptIntegerNestedBranches/arm64/int8/direct-true/true=1/compare=0/equal=true"}
{"Time":"2026-10-03T22:47:34.575298-03:00","Action":"output","Package":"cmd/compile/internal/ssacompile","Test":"TestPhioptIntegerNestedBranches/arm64/int8/direct-true/true=1/compare=0/equal=true","Output":"=== RUN   TestPhioptIntegerNestedBranches/arm64/int8/direct-true/true=1/compare=0/equal=true\n","OutputType":"frame"}
{"Time":"2026-10-03T22:47:34.575301-03:00","Action":"output","Package":"cmd/compile/internal/ssacompile","Test":"TestPhioptIntegerNestedBranches/arm64/int8/direct-true/true=1/compare=0/equal=true","Output":"--- PASS: TestPhioptIntegerNestedBranches/arm64/int8/direct-true/true=1/compare=0/equal=true (0.00s)\n","OutputType":"frame"}
{"Time":"2026-10-03T22:47:34.575304-03:00","Action":"pass","Package":"cmd/compile/internal/ssacompile","Test":"TestPhioptIntegerNestedBranches/arm64/int8/direct-true/true=1/compare=0/equal=true","Elapsed":0}
{"Time":"2026-10-03T22:47:34.575306-03:00","Action":"run","Package":"cmd/compile/internal/ssacompile","Test":"TestPhioptIntegerNestedBranches/arm64/int8/direct-true/true=1/compare=1/equal=false"}
{"Time":"2026-10-03T22:47:34.575309-03:00","Action":"output","Package":"cmd/compile/internal/ssacompile","Test":"TestPhioptIntegerNestedBranches/arm64/int8/direct-true/true=1/compare=1/equal=false","Output":"=== RUN   TestPhioptIntegerNestedBranches/arm64/int8/direct-true/true=1/compare=1/equal=false\n","OutputType":"frame"}
{"Time":"2026-10-03T22:47:34.575312-03:00","Action":"output","Package":"cmd/compile/internal/ssacompile","Test":"TestPhioptIntegerNestedBranches/arm64/int8/direct-true/true=1/compare=1/equal=false","Output":"--- PASS: TestPhioptIntegerNestedBranches/arm64/int8/direct-true/true=1/compare=1/equal=false (0.00s)\n","OutputType":"frame"}
{"Time":"2026-10-03T22:47:34.575317-03:00","Action":"pass","Package":"cmd/compile/internal/ssacompile","Test":"TestPhioptIntegerNestedBranches/arm64/int8/direct-true/true=1/compare=1/equal=false","Elapsed":0}
{"Time":"2026-10-03T22:47:34.57532-03:00","Action":"run","Package":"cmd/compile/internal/ssacompile","Test":"TestPhioptIntegerNestedBranches/arm64/int8/direct-true/true=1/compare=1/equal=true"}
{"Time":"2026-10-03T22:47:34.575322-03:00","Action":"output","Package":"cmd/compile/internal/ssacompile","Test":"TestPhioptIntegerNestedBranches/arm64/int8/direct-true/true=1/compare=1/equal=true","Output":"=== RUN   TestPhioptIntegerNestedBranches/arm64/int8/direct-true/true=1/compare=1/equal=true\n","OutputType":"frame"}
{"Time":"2026-10-03T22:47:34.575326-03:00","Action":"output","Package":"cmd/compile/internal/ssacompile","Test":"TestPhioptIntegerNestedBranches/arm64/int8/direct-true/true=1/compare=1/equal=true","Output":"--- PASS: TestPhioptIntegerNestedBranches/arm64/int8/direct-true/true=1/compare=1/equal=true (0.00s)\n","OutputType":"frame"}
{"Time":"2026-10-03T22:47:34.575328-03:00","Action":"pass","Package":"cmd/compile/internal/ssacompile","Test":"TestPhioptIntegerNestedBranches/arm64/int8/direct-true/true=1/compare=1/equal=true","Elapsed":0}
{"Time":"2026-10-03T22:47:34.575337-03:00","Action":"run","Package":"cmd/compile/internal/ssacompile","Test":"TestPhioptIntegerNestedBranches/arm64/int8/direct-false/true=0/compare=0/equal=false"}
{"Time":"2026-10-03T22:47:34.575339-03:00","Action":"output","Package":"cmd/compile/internal/ssacompile","Test":"TestPhioptIntegerNestedBranches/arm64/int8/direct-false/true=0/compare=0/equal=false","Output":"=== RUN   TestPhioptIntegerNestedBranches/arm64/int8/direct-false/true=0/compare=0/equal=false\n","OutputType":"frame"}
{"Time":"2026-10-03T22:47:34.575342-03:00","Action":"output","Package":"cmd/compile/internal/ssacompile","Test":"TestPhioptIntegerNestedBranches/arm64/int8/direct-false/true=0/compare=0/equal=false","Output":"--- PASS: TestPhioptIntegerNestedBranches/arm64/int8/direct-false/true=0/compare=0/equal=false (0.00s)\n","OutputType":"frame"}
{"Time":"2026-10-03T22:47:34.575345-03:00","Action":"pass","Package":"cmd/compile/internal/ssacompile","Test":"TestPhioptIntegerNestedBranches/arm64/int8/direct-false/true=0/compare=0/equal=false","Elapsed":0}
{"Time":"2026-10-03T22:47:34.575348-03:00","Action":"run","Package":"cmd/compile/internal/ssacompile","Test":"TestPhioptIntegerNestedBranches/arm64/int8/direct-false/true=0/compare=0/equal=true"}
{"Time":"2026-10-03T22:47:34.57535-03:00","Action":"output","Package":"cmd/compile/internal/ssacompile","Test":"TestPhioptIntegerNestedBranches/arm64/int8/direct-false/true=0/compare=0/equal=true","Output":"=== RUN   TestPhioptIntegerNestedBranches/arm64/int8/direct-false/true=0/compare=0/equal=true\n","OutputType":"frame"}
{"Time":"2026-10-03T22:47:34.575353-03:00","Action":"output","Package":"cmd/compile/internal/ssacompile","Test":"TestPhioptIntegerNestedBranches/arm64/int8/direct-false/true=0/compare=0/equal=true","Output":"--- PASS: TestPhioptIntegerNestedBranches/arm64/int8/direct-false/true=0/compare=0/equal=true (0.00s)\n","OutputType":"frame"}
{"Time":"2026-10-03T22:47:34.575356-03:00","Action":"pass","Package":"cmd/compile/internal/ssacompile","Test":"TestPhioptIntegerNestedBranches/arm64/int8/direct-false/true=0/compare=0/equal=true","Elapsed":0}
{"Time":"2026-10-03T22:47:34.575358-03:00","Action":"run","Package":"cmd/compile/internal/ssacompile","Test":"TestPhioptIntegerNestedBranches/arm64/int8/direct-false/true=0/compare=1/equal=false"}
{"Time":"2026-10-03T22:47:34.575361-03:00","Action":"output","Package":"cmd/compile/internal/ssacompile","Test":"TestPhioptIntegerNestedBranches/arm64/int8/direct-false/true=0/compare=1/equal=false","Output":"=== RUN   TestPhioptIntegerNestedBranches/arm64/int8/direct-false/true=0/compare=1/equal=false\n","OutputType":"frame"}
{"Time":"2026-10-03T22:47:34.575364-03:00","Action":"output","Package":"cmd/compile/internal/ssacompile","Test":"TestPhioptIntegerNestedBranches/arm64/int8/direct-false/true=0/compare=1/equal=false","Output":"--- PASS: TestPhioptIntegerNestedBranches/arm64/int8/direct-false/true=0/compare=1/equal=false (0.00s)\n","OutputType":"frame"}
{"Time":"2026-10-03T22:47:34.575366-03:00","Action":"pass","Package":"cmd/compile/internal/ssacompile","Test":"TestPhioptIntegerNestedBranches/arm64/int8/direct-false/true=0/compare=1/equal=false","Elapsed":0}
{"Time":"2026-10-03T22:47:34.575369-03:00","Action":"run","Package":"cmd/compile/internal/ssacompile","Test":"TestPhioptIntegerNestedBranches/arm64/int8/direct-false/true=0/compare=1/equal=true"}
{"Time":"2026-10-03T22:47:34.575371-03:00","Action":"output","Package":"cmd/compile/internal/ssacompile","Test":"TestPhioptIntegerNestedBranches/arm64/int8/direct-false/true=0/compare=1/equal=true","Output":"=== RUN   TestPhioptIntegerNestedBranches/arm64/int8/direct-false/true=0/compare=1/equal=true\n","OutputType":"frame"}
{"Time":"2026-10-03T22:47:34.575374-03:00","Action":"output","Package":"cmd/compile/internal/ssacompile","Test":"TestPhioptIntegerNestedBranches/arm64/int8/direct-false/true=0/compare=1/equal=true","Output":"--- PASS: TestPhioptIntegerNestedBranches/arm64/int8/direct-false/true=0/compare=1/equal=true (0.00s)\n","OutputType":"frame"}
{"Time":"2026-10-03T22:47:34.575377-03:00","Action":"pass","Package":"cmd/compile/internal/ssacompile","Test":"TestPhioptIntegerNestedBranches/arm64/int8/direct-false/true=0/compare=1/equal=true","Elapsed":0}
{"Time":"2026-10-03T22:47:34.57538-03:00","Action":"run","Package":"cmd/compile/internal/ssacompile","Test":"TestPhioptIntegerNestedBranches/arm64/int8/direct-false/true=1/compare=0/equal=false"}
{"Time":"2026-10-03T22:47:34.575382-03:00","Action":"output","Package":"cmd/compile/internal/ssacompile","Test":"TestPhioptIntegerNestedBranches/arm64/int8/direct-false/true=1/compare=0/equal=false","Output":"=== RUN   TestPhioptIntegerNestedBranches/arm64/int8/direct-false/true=1/compare=0/equal=false\n","OutputType":"frame"}
{"Time":"2026-10-03T22:47:34.575433-03:00","Action":"output","Package":"cmd/compile/internal/ssacompile","Test":"TestPhioptIntegerNestedBranches/arm64/int8/direct-false/true=1/compare=0/equal=false","Output":"--- PASS: TestPhioptIntegerNestedBranches/arm64/int8/direct-false/true=1/compare=0/equal=false (0.00s)\n","OutputType":"frame"}
{"Time":"2026-10-03T22:47:34.575452-03:00","Action":"pass","Package":"cmd/compile/internal/ssacompile","Test":"TestPhioptIntegerNestedBranches/arm64/int8/direct-false/true=1/compare=0/equal=false","Elapsed":0}
{"Time":"2026-10-03T22:47:34.575462-03:00","Action":"run","Package":"cmd/compile/internal/ssacompile","Test":"TestPhioptIntegerNestedBranches/arm64/int8/direct-false/true=1/compare=0/equal=true"}
{"Time":"2026-10-03T22:47:34.575471-03:00","Action":"output","Package":"cmd/compile/internal/ssacompile","Test":"TestPhioptIntegerNestedBranches/arm64/int8/direct-false/true=1/compare=0/equal=true","Output":"=== RUN   TestPhioptIntegerNestedBranches/arm64/int8/direct-false/true=1/compare=0/equal=true\n","OutputType":"frame"}
{"Time":"2026-10-03T22:47:34.575521-03:00","Action":"output","Package":"cmd/compile/internal/ssacompile","Test":"TestPhioptIntegerNestedBranches/arm64/int8/direct-false/true=1/compare=0/equal=true","Output":"--- PASS: TestPhioptIntegerNestedBranches/arm64/int8/direct-false/true=1/compare=0/equal=true (0.00s)\n","OutputType":"frame"}
{"Time":"2026-10-03T22:47:34.575533-03:00","Action":"pass","Package":"cmd/compile/internal/ssacompile","Test":"TestPhioptIntegerNestedBranches/arm64/int8/direct-false/true=1/compare=0/equal=true","Elapsed":0}
{"Time":"2026-10-03T22:47:34.575548-03:00","Action":"run","Package":"cmd/compile/internal/ssacompile","Test":"TestPhioptIntegerNestedBranches/arm64/int8/direct-false/true=1/compare=1/equal=false"}
{"Time":"2026-10-03T22:47:34.575551-03:00","Action":"output","Package":"cmd/compile/internal/ssacompile","Test":"TestPhioptIntegerNestedBranches/arm64/int8/direct-false/true=1/compare=1/equal=false","Output":"=== RUN   TestPhioptIntegerNestedBranches/arm64/int8/direct-false/true=1/compare=1/equal=false\n","OutputType":"frame"}
{"Time":"2026-10-03T22:47:34.575556-03:00","Action":"output","Package":"cmd/compile/internal/ssacompile","Test":"TestPhioptIntegerNestedBranches/arm64/int8/direct-false/true=1/compare=1/equal=false","Output":"--- PASS: TestPhioptIntegerNestedBranches/arm64/int8/direct-false/true=1/compare=1/equal=false (0.00s)\n","OutputType":"frame"}
{"Time":"2026-10-03T22:47:34.575559-03:00","Action":"pass","Package":"cmd/compile/internal/ssacompile","Test":"TestPhioptIntegerNestedBranches/arm64/int8/direct-false/true=1/compare=1/equal=false","Elapsed":0}
{"Time":"2026-10-03T22:47:34.575562-03:00","Action":"run","Package":"cmd/compile/internal/ssacompile","Test":"TestPhioptIntegerNestedBranches/arm64/int8/direct-false/true=1/compare=1/equal=true"}
{"Time":"2026-10-03T22:47:34.575564-03:00","Action":"output","Package":"cmd/compile/internal/ssacompile","Test":"TestPhioptIntegerNestedBranches/arm64/int8/direct-false/true=1/compare=1/equal=true","Output":"=== RUN   TestPhioptIntegerNestedBranches/arm64/int8/direct-false/true=1/compare=1/equal=true\n","OutputType":"frame"}
{"Time":"2026-10-03T22:47:34.575568-03:00","Action":"output","Package":"cmd/compile/internal/ssacompile","Test":"TestPhioptIntegerNestedBranches/arm64/int8/direct-false/true=1/compare=1/equal=true","Output":"--- PASS: TestPhioptIntegerNestedBranches/arm64/int8/direct-false/true=1/compare=1/equal=true (0.00s)\n","OutputType":"frame"}
{"Time":"2026-10-03T22:47:34.575571-03:00","Action":"pass","Package":"cmd/compile/internal/ssacompile","Test":"TestPhioptIntegerNestedBranches/arm64/int8/direct-false/true=1/compare=1/equal=true","Elapsed":0}
{"Time":"2026-10-03T22:47:34.575573-03:00","Action":"run","Package":"cmd/compile/internal/ssacompile","Test":"TestPhioptIntegerNestedBranches/arm64/uint16/nested/true=0/compare=0/equal=false"}
{"Time":"2026-10-03T22:47:34.575576-03:00","Action":"output","Package":"cmd/compile/internal/ssacompile","Test":"TestPhioptIntegerNestedBranches/arm64/uint16/nested/true=0/compare=0/equal=false","Output":"=== RUN   TestPhioptIntegerNestedBranches/arm64/uint16/nested/true=0/compare=0/equal=false\n","OutputType":"frame"}
{"Time":"2026-10-03T22:47:34.575633-03:00","Action":"output","Package":"cmd/compile/internal/ssacompile","Test":"TestPhioptIntegerNestedBranches/arm64/uint16/nested/true=0/compare=0/equal=false","Output":"--- PASS: TestPhioptIntegerNestedBranches/arm64/uint16/nested/true=0/compare=0/equal=false (0.00s)\n","OutputType":"frame"}
{"Time":"2026-10-03T22:47:34.575637-03:00","Action":"pass","Package":"cmd/compile/internal/ssacompile","Test":"TestPhioptIntegerNestedBranches/arm64/uint16/nested/true=0/compare=0/equal=false","Elapsed":0}
{"Time":"2026-10-03T22:47:34.575641-03:00","Action":"run","Package":"cmd/compile/internal/ssacompile","Test":"TestPhioptIntegerNestedBranches/arm64/uint16/nested/true=0/compare=0/equal=true"}
{"Time":"2026-10-03T22:47:34.575643-03:00","Action":"output","Package":"cmd/compile/internal/ssacompile","Test":"TestPhioptIntegerNestedBranches/arm64/uint16/nested/true=0/compare=0/equal=true","Output":"=== RUN   TestPhioptIntegerNestedBranches/arm64/uint16/nested/true=0/compare=0/equal=true\n","OutputType":"frame"}
{"Time":"2026-10-03T22:47:34.575648-03:00","Action":"output","Package":"cmd/compile/internal/ssacompile","Test":"TestPhioptIntegerNestedBranches/arm64/uint16/nested/true=0/compare=0/equal=true","Output":"--- PASS: TestPhioptIntegerNestedBranches/arm64/uint16/nested/true=0/compare=0/equal=true (0.00s)\n","OutputType":"frame"}
{"Time":"2026-10-03T22:47:34.575653-03:00","Action":"pass","Package":"cmd/compile/internal/ssacompile","Test":"TestPhioptIntegerNestedBranches/arm64/uint16/nested/true=0/compare=0/equal=true","Elapsed":0}
{"Time":"2026-10-03T22:47:34.575656-03:00","Action":"run","Package":"cmd/compile/internal/ssacompile","Test":"TestPhioptIntegerNestedBranches/arm64/uint16/nested/true=0/compare=1/equal=false"}
{"Time":"2026-10-03T22:47:34.575658-03:00","Action":"output","Package":"cmd/compile/internal/ssacompile","Test":"TestPhioptIntegerNestedBranches/arm64/uint16/nested/true=0/compare=1/equal=false","Output":"=== RUN   TestPhioptIntegerNestedBranches/arm64/uint16/nested/true=0/compare=1/equal=false\n","OutputType":"frame"}
{"Time":"2026-10-03T22:47:34.575662-03:00","Action":"output","Package":"cmd/compile/internal/ssacompile","Test":"TestPhioptIntegerNestedBranches/arm64/uint16/nested/true=0/compare=1/equal=false","Output":"--- PASS: TestPhioptIntegerNestedBranches/arm64/uint16/nested/true=0/compare=1/equal=false (0.00s)\n","OutputType":"frame"}
{"Time":"2026-10-03T22:47:34.575665-03:00","Action":"pass","Package":"cmd/compile/internal/ssacompile","Test":"TestPhioptIntegerNestedBranches/arm64/uint16/nested/true=0/compare=1/equal=false","Elapsed":0}
{"Time":"2026-10-03T22:47:34.575667-03:00","Action":"run","Package":"cmd/compile/internal/ssacompile","Test":"TestPhioptIntegerNestedBranches/arm64/uint16/nested/true=0/compare=1/equal=true"}
{"Time":"2026-10-03T22:47:34.575669-03:00","Action":"output","Package":"cmd/compile/internal/ssacompile","Test":"TestPhioptIntegerNestedBranches/arm64/uint16/nested/true=0/compare=1/equal=true","Output":"=== RUN   TestPhioptIntegerNestedBranches/arm64/uint16/nested/true=0/compare=1/equal=true\n","OutputType":"frame"}
{"Time":"2026-10-03T22:47:34.575674-03:00","Action":"output","Package":"cmd/compile/internal/ssacompile","Test":"TestPhioptIntegerNestedBranches/arm64/uint16/nested/true=0/compare=1/equal=true","Output":"--- PASS: TestPhioptIntegerNestedBranches/arm64/uint16/nested/true=0/compare=1/equal=true (0.00s)\n","OutputType":"frame"}
{"Time":"2026-10-03T22:47:34.575676-03:00","Action":"pass","Package":"cmd/compile/internal/ssacompile","Test":"TestPhioptIntegerNestedBranches/arm64/uint16/nested/true=0/compare=1/equal=true","Elapsed":0}
{"Time":"2026-10-03T22:47:34.575679-03:00","Action":"run","Package":"cmd/compile/internal/ssacompile","Test":"TestPhioptIntegerNestedBranches/arm64/uint16/nested/true=1/compare=0/equal=false"}
{"Time":"2026-10-03T22:47:34.575681-03:00","Action":"output","Package":"cmd/compile/internal/ssacompile","Test":"TestPhioptIntegerNestedBranches/arm64/uint16/nested/true=1/compare=0/equal=false","Output":"=== RUN   TestPhioptIntegerNestedBranches/arm64/uint16/nested/true=1/compare=0/equal=false\n","OutputType":"frame"}
{"Time":"2026-10-03T22:47:34.575685-03:00","Action":"output","Package":"cmd/compile/internal/ssacompile","Test":"TestPhioptIntegerNestedBranches/arm64/uint16/nested/true=1/compare=0/equal=false","Output":"--- PASS: TestPhioptIntegerNestedBranches/arm64/uint16/nested/true=1/compare=0/equal=false (0.00s)\n","OutputType":"frame"}
{"Time":"2026-10-03T22:47:34.575688-03:00","Action":"pass","Package":"cmd/compile/internal/ssacompile","Test":"TestPhioptIntegerNestedBranches/arm64/uint16/nested/true=1/compare=0/equal=false","Elapsed":0}
{"Time":"2026-10-03T22:47:34.57569-03:00","Action":"run","Package":"cmd/compile/internal/ssacompile","Test":"TestPhioptIntegerNestedBranches/arm64/uint16/nested/true=1/compare=0/equal=true"}
{"Time":"2026-10-03T22:47:34.575692-03:00","Action":"output","Package":"cmd/compile/internal/ssacompile","Test":"TestPhioptIntegerNestedBranches/arm64/uint16/nested/true=1/compare=0/equal=true","Output":"=== RUN   TestPhioptIntegerNestedBranches/arm64/uint16/nested/true=1/compare=0/equal=true\n","OutputType":"frame"}
{"Time":"2026-10-03T22:47:34.575699-03:00","Action":"output","Package":"cmd/compile/internal/ssacompile","Test":"TestPhioptIntegerNestedBranches/arm64/uint16/nested/true=1/compare=0/equal=true","Output":"--- PASS: TestPhioptIntegerNestedBranches/arm64/uint16/nested/true=1/compare=0/equal=true (0.00s)\n","OutputType":"frame"}
{"Time":"2026-10-03T22:47:34.575702-03:00","Action":"pass","Package":"cmd/compile/internal/ssacompile","Test":"TestPhioptIntegerNestedBranches/arm64/uint16/nested/true=1/compare=0/equal=true","Elapsed":0}
{"Time":"2026-10-03T22:47:34.575705-03:00","Action":"run","Package":"cmd/compile/internal/ssacompile","Test":"TestPhioptIntegerNestedBranches/arm64/uint16/nested/true=1/compare=1/equal=false"}
{"Time":"2026-10-03T22:47:34.575708-03:00","Action":"output","Package":"cmd/compile/internal/ssacompile","Test":"TestPhioptIntegerNestedBranches/arm64/uint16/nested/true=1/compare=1/equal=false","Output":"=== RUN   TestPhioptIntegerNestedBranches/arm64/uint16/nested/true=1/compare=1/equal=false\n","OutputType":"frame"}
{"Time":"2026-10-03T22:47:34.575711-03:00","Action":"output","Package":"cmd/compile/internal/ssacompile","Test":"TestPhioptIntegerNestedBranches/arm64/uint16/nested/true=1/compare=1/equal=false","Output":"--- PASS: TestPhioptIntegerNestedBranches/arm64/uint16/nested/true=1/compare=1/equal=false (0.00s)\n","OutputType":"frame"}
{"Time":"2026-10-03T22:47:34.575713-03:00","Action":"pass","Package":"cmd/compile/internal/ssacompile","Test":"TestPhioptIntegerNestedBranches/arm64/uint16/nested/true=1/compare=1/equal=false","Elapsed":0}
{"Time":"2026-10-03T22:47:34.575716-03:00","Action":"run","Package":"cmd/compile/internal/ssacompile","Test":"TestPhioptIntegerNestedBranches/arm64/uint16/nested/true=1/compare=1/equal=true"}
{"Time":"2026-10-03T22:47:34.575718-03:00","Action":"output","Package":"cmd/compile/internal/ssacompile","Test":"TestPhioptIntegerNestedBranches/arm64/uint16/nested/true=1/compare=1/equal=true","Output":"=== RUN   TestPhioptIntegerNestedBranches/arm64/uint16/nested/true=1/compare=1/equal=true\n","OutputType":"frame"}
{"Time":"2026-10-03T22:47:34.575722-03:00","Action":"output","Package":"cmd/compile/internal/ssacompile","Test":"TestPhioptIntegerNestedBranches/arm64/uint16/nested/true=1/compare=1/equal=true","Output":"--- PASS: TestPhioptIntegerNestedBranches/arm64/uint16/nested/true=1/compare=1/equal=true (0.00s)\n","OutputType":"frame"}
{"Time":"2026-10-03T22:47:34.575725-03:00","Action":"pass","Package":"cmd/compile/internal/ssacompile","Test":"TestPhioptIntegerNestedBranches/arm64/uint16/nested/true=1/compare=1/equal=true","Elapsed":0}
{"Time":"2026-10-03T22:47:34.575728-03:00","Action":"run","Package":"cmd/compile/internal/ssacompile","Test":"TestPhioptIntegerNestedBranches/arm64/uint16/direct-true/true=0/compare=0/equal=false"}
{"Time":"2026-10-03T22:47:34.57573-03:00","Action":"output","Package":"cmd/compile/internal/ssacompile","Test":"TestPhioptIntegerNestedBranches/arm64/uint16/direct-true/true=0/compare=0/equal=false","Output":"=== RUN   TestPhioptIntegerNestedBranches/arm64/uint16/direct-true/true=0/compare=0/equal=false\n","OutputType":"frame"}
{"Time":"2026-10-03T22:47:34.575736-03:00","Action":"output","Package":"cmd/compile/internal/ssacompile","Test":"TestPhioptIntegerNestedBranches/arm64/uint16/direct-true/true=0/compare=0/equal=false","Output":"--- PASS: TestPhioptIntegerNestedBranches/arm64/uint16/direct-true/true=0/compare=0/equal=false (0.00s)\n","OutputType":"frame"}
{"Time":"2026-10-03T22:47:34.57574-03:00","Action":"pass","Package":"cmd/compile/internal/ssacompile","Test":"TestPhioptIntegerNestedBranches/arm64/uint16/direct-true/true=0/compare=0/equal=false","Elapsed":0}
{"Time":"2026-10-03T22:47:34.575742-03:00","Action":"run","Package":"cmd/compile/internal/ssacompile","Test":"TestPhioptIntegerNestedBranches/arm64/uint16/direct-true/true=0/compare=0/equal=true"}
{"Time":"2026-10-03T22:47:34.575745-03:00","Action":"output","Package":"cmd/compile/internal/ssacompile","Test":"TestPhioptIntegerNestedBranches/arm64/uint16/direct-true/true=0/compare=0/equal=true","Output":"=== RUN   TestPhioptIntegerNestedBranches/arm64/uint16/direct-true/true=0/compare=0/equal=true\n","OutputType":"frame"}
{"Time":"2026-10-03T22:47:34.575748-03:00","Action":"output","Package":"cmd/compile/internal/ssacompile","Test":"TestPhioptIntegerNestedBranches/arm64/uint16/direct-true/true=0/compare=0/equal=true","Output":"--- PASS: TestPhioptIntegerNestedBranches/arm64/uint16/direct-true/true=0/compare=0/equal=true (0.00s)\n","OutputType":"frame"}
{"Time":"2026-10-03T22:47:34.57575-03:00","Action":"pass","Package":"cmd/compile/internal/ssacompile","Test":"TestPhioptIntegerNestedBranches/arm64/uint16/direct-true/true=0/compare=0/equal=true","Elapsed":0}
{"Time":"2026-10-03T22:47:34.575753-03:00","Action":"run","Package":"cmd/compile/internal/ssacompile","Test":"TestPhioptIntegerNestedBranches/arm64/uint16/direct-true/true=0/compare=1/equal=false"}
{"Time":"2026-10-03T22:47:34.575756-03:00","Action":"output","Package":"cmd/compile/internal/ssacompile","Test":"TestPhioptIntegerNestedBranches/arm64/uint16/direct-true/true=0/compare=1/equal=false","Output":"=== RUN   TestPhioptIntegerNestedBranches/arm64/uint16/direct-true/true=0/compare=1/equal=false\n","OutputType":"frame"}
{"Time":"2026-10-03T22:47:34.575761-03:00","Action":"output","Package":"cmd/compile/internal/ssacompile","Test":"TestPhioptIntegerNestedBranches/arm64/uint16/direct-true/true=0/compare=1/equal=false","Output":"--- PASS: TestPhioptIntegerNestedBranches/arm64/uint16/direct-true/true=0/compare=1/equal=false (0.00s)\n","OutputType":"frame"}
{"Time":"2026-10-03T22:47:34.575765-03:00","Action":"pass","Package":"cmd/compile/internal/ssacompile","Test":"TestPhioptIntegerNestedBranches/arm64/uint16/direct-true/true=0/compare=1/equal=false","Elapsed":0}
{"Time":"2026-10-03T22:47:34.575767-03:00","Action":"run","Package":"cmd/compile/internal/ssacompile","Test":"TestPhioptIntegerNestedBranches/arm64/uint16/direct-true/true=0/compare=1/equal=true"}
{"Time":"2026-10-03T22:47:34.575771-03:00","Action":"output","Package":"cmd/compile/internal/ssacompile","Test":"TestPhioptIntegerNestedBranches/arm64/uint16/direct-true/true=0/compare=1/equal=true","Output":"=== RUN   TestPhioptIntegerNestedBranches/arm64/uint16/direct-true/true=0/compare=1/equal=true\n","OutputType":"frame"}
{"Time":"2026-10-03T22:47:34.575775-03:00","Action":"output","Package":"cmd/compile/internal/ssacompile","Test":"TestPhioptIntegerNestedBranches/arm64/uint16/direct-true/true=0/compare=1/equal=true","Output":"--- PASS: TestPhioptIntegerNestedBranches/arm64/uint16/direct-true/true=0/compare=1/equal=true (0.00s)\n","OutputType":"frame"}
{"Time":"2026-10-03T22:47:34.575777-03:00","Action":"pass","Package":"cmd/compile/internal/ssacompile","Test":"TestPhioptIntegerNestedBranches/arm64/uint16/direct-true/true=0/compare=1/equal=true","Elapsed":0}
{"Time":"2026-10-03T22:47:34.57578-03:00","Action":"run","Package":"cmd/compile/internal/ssacompile","Test":"TestPhioptIntegerNestedBranches/arm64/uint16/direct-true/true=1/compare=0/equal=false"}
{"Time":"2026-10-03T22:47:34.575782-03:00","Action":"output","Package":"cmd/compile/internal/ssacompile","Test":"TestPhioptIntegerNestedBranches/arm64/uint16/direct-true/true=1/compare=0/equal=false","Output":"=== RUN   TestPhioptIntegerNestedBranches/arm64/uint16/direct-true/true=1/compare=0/equal=false\n","OutputType":"frame"}
{"Time":"2026-10-03T22:47:34.575786-03:00","Action":"output","Package":"cmd/compile/internal/ssacompile","Test":"TestPhioptIntegerNestedBranches/arm64/uint16/direct-true/true=1/compare=0/equal=false","Output":"--- PASS: TestPhioptIntegerNestedBranches/arm64/uint16/direct-true/true=1/compare=0/equal=false (0.00s)\n","OutputType":"frame"}
{"Time":"2026-10-03T22:47:34.575788-03:00","Action":"pass","Package":"cmd/compile/internal/ssacompile","Test":"TestPhioptIntegerNestedBranches/arm64/uint16/direct-true/true=1/compare=0/equal=false","Elapsed":0}
{"Time":"2026-10-03T22:47:34.575791-03:00","Action":"run","Package":"cmd/compile/internal/ssacompile","Test":"TestPhioptIntegerNestedBranches/arm64/uint16/direct-true/true=1/compare=0/equal=true"}
{"Time":"2026-10-03T22:47:34.575793-03:00","Action":"output","Package":"cmd/compile/internal/ssacompile","Test":"TestPhioptIntegerNestedBranches/arm64/uint16/direct-true/true=1/compare=0/equal=true","Output":"=== RUN   TestPhioptIntegerNestedBranches/arm64/uint16/direct-true/true=1/compare=0/equal=true\n","OutputType":"frame"}
{"Time":"2026-10-03T22:47:34.575797-03:00","Action":"output","Package":"cmd/compile/internal/ssacompile","Test":"TestPhioptIntegerNestedBranches/arm64/uint16/direct-true/true=1/compare=0/equal=true","Output":"--- PASS: TestPhioptIntegerNestedBranches/arm64/uint16/direct-true/true=1/compare=0/equal=true (0.00s)\n","OutputType":"frame"}
{"Time":"2026-10-03T22:47:34.575799-03:00","Action":"pass","Package":"cmd/compile/internal/ssacompile","Test":"TestPhioptIntegerNestedBranches/arm64/uint16/direct-true/true=1/compare=0/equal=true","Elapsed":0}
{"Time":"2026-10-03T22:47:34.575802-03:00","Action":"run","Package":"cmd/compile/internal/ssacompile","Test":"TestPhioptIntegerNestedBranches/arm64/uint16/direct-true/true=1/compare=1/equal=false"}
{"Time":"2026-10-03T22:47:34.575804-03:00","Action":"output","Package":"cmd/compile/internal/ssacompile","Test":"TestPhioptIntegerNestedBranches/arm64/uint16/direct-true/true=1/compare=1/equal=false","Output":"=== RUN   TestPhioptIntegerNestedBranches/arm64/uint16/direct-true/true=1/compare=1/equal=false\n","OutputType":"frame"}
{"Time":"2026-10-03T22:47:34.575808-03:00","Action":"output","Package":"cmd/compile/internal/ssacompile","Test":"TestPhioptIntegerNestedBranches/arm64/uint16/direct-true/true=1/compare=1/equal=false","Output":"--- PASS: TestPhioptIntegerNestedBranches/arm64/uint16/direct-true/true=1/compare=1/equal=false (0.00s)\n","OutputType":"frame"}
{"Time":"2026-10-03T22:47:34.57581-03:00","Action":"pass","Package":"cmd/compile/internal/ssacompile","Test":"TestPhioptIntegerNestedBranches/arm64/uint16/direct-true/true=1/compare=1/equal=false","Elapsed":0}
{"Time":"2026-10-03T22:47:34.575813-03:00","Action":"run","Package":"cmd/compile/internal/ssacompile","Test":"TestPhioptIntegerNestedBranches/arm64/uint16/direct-true/true=1/compare=1/equal=true"}
{"Time":"2026-10-03T22:47:34.575815-03:00","Action":"output","Package":"cmd/compile/internal/ssacompile","Test":"TestPhioptIntegerNestedBranches/arm64/uint16/direct-true/true=1/compare=1/equal=true","Output":"=== RUN   TestPhioptIntegerNestedBranches/arm64/uint16/direct-true/true=1/compare=1/equal=true\n","OutputType":"frame"}
{"Time":"2026-10-03T22:47:34.575856-03:00","Action":"output","Package":"cmd/compile/internal/ssacompile","Test":"TestPhioptIntegerNestedBranches/arm64/uint16/direct-true/true=1/compare=1/equal=true","Output":"--- PASS: TestPhioptIntegerNestedBranches/arm64/uint16/direct-true/true=1/compare=1/equal=true (0.00s)\n","OutputType":"frame"}
{"Time":"2026-10-03T22:47:34.575875-03:00","Action":"pass","Package":"cmd/compile/internal/ssacompile","Test":"TestPhioptIntegerNestedBranches/arm64/uint16/direct-true/true=1/compare=1/equal=true","Elapsed":0}
{"Time":"2026-10-03T22:47:34.575885-03:00","Action":"run","Package":"cmd/compile/internal/ssacompile","Test":"TestPhioptIntegerNestedBranches/arm64/uint16/direct-false/true=0/compare=0/equal=false"}
{"Time":"2026-10-03T22:47:34.575893-03:00","Action":"output","Package":"cmd/compile/internal/ssacompile","Test":"TestPhioptIntegerNestedBranches/arm64/uint16/direct-false/true=0/compare=0/equal=false","Output":"=== RUN   TestPhioptIntegerNestedBranches/arm64/uint16/direct-false/true=0/compare=0/equal=false\n","OutputType":"frame"}
{"Time":"2026-10-03T22:47:34.57595-03:00","Action":"output","Package":"cmd/compile/internal/ssacompile","Test":"TestPhioptIntegerNestedBranches/arm64/uint16/direct-false/true=0/compare=0/equal=false","Output":"--- PASS: TestPhioptIntegerNestedBranches/arm64/uint16/direct-false/true=0/compare=0/equal=false (0.00s)\n","OutputType":"frame"}
{"Time":"2026-10-03T22:47:34.575966-03:00","Action":"pass","Package":"cmd/compile/internal/ssacompile","Test":"TestPhioptIntegerNestedBranches/arm64/uint16/direct-false/true=0/compare=0/equal=false","Elapsed":0}
{"Time":"2026-10-03T22:47:34.575969-03:00","Action":"run","Package":"cmd/compile/internal/ssacompile","Test":"TestPhioptIntegerNestedBranches/arm64/uint16/direct-false/true=0/compare=0/equal=true"}
{"Time":"2026-10-03T22:47:34.575971-03:00","Action":"output","Package":"cmd/compile/internal/ssacompile","Test":"TestPhioptIntegerNestedBranches/arm64/uint16/direct-false/true=0/compare=0/equal=true","Output":"=== RUN   TestPhioptIntegerNestedBranches/arm64/uint16/direct-false/true=0/compare=0/equal=true\n","OutputType":"frame"}
{"Time":"2026-10-03T22:47:34.575975-03:00","Action":"output","Package":"cmd/compile/internal/ssacompile","Test":"TestPhioptIntegerNestedBranches/arm64/uint16/direct-false/true=0/compare=0/equal=true","Output":"--- PASS: TestPhioptIntegerNestedBranches/arm64/uint16/direct-false/true=0/compare=0/equal=true (0.00s)\n","OutputType":"frame"}
{"Time":"2026-10-03T22:47:34.575978-03:00","Action":"pass","Package":"cmd/compile/internal/ssacompile","Test":"TestPhioptIntegerNestedBranches/arm64/uint16/direct-false/true=0/compare=0/equal=true","Elapsed":0}
{"Time":"2026-10-03T22:47:34.575981-03:00","Action":"run","Package":"cmd/compile/internal/ssacompile","Test":"TestPhioptIntegerNestedBranches/arm64/uint16/direct-false/true=0/compare=1/equal=false"}
{"Time":"2026-10-03T22:47:34.575983-03:00","Action":"output","Package":"cmd/compile/internal/ssacompile","Test":"TestPhioptIntegerNestedBranches/arm64/uint16/direct-false/true=0/compare=1/equal=false","Output":"=== RUN   TestPhioptIntegerNestedBranches/arm64/uint16/direct-false/true=0/compare=1/equal=false\n","OutputType":"frame"}
{"Time":"2026-10-03T22:47:34.575996-03:00","Action":"output","Package":"cmd/compile/internal/ssacompile","Test":"TestPhioptIntegerNestedBranches/arm64/uint16/direct-false/true=0/compare=1/equal=false","Output":"--- PASS: TestPhioptIntegerNestedBranches/arm64/uint16/direct-false/true=0/compare=1/equal=false (0.00s)\n","OutputType":"frame"}
{"Time":"2026-10-03T22:47:34.576-03:00","Action":"pass","Package":"cmd/compile/internal/ssacompile","Test":"TestPhioptIntegerNestedBranches/arm64/uint16/direct-false/true=0/compare=1/equal=false","Elapsed":0}
{"Time":"2026-10-03T22:47:34.576003-03:00","Action":"run","Package":"cmd/compile/internal/ssacompile","Test":"TestPhioptIntegerNestedBranches/arm64/uint16/direct-false/true=0/compare=1/equal=true"}
{"Time":"2026-10-03T22:47:34.576006-03:00","Action":"output","Package":"cmd/compile/internal/ssacompile","Test":"TestPhioptIntegerNestedBranches/arm64/uint16/direct-false/true=0/compare=1/equal=true","Output":"=== RUN   TestPhioptIntegerNestedBranches/arm64/uint16/direct-false/true=0/compare=1/equal=true\n","OutputType":"frame"}
{"Time":"2026-10-03T22:47:34.576016-03:00","Action":"output","Package":"cmd/compile/internal/ssacompile","Test":"TestPhioptIntegerNestedBranches/arm64/uint16/direct-false/true=0/compare=1/equal=true","Output":"--- PASS: TestPhioptIntegerNestedBranches/arm64/uint16/direct-false/true=0/compare=1/equal=true (0.00s)\n","OutputType":"frame"}
{"Time":"2026-10-03T22:47:34.57602-03:00","Action":"pass","Package":"cmd/compile/internal/ssacompile","Test":"TestPhioptIntegerNestedBranches/arm64/uint16/direct-false/true=0/compare=1/equal=true","Elapsed":0}
{"Time":"2026-10-03T22:47:34.576023-03:00","Action":"run","Package":"cmd/compile/internal/ssacompile","Test":"TestPhioptIntegerNestedBranches/arm64/uint16/direct-false/true=1/compare=0/equal=false"}
{"Time":"2026-10-03T22:47:34.576026-03:00","Action":"output","Package":"cmd/compile/internal/ssacompile","Test":"TestPhioptIntegerNestedBranches/arm64/uint16/direct-false/true=1/compare=0/equal=false","Output":"=== RUN   TestPhioptIntegerNestedBranches/arm64/uint16/direct-false/true=1/compare=0/equal=false\n","OutputType":"frame"}
{"Time":"2026-10-03T22:47:34.576042-03:00","Action":"output","Package":"cmd/compile/internal/ssacompile","Test":"TestPhioptIntegerNestedBranches/arm64/uint16/direct-false/true=1/compare=0/equal=false","Output":"--- PASS: TestPhioptIntegerNestedBranches/arm64/uint16/direct-false/true=1/compare=0/equal=false (0.00s)\n","OutputType":"frame"}
{"Time":"2026-10-03T22:47:34.576045-03:00","Action":"pass","Package":"cmd/compile/internal/ssacompile","Test":"TestPhioptIntegerNestedBranches/arm64/uint16/direct-false/true=1/compare=0/equal=false","Elapsed":0}
{"Time":"2026-10-03T22:47:34.576048-03:00","Action":"run","Package":"cmd/compile/internal/ssacompile","Test":"TestPhioptIntegerNestedBranches/arm64/uint16/direct-false/true=1/compare=0/equal=true"}
{"Time":"2026-10-03T22:47:34.576051-03:00","Action":"output","Package":"cmd/compile/internal/ssacompile","Test":"TestPhioptIntegerNestedBranches/arm64/uint16/direct-false/true=1/compare=0/equal=true","Output":"=== RUN   TestPhioptIntegerNestedBranches/arm64/uint16/direct-false/true=1/compare=0/equal=true\n","OutputType":"frame"}
{"Time":"2026-10-03T22:47:34.5761-03:00","Action":"output","Package":"cmd/compile/internal/ssacompile","Test":"TestPhioptIntegerNestedBranches/arm64/uint16/direct-false/true=1/compare=0/equal=true","Output":"--- PASS: TestPhioptIntegerNestedBranches/arm64/uint16/direct-false/true=1/compare=0/equal=true (0.00s)\n","OutputType":"frame"}
{"Time":"2026-10-03T22:47:34.576109-03:00","Action":"pass","Package":"cmd/compile/internal/ssacompile","Test":"TestPhioptIntegerNestedBranches/arm64/uint16/direct-false/true=1/compare=0/equal=true","Elapsed":0}
{"Time":"2026-10-03T22:47:34.576113-03:00","Action":"run","Package":"cmd/compile/internal/ssacompile","Test":"TestPhioptIntegerNestedBranches/arm64/uint16/direct-false/true=1/compare=1/equal=false"}
{"Time":"2026-10-03T22:47:34.576116-03:00","Action":"output","Package":"cmd/compile/internal/ssacompile","Test":"TestPhioptIntegerNestedBranches/arm64/uint16/direct-false/true=1/compare=1/equal=false","Output":"=== RUN   TestPhioptIntegerNestedBranches/arm64/uint16/direct-false/true=1/compare=1/equal=false\n","OutputType":"frame"}
{"Time":"2026-10-03T22:47:34.57612-03:00","Action":"output","Package":"cmd/compile/internal/ssacompile","Test":"TestPhioptIntegerNestedBranches/arm64/uint16/direct-false/true=1/compare=1/equal=false","Output":"--- PASS: TestPhioptIntegerNestedBranches/arm64/uint16/direct-false/true=1/compare=1/equal=false (0.00s)\n","OutputType":"frame"}
{"Time":"2026-10-03T22:47:34.576123-03:00","Action":"pass","Package":"cmd/compile/internal/ssacompile","Test":"TestPhioptIntegerNestedBranches/arm64/uint16/direct-false/true=1/compare=1/equal=false","Elapsed":0}
{"Time":"2026-10-03T22:47:34.576127-03:00","Action":"run","Package":"cmd/compile/internal/ssacompile","Test":"TestPhioptIntegerNestedBranches/arm64/uint16/direct-false/true=1/compare=1/equal=true"}
{"Time":"2026-10-03T22:47:34.57613-03:00","Action":"output","Package":"cmd/compile/internal/ssacompile","Test":"TestPhioptIntegerNestedBranches/arm64/uint16/direct-false/true=1/compare=1/equal=true","Output":"=== RUN   TestPhioptIntegerNestedBranches/arm64/uint16/direct-false/true=1/compare=1/equal=true\n","OutputType":"frame"}
{"Time":"2026-10-03T22:47:34.576134-03:00","Action":"output","Package":"cmd/compile/internal/ssacompile","Test":"TestPhioptIntegerNestedBranches/arm64/uint16/direct-false/true=1/compare=1/equal=true","Output":"--- PASS: TestPhioptIntegerNestedBranches/arm64/uint16/direct-false/true=1/compare=1/equal=true (0.00s)\n","OutputType":"frame"}
{"Time":"2026-10-03T22:47:34.576136-03:00","Action":"pass","Package":"cmd/compile/internal/ssacompile","Test":"TestPhioptIntegerNestedBranches/arm64/uint16/direct-false/true=1/compare=1/equal=true","Elapsed":0}
{"Time":"2026-10-03T22:47:34.576139-03:00","Action":"run","Package":"cmd/compile/internal/ssacompile","Test":"TestPhioptIntegerNestedBranches/arm64/int32/nested/true=0/compare=0/equal=false"}
{"Time":"2026-10-03T22:47:34.576141-03:00","Action":"output","Package":"cmd/compile/internal/ssacompile","Test":"TestPhioptIntegerNestedBranches/arm64/int32/nested/true=0/compare=0/equal=false","Output":"=== RUN   TestPhioptIntegerNestedBranches/arm64/int32/nested/true=0/compare=0/equal=false\n","OutputType":"frame"}
{"Time":"2026-10-03T22:47:34.576144-03:00","Action":"output","Package":"cmd/compile/internal/ssacompile","Test":"TestPhioptIntegerNestedBranches/arm64/int32/nested/true=0/compare=0/equal=false","Output":"--- PASS: TestPhioptIntegerNestedBranches/arm64/int32/nested/true=0/compare=0/equal=false (0.00s)\n","OutputType":"frame"}
{"Time":"2026-10-03T22:47:34.576147-03:00","Action":"pass","Package":"cmd/compile/internal/ssacompile","Test":"TestPhioptIntegerNestedBranches/arm64/int32/nested/true=0/compare=0/equal=false","Elapsed":0}
{"Time":"2026-10-03T22:47:34.576149-03:00","Action":"run","Package":"cmd/compile/internal/ssacompile","Test":"TestPhioptIntegerNestedBranches/arm64/int32/nested/true=0/compare=0/equal=true"}
{"Time":"2026-10-03T22:47:34.576152-03:00","Action":"output","Package":"cmd/compile/internal/ssacompile","Test":"TestPhioptIntegerNestedBranches/arm64/int32/nested/true=0/compare=0/equal=true","Output":"=== RUN   TestPhioptIntegerNestedBranches/arm64/int32/nested/true=0/compare=0/equal=true\n","OutputType":"frame"}
{"Time":"2026-10-03T22:47:34.576155-03:00","Action":"output","Package":"cmd/compile/internal/ssacompile","Test":"TestPhioptIntegerNestedBranches/arm64/int32/nested/true=0/compare=0/equal=true","Output":"--- PASS: TestPhioptIntegerNestedBranches/arm64/int32/nested/true=0/compare=0/equal=true (0.00s)\n","OutputType":"frame"}
{"Time":"2026-10-03T22:47:34.576158-03:00","Action":"pass","Package":"cmd/compile/internal/ssacompile","Test":"TestPhioptIntegerNestedBranches/arm64/int32/nested/true=0/compare=0/equal=true","Elapsed":0}
{"Time":"2026-10-03T22:47:34.57616-03:00","Action":"run","Package":"cmd/compile/internal/ssacompile","Test":"TestPhioptIntegerNestedBranches/arm64/int32/nested/true=0/compare=1/equal=false"}
{"Time":"2026-10-03T22:47:34.576163-03:00","Action":"output","Package":"cmd/compile/internal/ssacompile","Test":"TestPhioptIntegerNestedBranches/arm64/int32/nested/true=0/compare=1/equal=false","Output":"=== RUN   TestPhioptIntegerNestedBranches/arm64/int32/nested/true=0/compare=1/equal=false\n","OutputType":"frame"}
{"Time":"2026-10-03T22:47:34.576167-03:00","Action":"output","Package":"cmd/compile/internal/ssacompile","Test":"TestPhioptIntegerNestedBranches/arm64/int32/nested/true=0/compare=1/equal=false","Output":"--- PASS: TestPhioptIntegerNestedBranches/arm64/int32/nested/true=0/compare=1/equal=false (0.00s)\n","OutputType":"frame"}
{"Time":"2026-10-03T22:47:34.576169-03:00","Action":"pass","Package":"cmd/compile/internal/ssacompile","Test":"TestPhioptIntegerNestedBranches/arm64/int32/nested/true=0/compare=1/equal=false","Elapsed":0}
{"Time":"2026-10-03T22:47:34.576171-03:00","Action":"run","Package":"cmd/compile/internal/ssacompile","Test":"TestPhioptIntegerNestedBranches/arm64/int32/nested/true=0/compare=1/equal=true"}
{"Time":"2026-10-03T22:47:34.576174-03:00","Action":"output","Package":"cmd/compile/internal/ssacompile","Test":"TestPhioptIntegerNestedBranches/arm64/int32/nested/true=0/compare=1/equal=true","Output":"=== RUN   TestPhioptIntegerNestedBranches/arm64/int32/nested/true=0/compare=1/equal=true\n","OutputType":"frame"}
{"Time":"2026-10-03T22:47:34.576177-03:00","Action":"output","Package":"cmd/compile/internal/ssacompile","Test":"TestPhioptIntegerNestedBranches/arm64/int32/nested/true=0/compare=1/equal=true","Output":"--- PASS: TestPhioptIntegerNestedBranches/arm64/int32/nested/true=0/compare=1/equal=true (0.00s)\n","OutputType":"frame"}
{"Time":"2026-10-03T22:47:34.576179-03:00","Action":"pass","Package":"cmd/compile/internal/ssacompile","Test":"TestPhioptIntegerNestedBranches/arm64/int32/nested/true=0/compare=1/equal=true","Elapsed":0}
{"Time":"2026-10-03T22:47:34.576182-03:00","Action":"run","Package":"cmd/compile/internal/ssacompile","Test":"TestPhioptIntegerNestedBranches/arm64/int32/nested/true=1/compare=0/equal=false"}
{"Time":"2026-10-03T22:47:34.576184-03:00","Action":"output","Package":"cmd/compile/internal/ssacompile","Test":"TestPhioptIntegerNestedBranches/arm64/int32/nested/true=1/compare=0/equal=false","Output":"=== RUN   TestPhioptIntegerNestedBranches/arm64/int32/nested/true=1/compare=0/equal=false\n","OutputType":"frame"}
{"Time":"2026-10-03T22:47:34.576193-03:00","Action":"output","Package":"cmd/compile/internal/ssacompile","Test":"TestPhioptIntegerNestedBranches/arm64/int32/nested/true=1/compare=0/equal=false","Output":"--- PASS: TestPhioptIntegerNestedBranches/arm64/int32/nested/true=1/compare=0/equal=false (0.00s)\n","OutputType":"frame"}
{"Time":"2026-10-03T22:47:34.576197-03:00","Action":"pass","Package":"cmd/compile/internal/ssacompile","Test":"TestPhioptIntegerNestedBranches/arm64/int32/nested/true=1/compare=0/equal=false","Elapsed":0}
{"Time":"2026-10-03T22:47:34.576202-03:00","Action":"run","Package":"cmd/compile/internal/ssacompile","Test":"TestPhioptIntegerNestedBranches/arm64/int32/nested/true=1/compare=0/equal=true"}
{"Time":"2026-10-03T22:47:34.576205-03:00","Action":"output","Package":"cmd/compile/internal/ssacompile","Test":"TestPhioptIntegerNestedBranches/arm64/int32/nested/true=1/compare=0/equal=true","Output":"=== RUN   TestPhioptIntegerNestedBranches/arm64/int32/nested/true=1/compare=0/equal=true\n","OutputType":"frame"}
{"Time":"2026-10-03T22:47:34.576208-03:00","Action":"output","Package":"cmd/compile/internal/ssacompile","Test":"TestPhioptIntegerNestedBranches/arm64/int32/nested/true=1/compare=0/equal=true","Output":"--- PASS: TestPhioptIntegerNestedBranches/arm64/int32/nested/true=1/compare=0/equal=true (0.00s)\n","OutputType":"frame"}
{"Time":"2026-10-03T22:47:34.576211-03:00","Action":"pass","Package":"cmd/compile/internal/ssacompile","Test":"TestPhioptIntegerNestedBranches/arm64/int32/nested/true=1/compare=0/equal=true","Elapsed":0}
{"Time":"2026-10-03T22:47:34.576214-03:00","Action":"run","Package":"cmd/compile/internal/ssacompile","Test":"TestPhioptIntegerNestedBranches/arm64/int32/nested/true=1/compare=1/equal=false"}
{"Time":"2026-10-03T22:47:34.576217-03:00","Action":"output","Package":"cmd/compile/internal/ssacompile","Test":"TestPhioptIntegerNestedBranches/arm64/int32/nested/true=1/compare=1/equal=false","Output":"=== RUN   TestPhioptIntegerNestedBranches/arm64/int32/nested/true=1/compare=1/equal=false\n","OutputType":"frame"}
{"Time":"2026-10-03T22:47:34.57622-03:00","Action":"output","Package":"cmd/compile/internal/ssacompile","Test":"TestPhioptIntegerNestedBranches/arm64/int32/nested/true=1/compare=1/equal=false","Output":"--- PASS: TestPhioptIntegerNestedBranches/arm64/int32/nested/true=1/compare=1/equal=false (0.00s)\n","OutputType":"frame"}
{"Time":"2026-10-03T22:47:34.576223-03:00","Action":"pass","Package":"cmd/compile/internal/ssacompile","Test":"TestPhioptIntegerNestedBranches/arm64/int32/nested/true=1/compare=1/equal=false","Elapsed":0}
{"Time":"2026-10-03T22:47:34.576225-03:00","Action":"run","Package":"cmd/compile/internal/ssacompile","Test":"TestPhioptIntegerNestedBranches/arm64/int32/nested/true=1/compare=1/equal=true"}
{"Time":"2026-10-03T22:47:34.576228-03:00","Action":"output","Package":"cmd/compile/internal/ssacompile","Test":"TestPhioptIntegerNestedBranches/arm64/int32/nested/true=1/compare=1/equal=true","Output":"=== RUN   TestPhioptIntegerNestedBranches/arm64/int32/nested/true=1/compare=1/equal=true\n","OutputType":"frame"}
{"Time":"2026-10-03T22:47:34.576231-03:00","Action":"output","Package":"cmd/compile/internal/ssacompile","Test":"TestPhioptIntegerNestedBranches/arm64/int32/nested/true=1/compare=1/equal=true","Output":"--- PASS: TestPhioptIntegerNestedBranches/arm64/int32/nested/true=1/compare=1/equal=true (0.00s)\n","OutputType":"frame"}
{"Time":"2026-10-03T22:47:34.576233-03:00","Action":"pass","Package":"cmd/compile/internal/ssacompile","Test":"TestPhioptIntegerNestedBranches/arm64/int32/nested/true=1/compare=1/equal=true","Elapsed":0}
{"Time":"2026-10-03T22:47:34.576236-03:00","Action":"run","Package":"cmd/compile/internal/ssacompile","Test":"TestPhioptIntegerNestedBranches/arm64/int32/direct-true/true=0/compare=0/equal=false"}
{"Time":"2026-10-03T22:47:34.576238-03:00","Action":"output","Package":"cmd/compile/internal/ssacompile","Test":"TestPhioptIntegerNestedBranches/arm64/int32/direct-true/true=0/compare=0/equal=false","Output":"=== RUN   TestPhioptIntegerNestedBranches/arm64/int32/direct-true/true=0/compare=0/equal=false\n","OutputType":"frame"}
{"Time":"2026-10-03T22:47:34.576242-03:00","Action":"output","Package":"cmd/compile/internal/ssacompile","Test":"TestPhioptIntegerNestedBranches/arm64/int32/direct-true/true=0/compare=0/equal=false","Output":"--- PASS: TestPhioptIntegerNestedBranches/arm64/int32/direct-true/true=0/compare=0/equal=false (0.00s)\n","OutputType":"frame"}
{"Time":"2026-10-03T22:47:34.576244-03:00","Action":"pass","Package":"cmd/compile/internal/ssacompile","Test":"TestPhioptIntegerNestedBranches/arm64/int32/direct-true/true=0/compare=0/equal=false","Elapsed":0}
{"Time":"2026-10-03T22:47:34.576247-03:00","Action":"run","Package":"cmd/compile/internal/ssacompile","Test":"TestPhioptIntegerNestedBranches/arm64/int32/direct-true/true=0/compare=0/equal=true"}
{"Time":"2026-10-03T22:47:34.576249-03:00","Action":"output","Package":"cmd/compile/internal/ssacompile","Test":"TestPhioptIntegerNestedBranches/arm64/int32/direct-true/true=0/compare=0/equal=true","Output":"=== RUN   TestPhioptIntegerNestedBranches/arm64/int32/direct-true/true=0/compare=0/equal=true\n","OutputType":"frame"}
{"Time":"2026-10-03T22:47:34.576253-03:00","Action":"output","Package":"cmd/compile/internal/ssacompile","Test":"TestPhioptIntegerNestedBranches/arm64/int32/direct-true/true=0/compare=0/equal=true","Output":"--- PASS: TestPhioptIntegerNestedBranches/arm64/int32/direct-true/true=0/compare=0/equal=true (0.00s)\n","OutputType":"frame"}
{"Time":"2026-10-03T22:47:34.576256-03:00","Action":"pass","Package":"cmd/compile/internal/ssacompile","Test":"TestPhioptIntegerNestedBranches/arm64/int32/direct-true/true=0/compare=0/equal=true","Elapsed":0}
{"Time":"2026-10-03T22:47:34.576258-03:00","Action":"run","Package":"cmd/compile/internal/ssacompile","Test":"TestPhioptIntegerNestedBranches/arm64/int32/direct-true/true=0/compare=1/equal=false"}
{"Time":"2026-10-03T22:47:34.576261-03:00","Action":"output","Package":"cmd/compile/internal/ssacompile","Test":"TestPhioptIntegerNestedBranches/arm64/int32/direct-true/true=0/compare=1/equal=false","Output":"=== RUN   TestPhioptIntegerNestedBranches/arm64/int32/direct-true/true=0/compare=1/equal=false\n","OutputType":"frame"}
{"Time":"2026-10-03T22:47:34.576265-03:00","Action":"output","Package":"cmd/compile/internal/ssacompile","Test":"TestPhioptIntegerNestedBranches/arm64/int32/direct-true/true=0/compare=1/equal=false","Output":"--- PASS: TestPhioptIntegerNestedBranches/arm64/int32/direct-true/true=0/compare=1/equal=false (0.00s)\n","OutputType":"frame"}
{"Time":"2026-10-03T22:47:34.576268-03:00","Action":"pass","Package":"cmd/compile/internal/ssacompile","Test":"TestPhioptIntegerNestedBranches/arm64/int32/direct-true/true=0/compare=1/equal=false","Elapsed":0}
{"Time":"2026-10-03T22:47:34.576271-03:00","Action":"run","Package":"cmd/compile/internal/ssacompile","Test":"TestPhioptIntegerNestedBranches/arm64/int32/direct-true/true=0/compare=1/equal=true"}
{"Time":"2026-10-03T22:47:34.576273-03:00","Action":"output","Package":"cmd/compile/internal/ssacompile","Test":"TestPhioptIntegerNestedBranches/arm64/int32/direct-true/true=0/compare=1/equal=true","Output":"=== RUN   TestPhioptIntegerNestedBranches/arm64/int32/direct-true/true=0/compare=1/equal=true\n","OutputType":"frame"}
{"Time":"2026-10-03T22:47:34.576276-03:00","Action":"output","Package":"cmd/compile/internal/ssacompile","Test":"TestPhioptIntegerNestedBranches/arm64/int32/direct-true/true=0/compare=1/equal=true","Output":"--- PASS: TestPhioptIntegerNestedBranches/arm64/int32/direct-true/true=0/compare=1/equal=true (0.00s)\n","OutputType":"frame"}
{"Time":"2026-10-03T22:47:34.576279-03:00","Action":"pass","Package":"cmd/compile/internal/ssacompile","Test":"TestPhioptIntegerNestedBranches/arm64/int32/direct-true/true=0/compare=1/equal=true","Elapsed":0}
{"Time":"2026-10-03T22:47:34.576281-03:00","Action":"run","Package":"cmd/compile/internal/ssacompile","Test":"TestPhioptIntegerNestedBranches/arm64/int32/direct-true/true=1/compare=0/equal=false"}
{"Time":"2026-10-03T22:47:34.576283-03:00","Action":"output","Package":"cmd/compile/internal/ssacompile","Test":"TestPhioptIntegerNestedBranches/arm64/int32/direct-true/true=1/compare=0/equal=false","Output":"=== RUN   TestPhioptIntegerNestedBranches/arm64/int32/direct-true/true=1/compare=0/equal=false\n","OutputType":"frame"}
{"Time":"2026-10-03T22:47:34.57629-03:00","Action":"output","Package":"cmd/compile/internal/ssacompile","Test":"TestPhioptIntegerNestedBranches/arm64/int32/direct-true/true=1/compare=0/equal=false","Output":"--- PASS: TestPhioptIntegerNestedBranches/arm64/int32/direct-true/true=1/compare=0/equal=false (0.00s)\n","OutputType":"frame"}
{"Time":"2026-10-03T22:47:34.576293-03:00","Action":"pass","Package":"cmd/compile/internal/ssacompile","Test":"TestPhioptIntegerNestedBranches/arm64/int32/direct-true/true=1/compare=0/equal=false","Elapsed":0}
{"Time":"2026-10-03T22:47:34.576295-03:00","Action":"run","Package":"cmd/compile/internal/ssacompile","Test":"TestPhioptIntegerNestedBranches/arm64/int32/direct-true/true=1/compare=0/equal=true"}
{"Time":"2026-10-03T22:47:34.576298-03:00","Action":"output","Package":"cmd/compile/internal/ssacompile","Test":"TestPhioptIntegerNestedBranches/arm64/int32/direct-true/true=1/compare=0/equal=true","Output":"=== RUN   TestPhioptIntegerNestedBranches/arm64/int32/direct-true/true=1/compare=0/equal=true\n","OutputType":"frame"}
{"Time":"2026-10-03T22:47:34.576361-03:00","Action":"output","Package":"cmd/compile/internal/ssacompile","Test":"TestPhioptIntegerNestedBranches/arm64/int32/direct-true/true=1/compare=0/equal=true","Output":"--- PASS: TestPhioptIntegerNestedBranches/arm64/int32/direct-true/true=1/compare=0/equal=true (0.00s)\n","OutputType":"frame"}
{"Time":"2026-10-03T22:47:34.576378-03:00","Action":"pass","Package":"cmd/compile/internal/ssacompile","Test":"TestPhioptIntegerNestedBranches/arm64/int32/direct-true/true=1/compare=0/equal=true","Elapsed":0}
{"Time":"2026-10-03T22:47:34.576387-03:00","Action":"run","Package":"cmd/compile/internal/ssacompile","Test":"TestPhioptIntegerNestedBranches/arm64/int32/direct-true/true=1/compare=1/equal=false"}
{"Time":"2026-10-03T22:47:34.576395-03:00","Action":"output","Package":"cmd/compile/internal/ssacompile","Test":"TestPhioptIntegerNestedBranches/arm64/int32/direct-true/true=1/compare=1/equal=false","Output":"=== RUN   TestPhioptIntegerNestedBranches/arm64/int32/direct-true/true=1/compare=1/equal=false\n","OutputType":"frame"}
{"Time":"2026-10-03T22:47:34.576452-03:00","Action":"output","Package":"cmd/compile/internal/ssacompile","Test":"TestPhioptIntegerNestedBranches/arm64/int32/direct-true/true=1/compare=1/equal=false","Output":"--- PASS: TestPhioptIntegerNestedBranches/arm64/int32/direct-true/true=1/compare=1/equal=false (0.00s)\n","OutputType":"frame"}
{"Time":"2026-10-03T22:47:34.576478-03:00","Action":"pass","Package":"cmd/compile/internal/ssacompile","Test":"TestPhioptIntegerNestedBranches/arm64/int32/direct-true/true=1/compare=1/equal=false","Elapsed":0}
{"Time":"2026-10-03T22:47:34.576486-03:00","Action":"run","Package":"cmd/compile/internal/ssacompile","Test":"TestPhioptIntegerNestedBranches/arm64/int32/direct-true/true=1/compare=1/equal=true"}
{"Time":"2026-10-03T22:47:34.576488-03:00","Action":"output","Package":"cmd/compile/internal/ssacompile","Test":"TestPhioptIntegerNestedBranches/arm64/int32/direct-true/true=1/compare=1/equal=true","Output":"=== RUN   TestPhioptIntegerNestedBranches/arm64/int32/direct-true/true=1/compare=1/equal=true\n","OutputType":"frame"}
{"Time":"2026-10-03T22:47:34.576493-03:00","Action":"output","Package":"cmd/compile/internal/ssacompile","Test":"TestPhioptIntegerNestedBranches/arm64/int32/direct-true/true=1/compare=1/equal=true","Output":"--- PASS: TestPhioptIntegerNestedBranches/arm64/int32/direct-true/true=1/compare=1/equal=true (0.00s)\n","OutputType":"frame"}
{"Time":"2026-10-03T22:47:34.576498-03:00","Action":"pass","Package":"cmd/compile/internal/ssacompile","Test":"TestPhioptIntegerNestedBranches/arm64/int32/direct-true/true=1/compare=1/equal=true","Elapsed":0}
{"Time":"2026-10-03T22:47:34.576502-03:00","Action":"run","Package":"cmd/compile/internal/ssacompile","Test":"TestPhioptIntegerNestedBranches/arm64/int32/direct-false/true=0/compare=0/equal=false"}
{"Time":"2026-10-03T22:47:34.576504-03:00","Action":"output","Package":"cmd/compile/internal/ssacompile","Test":"TestPhioptIntegerNestedBranches/arm64/int32/direct-false/true=0/compare=0/equal=false","Output":"=== RUN   TestPhioptIntegerNestedBranches/arm64/int32/direct-false/true=0/compare=0/equal=false\n","OutputType":"frame"}
{"Time":"2026-10-03T22:47:34.576572-03:00","Action":"output","Package":"cmd/compile/internal/ssacompile","Test":"TestPhioptIntegerNestedBranches/arm64/int32/direct-false/true=0/compare=0/equal=false","Output":"--- PASS: TestPhioptIntegerNestedBranches/arm64/int32/direct-false/true=0/compare=0/equal=false (0.00s)\n","OutputType":"frame"}
{"Time":"2026-10-03T22:47:34.576577-03:00","Action":"pass","Package":"cmd/compile/internal/ssacompile","Test":"TestPhioptIntegerNestedBranches/arm64/int32/direct-false/true=0/compare=0/equal=false","Elapsed":0}
{"Time":"2026-10-03T22:47:34.57658-03:00","Action":"run","Package":"cmd/compile/internal/ssacompile","Test":"TestPhioptIntegerNestedBranches/arm64/int32/direct-false/true=0/compare=0/equal=true"}
{"Time":"2026-10-03T22:47:34.576583-03:00","Action":"output","Package":"cmd/compile/internal/ssacompile","Test":"TestPhioptIntegerNestedBranches/arm64/int32/direct-false/true=0/compare=0/equal=true","Output":"=== RUN   TestPhioptIntegerNestedBranches/arm64/int32/direct-false/true=0/compare=0/equal=true\n","OutputType":"frame"}
{"Time":"2026-10-03T22:47:34.576586-03:00","Action":"output","Package":"cmd/compile/internal/ssacompile","Test":"TestPhioptIntegerNestedBranches/arm64/int32/direct-false/true=0/compare=0/equal=true","Output":"--- PASS: TestPhioptIntegerNestedBranches/arm64/int32/direct-false/true=0/compare=0/equal=true (0.00s)\n","OutputType":"frame"}
{"Time":"2026-10-03T22:47:34.576589-03:00","Action":"pass","Package":"cmd/compile/internal/ssacompile","Test":"TestPhioptIntegerNestedBranches/arm64/int32/direct-false/true=0/compare=0/equal=true","Elapsed":0}
{"Time":"2026-10-03T22:47:34.576591-03:00","Action":"run","Package":"cmd/compile/internal/ssacompile","Test":"TestPhioptIntegerNestedBranches/arm64/int32/direct-false/true=0/compare=1/equal=false"}
{"Time":"2026-10-03T22:47:34.576594-03:00","Action":"output","Package":"cmd/compile/internal/ssacompile","Test":"TestPhioptIntegerNestedBranches/arm64/int32/direct-false/true=0/compare=1/equal=false","Output":"=== RUN   TestPhioptIntegerNestedBranches/arm64/int32/direct-false/true=0/compare=1/equal=false\n","OutputType":"frame"}
{"Time":"2026-10-03T22:47:34.576597-03:00","Action":"output","Package":"cmd/compile/internal/ssacompile","Test":"TestPhioptIntegerNestedBranches/arm64/int32/direct-false/true=0/compare=1/equal=false","Output":"--- PASS: TestPhioptIntegerNestedBranches/arm64/int32/direct-false/true=0/compare=1/equal=false (0.00s)\n","OutputType":"frame"}
{"Time":"2026-10-03T22:47:34.5766-03:00","Action":"pass","Package":"cmd/compile/internal/ssacompile","Test":"TestPhioptIntegerNestedBranches/arm64/int32/direct-false/true=0/compare=1/equal=false","Elapsed":0}
{"Time":"2026-10-03T22:47:34.576603-03:00","Action":"run","Package":"cmd/compile/internal/ssacompile","Test":"TestPhioptIntegerNestedBranches/arm64/int32/direct-false/true=0/compare=1/equal=true"}
{"Time":"2026-10-03T22:47:34.576607-03:00","Action":"output","Package":"cmd/compile/internal/ssacompile","Test":"TestPhioptIntegerNestedBranches/arm64/int32/direct-false/true=0/compare=1/equal=true","Output":"=== RUN   TestPhioptIntegerNestedBranches/arm64/int32/direct-false/true=0/compare=1/equal=true\n","OutputType":"frame"}
{"Time":"2026-10-03T22:47:34.576611-03:00","Action":"output","Package":"cmd/compile/internal/ssacompile","Test":"TestPhioptIntegerNestedBranches/arm64/int32/direct-false/true=0/compare=1/equal=true","Output":"--- PASS: TestPhioptIntegerNestedBranches/arm64/int32/direct-false/true=0/compare=1/equal=true (0.00s)\n","OutputType":"frame"}
{"Time":"2026-10-03T22:47:34.576614-03:00","Action":"pass","Package":"cmd/compile/internal/ssacompile","Test":"TestPhioptIntegerNestedBranches/arm64/int32/direct-false/true=0/compare=1/equal=true","Elapsed":0}
{"Time":"2026-10-03T22:47:34.576616-03:00","Action":"run","Package":"cmd/compile/internal/ssacompile","Test":"TestPhioptIntegerNestedBranches/arm64/int32/direct-false/true=1/compare=0/equal=false"}
{"Time":"2026-10-03T22:47:34.576618-03:00","Action":"output","Package":"cmd/compile/internal/ssacompile","Test":"TestPhioptIntegerNestedBranches/arm64/int32/direct-false/true=1/compare=0/equal=false","Output":"=== RUN   TestPhioptIntegerNestedBranches/arm64/int32/direct-false/true=1/compare=0/equal=false\n","OutputType":"frame"}
{"Time":"2026-10-03T22:47:34.576622-03:00","Action":"output","Package":"cmd/compile/internal/ssacompile","Test":"TestPhioptIntegerNestedBranches/arm64/int32/direct-false/true=1/compare=0/equal=false","Output":"--- PASS: TestPhioptIntegerNestedBranches/arm64/int32/direct-false/true=1/compare=0/equal=false (0.00s)\n","OutputType":"frame"}
{"Time":"2026-10-03T22:47:34.576624-03:00","Action":"pass","Package":"cmd/compile/internal/ssacompile","Test":"TestPhioptIntegerNestedBranches/arm64/int32/direct-false/true=1/compare=0/equal=false","Elapsed":0}
{"Time":"2026-10-03T22:47:34.576627-03:00","Action":"run","Package":"cmd/compile/internal/ssacompile","Test":"TestPhioptIntegerNestedBranches/arm64/int32/direct-false/true=1/compare=0/equal=true"}
{"Time":"2026-10-03T22:47:34.576629-03:00","Action":"output","Package":"cmd/compile/internal/ssacompile","Test":"TestPhioptIntegerNestedBranches/arm64/int32/direct-false/true=1/compare=0/equal=true","Output":"=== RUN   TestPhioptIntegerNestedBranches/arm64/int32/direct-false/true=1/compare=0/equal=true\n","OutputType":"frame"}
{"Time":"2026-10-03T22:47:34.576633-03:00","Action":"output","Package":"cmd/compile/internal/ssacompile","Test":"TestPhioptIntegerNestedBranches/arm64/int32/direct-false/true=1/compare=0/equal=true","Output":"--- PASS: TestPhioptIntegerNestedBranches/arm64/int32/direct-false/true=1/compare=0/equal=true (0.00s)\n","OutputType":"frame"}
{"Time":"2026-10-03T22:47:34.576635-03:00","Action":"pass","Package":"cmd/compile/internal/ssacompile","Test":"TestPhioptIntegerNestedBranches/arm64/int32/direct-false/true=1/compare=0/equal=true","Elapsed":0}
{"Time":"2026-10-03T22:47:34.576637-03:00","Action":"run","Package":"cmd/compile/internal/ssacompile","Test":"TestPhioptIntegerNestedBranches/arm64/int32/direct-false/true=1/compare=1/equal=false"}
{"Time":"2026-10-03T22:47:34.57664-03:00","Action":"output","Package":"cmd/compile/internal/ssacompile","Test":"TestPhioptIntegerNestedBranches/arm64/int32/direct-false/true=1/compare=1/equal=false","Output":"=== RUN   TestPhioptIntegerNestedBranches/arm64/int32/direct-false/true=1/compare=1/equal=false\n","OutputType":"frame"}
{"Time":"2026-10-03T22:47:34.576643-03:00","Action":"output","Package":"cmd/compile/internal/ssacompile","Test":"TestPhioptIntegerNestedBranches/arm64/int32/direct-false/true=1/compare=1/equal=false","Output":"--- PASS: TestPhioptIntegerNestedBranches/arm64/int32/direct-false/true=1/compare=1/equal=false (0.00s)\n","OutputType":"frame"}
{"Time":"2026-10-03T22:47:34.576646-03:00","Action":"pass","Package":"cmd/compile/internal/ssacompile","Test":"TestPhioptIntegerNestedBranches/arm64/int32/direct-false/true=1/compare=1/equal=false","Elapsed":0}
{"Time":"2026-10-03T22:47:34.576648-03:00","Action":"run","Package":"cmd/compile/internal/ssacompile","Test":"TestPhioptIntegerNestedBranches/arm64/int32/direct-false/true=1/compare=1/equal=true"}
{"Time":"2026-10-03T22:47:34.57665-03:00","Action":"output","Package":"cmd/compile/internal/ssacompile","Test":"TestPhioptIntegerNestedBranches/arm64/int32/direct-false/true=1/compare=1/equal=true","Output":"=== RUN   TestPhioptIntegerNestedBranches/arm64/int32/direct-false/true=1/compare=1/equal=true\n","OutputType":"frame"}
{"Time":"2026-10-03T22:47:34.576654-03:00","Action":"output","Package":"cmd/compile/internal/ssacompile","Test":"TestPhioptIntegerNestedBranches/arm64/int32/direct-false/true=1/compare=1/equal=true","Output":"--- PASS: TestPhioptIntegerNestedBranches/arm64/int32/direct-false/true=1/compare=1/equal=true (0.00s)\n","OutputType":"frame"}
{"Time":"2026-10-03T22:47:34.576658-03:00","Action":"pass","Package":"cmd/compile/internal/ssacompile","Test":"TestPhioptIntegerNestedBranches/arm64/int32/direct-false/true=1/compare=1/equal=true","Elapsed":0}
{"Time":"2026-10-03T22:47:34.576661-03:00","Action":"run","Package":"cmd/compile/internal/ssacompile","Test":"TestPhioptIntegerNestedBranches/arm64/uint64/nested/true=0/compare=0/equal=false"}
{"Time":"2026-10-03T22:47:34.576663-03:00","Action":"output","Package":"cmd/compile/internal/ssacompile","Test":"TestPhioptIntegerNestedBranches/arm64/uint64/nested/true=0/compare=0/equal=false","Output":"=== RUN   TestPhioptIntegerNestedBranches/arm64/uint64/nested/true=0/compare=0/equal=false\n","OutputType":"frame"}
{"Time":"2026-10-03T22:47:34.576672-03:00","Action":"output","Package":"cmd/compile/internal/ssacompile","Test":"TestPhioptIntegerNestedBranches/arm64/uint64/nested/true=0/compare=0/equal=false","Output":"--- PASS: TestPhioptIntegerNestedBranches/arm64/uint64/nested/true=0/compare=0/equal=false (0.00s)\n","OutputType":"frame"}
{"Time":"2026-10-03T22:47:34.576676-03:00","Action":"pass","Package":"cmd/compile/internal/ssacompile","Test":"TestPhioptIntegerNestedBranches/arm64/uint64/nested/true=0/compare=0/equal=false","Elapsed":0}
{"Time":"2026-10-03T22:47:34.576679-03:00","Action":"run","Package":"cmd/compile/internal/ssacompile","Test":"TestPhioptIntegerNestedBranches/arm64/uint64/nested/true=0/compare=0/equal=true"}
{"Time":"2026-10-03T22:47:34.576682-03:00","Action":"output","Package":"cmd/compile/internal/ssacompile","Test":"TestPhioptIntegerNestedBranches/arm64/uint64/nested/true=0/compare=0/equal=true","Output":"=== RUN   TestPhioptIntegerNestedBranches/arm64/uint64/nested/true=0/compare=0/equal=true\n","OutputType":"frame"}
{"Time":"2026-10-03T22:47:34.576687-03:00","Action":"output","Package":"cmd/compile/internal/ssacompile","Test":"TestPhioptIntegerNestedBranches/arm64/uint64/nested/true=0/compare=0/equal=true","Output":"--- PASS: TestPhioptIntegerNestedBranches/arm64/uint64/nested/true=0/compare=0/equal=true (0.00s)\n","OutputType":"frame"}
{"Time":"2026-10-03T22:47:34.576691-03:00","Action":"pass","Package":"cmd/compile/internal/ssacompile","Test":"TestPhioptIntegerNestedBranches/arm64/uint64/nested/true=0/compare=0/equal=true","Elapsed":0}
{"Time":"2026-10-03T22:47:34.576694-03:00","Action":"run","Package":"cmd/compile/internal/ssacompile","Test":"TestPhioptIntegerNestedBranches/arm64/uint64/nested/true=0/compare=1/equal=false"}
{"Time":"2026-10-03T22:47:34.576696-03:00","Action":"output","Package":"cmd/compile/internal/ssacompile","Test":"TestPhioptIntegerNestedBranches/arm64/uint64/nested/true=0/compare=1/equal=false","Output":"=== RUN   TestPhioptIntegerNestedBranches/arm64/uint64/nested/true=0/compare=1/equal=false\n","OutputType":"frame"}
{"Time":"2026-10-03T22:47:34.576703-03:00","Action":"output","Package":"cmd/compile/internal/ssacompile","Test":"TestPhioptIntegerNestedBranches/arm64/uint64/nested/true=0/compare=1/equal=false","Output":"--- PASS: TestPhioptIntegerNestedBranches/arm64/uint64/nested/true=0/compare=1/equal=false (0.00s)\n","OutputType":"frame"}
{"Time":"2026-10-03T22:47:34.576706-03:00","Action":"pass","Package":"cmd/compile/internal/ssacompile","Test":"TestPhioptIntegerNestedBranches/arm64/uint64/nested/true=0/compare=1/equal=false","Elapsed":0}
{"Time":"2026-10-03T22:47:34.576708-03:00","Action":"run","Package":"cmd/compile/internal/ssacompile","Test":"TestPhioptIntegerNestedBranches/arm64/uint64/nested/true=0/compare=1/equal=true"}
{"Time":"2026-10-03T22:47:34.57671-03:00","Action":"output","Package":"cmd/compile/internal/ssacompile","Test":"TestPhioptIntegerNestedBranches/arm64/uint64/nested/true=0/compare=1/equal=true","Output":"=== RUN   TestPhioptIntegerNestedBranches/arm64/uint64/nested/true=0/compare=1/equal=true\n","OutputType":"frame"}
{"Time":"2026-10-03T22:47:34.576714-03:00","Action":"output","Package":"cmd/compile/internal/ssacompile","Test":"TestPhioptIntegerNestedBranches/arm64/uint64/nested/true=0/compare=1/equal=true","Output":"--- PASS: TestPhioptIntegerNestedBranches/arm64/uint64/nested/true=0/compare=1/equal=true (0.00s)\n","OutputType":"frame"}
{"Time":"2026-10-03T22:47:34.576716-03:00","Action":"pass","Package":"cmd/compile/internal/ssacompile","Test":"TestPhioptIntegerNestedBranches/arm64/uint64/nested/true=0/compare=1/equal=true","Elapsed":0}
{"Time":"2026-10-03T22:47:34.576719-03:00","Action":"run","Package":"cmd/compile/internal/ssacompile","Test":"TestPhioptIntegerNestedBranches/arm64/uint64/nested/true=1/compare=0/equal=false"}
{"Time":"2026-10-03T22:47:34.576725-03:00","Action":"output","Package":"cmd/compile/internal/ssacompile","Test":"TestPhioptIntegerNestedBranches/arm64/uint64/nested/true=1/compare=0/equal=false","Output":"=== RUN   TestPhioptIntegerNestedBranches/arm64/uint64/nested/true=1/compare=0/equal=false\n","OutputType":"frame"}
{"Time":"2026-10-03T22:47:34.576728-03:00","Action":"output","Package":"cmd/compile/internal/ssacompile","Test":"TestPhioptIntegerNestedBranches/arm64/uint64/nested/true=1/compare=0/equal=false","Output":"--- PASS: TestPhioptIntegerNestedBranches/arm64/uint64/nested/true=1/compare=0/equal=false (0.00s)\n","OutputType":"frame"}
{"Time":"2026-10-03T22:47:34.576731-03:00","Action":"pass","Package":"cmd/compile/internal/ssacompile","Test":"TestPhioptIntegerNestedBranches/arm64/uint64/nested/true=1/compare=0/equal=false","Elapsed":0}
{"Time":"2026-10-03T22:47:34.576733-03:00","Action":"run","Package":"cmd/compile/internal/ssacompile","Test":"TestPhioptIntegerNestedBranches/arm64/uint64/nested/true=1/compare=0/equal=true"}
{"Time":"2026-10-03T22:47:34.576736-03:00","Action":"output","Package":"cmd/compile/internal/ssacompile","Test":"TestPhioptIntegerNestedBranches/arm64/uint64/nested/true=1/compare=0/equal=true","Output":"=== RUN   TestPhioptIntegerNestedBranches/arm64/uint64/nested/true=1/compare=0/equal=true\n","OutputType":"frame"}
{"Time":"2026-10-03T22:47:34.576743-03:00","Action":"output","Package":"cmd/compile/internal/ssacompile","Test":"TestPhioptIntegerNestedBranches/arm64/uint64/nested/true=1/compare=0/equal=true","Output":"--- PASS: TestPhioptIntegerNestedBranches/arm64/uint64/nested/true=1/compare=0/equal=true (0.00s)\n","OutputType":"frame"}
{"Time":"2026-10-03T22:47:34.576745-03:00","Action":"pass","Package":"cmd/compile/internal/ssacompile","Test":"TestPhioptIntegerNestedBranches/arm64/uint64/nested/true=1/compare=0/equal=true","Elapsed":0}
{"Time":"2026-10-03T22:47:34.576748-03:00","Action":"run","Package":"cmd/compile/internal/ssacompile","Test":"TestPhioptIntegerNestedBranches/arm64/uint64/nested/true=1/compare=1/equal=false"}
{"Time":"2026-10-03T22:47:34.57675-03:00","Action":"output","Package":"cmd/compile/internal/ssacompile","Test":"TestPhioptIntegerNestedBranches/arm64/uint64/nested/true=1/compare=1/equal=false","Output":"=== RUN   TestPhioptIntegerNestedBranches/arm64/uint64/nested/true=1/compare=1/equal=false\n","OutputType":"frame"}
{"Time":"2026-10-03T22:47:34.576804-03:00","Action":"output","Package":"cmd/compile/internal/ssacompile","Test":"TestPhioptIntegerNestedBranches/arm64/uint64/nested/true=1/compare=1/equal=false","Output":"--- PASS: TestPhioptIntegerNestedBranches/arm64/uint64/nested/true=1/compare=1/equal=false (0.00s)\n","OutputType":"frame"}
{"Time":"2026-10-03T22:47:34.576819-03:00","Action":"pass","Package":"cmd/compile/internal/ssacompile","Test":"TestPhioptIntegerNestedBranches/arm64/uint64/nested/true=1/compare=1/equal=false","Elapsed":0}
{"Time":"2026-10-03T22:47:34.57683-03:00","Action":"run","Package":"cmd/compile/internal/ssacompile","Test":"TestPhioptIntegerNestedBranches/arm64/uint64/nested/true=1/compare=1/equal=true"}
{"Time":"2026-10-03T22:47:34.57684-03:00","Action":"output","Package":"cmd/compile/internal/ssacompile","Test":"TestPhioptIntegerNestedBranches/arm64/uint64/nested/true=1/compare=1/equal=true","Output":"=== RUN   TestPhioptIntegerNestedBranches/arm64/uint64/nested/true=1/compare=1/equal=true\n","OutputType":"frame"}
{"Time":"2026-10-03T22:47:34.576942-03:00","Action":"output","Package":"cmd/compile/internal/ssacompile","Test":"TestPhioptIntegerNestedBranches/arm64/uint64/nested/true=1/compare=1/equal=true","Output":"--- PASS: TestPhioptIntegerNestedBranches/arm64/uint64/nested/true=1/compare=1/equal=true (0.00s)\n","OutputType":"frame"}
{"Time":"2026-10-03T22:47:34.576956-03:00","Action":"pass","Package":"cmd/compile/internal/ssacompile","Test":"TestPhioptIntegerNestedBranches/arm64/uint64/nested/true=1/compare=1/equal=true","Elapsed":0}
{"Time":"2026-10-03T22:47:34.576994-03:00","Action":"run","Package":"cmd/compile/internal/ssacompile","Test":"TestPhioptIntegerNestedBranches/arm64/uint64/direct-true/true=0/compare=0/equal=false"}
{"Time":"2026-10-03T22:47:34.576998-03:00","Action":"output","Package":"cmd/compile/internal/ssacompile","Test":"TestPhioptIntegerNestedBranches/arm64/uint64/direct-true/true=0/compare=0/equal=false","Output":"=== RUN   TestPhioptIntegerNestedBranches/arm64/uint64/direct-true/true=0/compare=0/equal=false\n","OutputType":"frame"}
{"Time":"2026-10-03T22:47:34.577009-03:00","Action":"output","Package":"cmd/compile/internal/ssacompile","Test":"TestPhioptIntegerNestedBranches/arm64/uint64/direct-true/true=0/compare=0/equal=false","Output":"--- PASS: TestPhioptIntegerNestedBranches/arm64/uint64/direct-true/true=0/compare=0/equal=false (0.00s)\n","OutputType":"frame"}
{"Time":"2026-10-03T22:47:34.577013-03:00","Action":"pass","Package":"cmd/compile/internal/ssacompile","Test":"TestPhioptIntegerNestedBranches/arm64/uint64/direct-true/true=0/compare=0/equal=false","Elapsed":0}
{"Time":"2026-10-03T22:47:34.577016-03:00","Action":"run","Package":"cmd/compile/internal/ssacompile","Test":"TestPhioptIntegerNestedBranches/arm64/uint64/direct-true/true=0/compare=0/equal=true"}
{"Time":"2026-10-03T22:47:34.577019-03:00","Action":"output","Package":"cmd/compile/internal/ssacompile","Test":"TestPhioptIntegerNestedBranches/arm64/uint64/direct-true/true=0/compare=0/equal=true","Output":"=== RUN   TestPhioptIntegerNestedBranches/arm64/uint64/direct-true/true=0/compare=0/equal=true\n","OutputType":"frame"}
{"Time":"2026-10-03T22:47:34.577022-03:00","Action":"output","Package":"cmd/compile/internal/ssacompile","Test":"TestPhioptIntegerNestedBranches/arm64/uint64/direct-true/true=0/compare=0/equal=true","Output":"--- PASS: TestPhioptIntegerNestedBranches/arm64/uint64/direct-true/true=0/compare=0/equal=true (0.00s)\n","OutputType":"frame"}
{"Time":"2026-10-03T22:47:34.577025-03:00","Action":"pass","Package":"cmd/compile/internal/ssacompile","Test":"TestPhioptIntegerNestedBranches/arm64/uint64/direct-true/true=0/compare=0/equal=true","Elapsed":0}
{"Time":"2026-10-03T22:47:34.577028-03:00","Action":"run","Package":"cmd/compile/internal/ssacompile","Test":"TestPhioptIntegerNestedBranches/arm64/uint64/direct-true/true=0/compare=1/equal=false"}
{"Time":"2026-10-03T22:47:34.577031-03:00","Action":"output","Package":"cmd/compile/internal/ssacompile","Test":"TestPhioptIntegerNestedBranches/arm64/uint64/direct-true/true=0/compare=1/equal=false","Output":"=== RUN   TestPhioptIntegerNestedBranches/arm64/uint64/direct-true/true=0/compare=1/equal=false\n","OutputType":"frame"}
{"Time":"2026-10-03T22:47:34.577039-03:00","Action":"output","Package":"cmd/compile/internal/ssacompile","Test":"TestPhioptIntegerNestedBranches/arm64/uint64/direct-true/true=0/compare=1/equal=false","Output":"--- PASS: TestPhioptIntegerNestedBranches/arm64/uint64/direct-true/true=0/compare=1/equal=false (0.00s)\n","OutputType":"frame"}
{"Time":"2026-10-03T22:47:34.577043-03:00","Action":"pass","Package":"cmd/compile/internal/ssacompile","Test":"TestPhioptIntegerNestedBranches/arm64/uint64/direct-true/true=0/compare=1/equal=false","Elapsed":0}
{"Time":"2026-10-03T22:47:34.577045-03:00","Action":"run","Package":"cmd/compile/internal/ssacompile","Test":"TestPhioptIntegerNestedBranches/arm64/uint64/direct-true/true=0/compare=1/equal=true"}
{"Time":"2026-10-03T22:47:34.577048-03:00","Action":"output","Package":"cmd/compile/internal/ssacompile","Test":"TestPhioptIntegerNestedBranches/arm64/uint64/direct-true/true=0/compare=1/equal=true","Output":"=== RUN   TestPhioptIntegerNestedBranches/arm64/uint64/direct-true/true=0/compare=1/equal=true\n","OutputType":"frame"}
{"Time":"2026-10-03T22:47:34.577053-03:00","Action":"output","Package":"cmd/compile/internal/ssacompile","Test":"TestPhioptIntegerNestedBranches/arm64/uint64/direct-true/true=0/compare=1/equal=true","Output":"--- PASS: TestPhioptIntegerNestedBranches/arm64/uint64/direct-true/true=0/compare=1/equal=true (0.00s)\n","OutputType":"frame"}
{"Time":"2026-10-03T22:47:34.577056-03:00","Action":"pass","Package":"cmd/compile/internal/ssacompile","Test":"TestPhioptIntegerNestedBranches/arm64/uint64/direct-true/true=0/compare=1/equal=true","Elapsed":0}
{"Time":"2026-10-03T22:47:34.577059-03:00","Action":"run","Package":"cmd/compile/internal/ssacompile","Test":"TestPhioptIntegerNestedBranches/arm64/uint64/direct-true/true=1/compare=0/equal=false"}
{"Time":"2026-10-03T22:47:34.577061-03:00","Action":"output","Package":"cmd/compile/internal/ssacompile","Test":"TestPhioptIntegerNestedBranches/arm64/uint64/direct-true/true=1/compare=0/equal=false","Output":"=== RUN   TestPhioptIntegerNestedBranches/arm64/uint64/direct-true/true=1/compare=0/equal=false\n","OutputType":"frame"}
{"Time":"2026-10-03T22:47:34.577065-03:00","Action":"output","Package":"cmd/compile/internal/ssacompile","Test":"TestPhioptIntegerNestedBranches/arm64/uint64/direct-true/true=1/compare=0/equal=false","Output":"--- PASS: TestPhioptIntegerNestedBranches/arm64/uint64/direct-true/true=1/compare=0/equal=false (0.00s)\n","OutputType":"frame"}
{"Time":"2026-10-03T22:47:34.577067-03:00","Action":"pass","Package":"cmd/compile/internal/ssacompile","Test":"TestPhioptIntegerNestedBranches/arm64/uint64/direct-true/true=1/compare=0/equal=false","Elapsed":0}
{"Time":"2026-10-03T22:47:34.577069-03:00","Action":"run","Package":"cmd/compile/internal/ssacompile","Test":"TestPhioptIntegerNestedBranches/arm64/uint64/direct-true/true=1/compare=0/equal=true"}
{"Time":"2026-10-03T22:47:34.577072-03:00","Action":"output","Package":"cmd/compile/internal/ssacompile","Test":"TestPhioptIntegerNestedBranches/arm64/uint64/direct-true/true=1/compare=0/equal=true","Output":"=== RUN   TestPhioptIntegerNestedBranches/arm64/uint64/direct-true/true=1/compare=0/equal=true\n","OutputType":"frame"}
{"Time":"2026-10-03T22:47:34.577075-03:00","Action":"output","Package":"cmd/compile/internal/ssacompile","Test":"TestPhioptIntegerNestedBranches/arm64/uint64/direct-true/true=1/compare=0/equal=true","Output":"--- PASS: TestPhioptIntegerNestedBranches/arm64/uint64/direct-true/true=1/compare=0/equal=true (0.00s)\n","OutputType":"frame"}
{"Time":"2026-10-03T22:47:34.577078-03:00","Action":"pass","Package":"cmd/compile/internal/ssacompile","Test":"TestPhioptIntegerNestedBranches/arm64/uint64/direct-true/true=1/compare=0/equal=true","Elapsed":0}
{"Time":"2026-10-03T22:47:34.57708-03:00","Action":"run","Package":"cmd/compile/internal/ssacompile","Test":"TestPhioptIntegerNestedBranches/arm64/uint64/direct-true/true=1/compare=1/equal=false"}
{"Time":"2026-10-03T22:47:34.577083-03:00","Action":"output","Package":"cmd/compile/internal/ssacompile","Test":"TestPhioptIntegerNestedBranches/arm64/uint64/direct-true/true=1/compare=1/equal=false","Output":"=== RUN   TestPhioptIntegerNestedBranches/arm64/uint64/direct-true/true=1/compare=1/equal=false\n","OutputType":"frame"}
{"Time":"2026-10-03T22:47:34.577086-03:00","Action":"output","Package":"cmd/compile/internal/ssacompile","Test":"TestPhioptIntegerNestedBranches/arm64/uint64/direct-true/true=1/compare=1/equal=false","Output":"--- PASS: TestPhioptIntegerNestedBranches/arm64/uint64/direct-true/true=1/compare=1/equal=false (0.00s)\n","OutputType":"frame"}
{"Time":"2026-10-03T22:47:34.57709-03:00","Action":"pass","Package":"cmd/compile/internal/ssacompile","Test":"TestPhioptIntegerNestedBranches/arm64/uint64/direct-true/true=1/compare=1/equal=false","Elapsed":0}
{"Time":"2026-10-03T22:47:34.577092-03:00","Action":"run","Package":"cmd/compile/internal/ssacompile","Test":"TestPhioptIntegerNestedBranches/arm64/uint64/direct-true/true=1/compare=1/equal=true"}
{"Time":"2026-10-03T22:47:34.577095-03:00","Action":"output","Package":"cmd/compile/internal/ssacompile","Test":"TestPhioptIntegerNestedBranches/arm64/uint64/direct-true/true=1/compare=1/equal=true","Output":"=== RUN   TestPhioptIntegerNestedBranches/arm64/uint64/direct-true/true=1/compare=1/equal=true\n","OutputType":"frame"}
{"Time":"2026-10-03T22:47:34.577098-03:00","Action":"output","Package":"cmd/compile/internal/ssacompile","Test":"TestPhioptIntegerNestedBranches/arm64/uint64/direct-true/true=1/compare=1/equal=true","Output":"--- PASS: TestPhioptIntegerNestedBranches/arm64/uint64/direct-true/true=1/compare=1/equal=true (0.00s)\n","OutputType":"frame"}
{"Time":"2026-10-03T22:47:34.577101-03:00","Action":"pass","Package":"cmd/compile/internal/ssacompile","Test":"TestPhioptIntegerNestedBranches/arm64/uint64/direct-true/true=1/compare=1/equal=true","Elapsed":0}
{"Time":"2026-10-03T22:47:34.577103-03:00","Action":"run","Package":"cmd/compile/internal/ssacompile","Test":"TestPhioptIntegerNestedBranches/arm64/uint64/direct-false/true=0/compare=0/equal=false"}
{"Time":"2026-10-03T22:47:34.577105-03:00","Action":"output","Package":"cmd/compile/internal/ssacompile","Test":"TestPhioptIntegerNestedBranches/arm64/uint64/direct-false/true=0/compare=0/equal=false","Output":"=== RUN   TestPhioptIntegerNestedBranches/arm64/uint64/direct-false/true=0/compare=0/equal=false\n","OutputType":"frame"}
{"Time":"2026-10-03T22:47:34.577109-03:00","Action":"output","Package":"cmd/compile/internal/ssacompile","Test":"TestPhioptIntegerNestedBranches/arm64/uint64/direct-false/true=0/compare=0/equal=false","Output":"--- PASS: TestPhioptIntegerNestedBranches/arm64/uint64/direct-false/true=0/compare=0/equal=false (0.00s)\n","OutputType":"frame"}
{"Time":"2026-10-03T22:47:34.577112-03:00","Action":"pass","Package":"cmd/compile/internal/ssacompile","Test":"TestPhioptIntegerNestedBranches/arm64/uint64/direct-false/true=0/compare=0/equal=false","Elapsed":0}
{"Time":"2026-10-03T22:47:34.577116-03:00","Action":"run","Package":"cmd/compile/internal/ssacompile","Test":"TestPhioptIntegerNestedBranches/arm64/uint64/direct-false/true=0/compare=0/equal=true"}
{"Time":"2026-10-03T22:47:34.577119-03:00","Action":"output","Package":"cmd/compile/internal/ssacompile","Test":"TestPhioptIntegerNestedBranches/arm64/uint64/direct-false/true=0/compare=0/equal=true","Output":"=== RUN   TestPhioptIntegerNestedBranches/arm64/uint64/direct-false/true=0/compare=0/equal=true\n","OutputType":"frame"}
{"Time":"2026-10-03T22:47:34.577122-03:00","Action":"output","Package":"cmd/compile/internal/ssacompile","Test":"TestPhioptIntegerNestedBranches/arm64/uint64/direct-false/true=0/compare=0/equal=true","Output":"--- PASS: TestPhioptIntegerNestedBranches/arm64/uint64/direct-false/true=0/compare=0/equal=true (0.00s)\n","OutputType":"frame"}
{"Time":"2026-10-03T22:47:34.577125-03:00","Action":"pass","Package":"cmd/compile/internal/ssacompile","Test":"TestPhioptIntegerNestedBranches/arm64/uint64/direct-false/true=0/compare=0/equal=true","Elapsed":0}
{"Time":"2026-10-03T22:47:34.577127-03:00","Action":"run","Package":"cmd/compile/internal/ssacompile","Test":"TestPhioptIntegerNestedBranches/arm64/uint64/direct-false/true=0/compare=1/equal=false"}
{"Time":"2026-10-03T22:47:34.57713-03:00","Action":"output","Package":"cmd/compile/internal/ssacompile","Test":"TestPhioptIntegerNestedBranches/arm64/uint64/direct-false/true=0/compare=1/equal=false","Output":"=== RUN   TestPhioptIntegerNestedBranches/arm64/uint64/direct-false/true=0/compare=1/equal=false\n","OutputType":"frame"}
{"Time":"2026-10-03T22:47:34.577133-03:00","Action":"output","Package":"cmd/compile/internal/ssacompile","Test":"TestPhioptIntegerNestedBranches/arm64/uint64/direct-false/true=0/compare=1/equal=false","Output":"--- PASS: TestPhioptIntegerNestedBranches/arm64/uint64/direct-false/true=0/compare=1/equal=false (0.00s)\n","OutputType":"frame"}
{"Time":"2026-10-03T22:47:34.577136-03:00","Action":"pass","Package":"cmd/compile/internal/ssacompile","Test":"TestPhioptIntegerNestedBranches/arm64/uint64/direct-false/true=0/compare=1/equal=false","Elapsed":0}
{"Time":"2026-10-03T22:47:34.577138-03:00","Action":"run","Package":"cmd/compile/internal/ssacompile","Test":"TestPhioptIntegerNestedBranches/arm64/uint64/direct-false/true=0/compare=1/equal=true"}
{"Time":"2026-10-03T22:47:34.57714-03:00","Action":"output","Package":"cmd/compile/internal/ssacompile","Test":"TestPhioptIntegerNestedBranches/arm64/uint64/direct-false/true=0/compare=1/equal=true","Output":"=== RUN   TestPhioptIntegerNestedBranches/arm64/uint64/direct-false/true=0/compare=1/equal=true\n","OutputType":"frame"}
{"Time":"2026-10-03T22:47:34.577189-03:00","Action":"output","Package":"cmd/compile/internal/ssacompile","Test":"TestPhioptIntegerNestedBranches/arm64/uint64/direct-false/true=0/compare=1/equal=true","Output":"--- PASS: TestPhioptIntegerNestedBranches/arm64/uint64/direct-false/true=0/compare=1/equal=true (0.00s)\n","OutputType":"frame"}
{"Time":"2026-10-03T22:47:34.577212-03:00","Action":"pass","Package":"cmd/compile/internal/ssacompile","Test":"TestPhioptIntegerNestedBranches/arm64/uint64/direct-false/true=0/compare=1/equal=true","Elapsed":0}
{"Time":"2026-10-03T22:47:34.577223-03:00","Action":"run","Package":"cmd/compile/internal/ssacompile","Test":"TestPhioptIntegerNestedBranches/arm64/uint64/direct-false/true=1/compare=0/equal=false"}
{"Time":"2026-10-03T22:47:34.577231-03:00","Action":"output","Package":"cmd/compile/internal/ssacompile","Test":"TestPhioptIntegerNestedBranches/arm64/uint64/direct-false/true=1/compare=0/equal=false","Output":"=== RUN   TestPhioptIntegerNestedBranches/arm64/uint64/direct-false/true=1/compare=0/equal=false\n","OutputType":"frame"}
{"Time":"2026-10-03T22:47:34.577396-03:00","Action":"output","Package":"cmd/compile/internal/ssacompile","Test":"TestPhioptIntegerNestedBranches/arm64/uint64/direct-false/true=1/compare=0/equal=false","Output":"--- PASS: TestPhioptIntegerNestedBranches/arm64/uint64/direct-false/true=1/compare=0/equal=false (0.00s)\n","OutputType":"frame"}
{"Time":"2026-10-03T22:47:34.577403-03:00","Action":"pass","Package":"cmd/compile/internal/ssacompile","Test":"TestPhioptIntegerNestedBranches/arm64/uint64/direct-false/true=1/compare=0/equal=false","Elapsed":0}
{"Time":"2026-10-03T22:47:34.577407-03:00","Action":"run","Package":"cmd/compile/internal/ssacompile","Test":"TestPhioptIntegerNestedBranches/arm64/uint64/direct-false/true=1/compare=0/equal=true"}
{"Time":"2026-10-03T22:47:34.577418-03:00","Action":"output","Package":"cmd/compile/internal/ssacompile","Test":"TestPhioptIntegerNestedBranches/arm64/uint64/direct-false/true=1/compare=0/equal=true","Output":"=== RUN   TestPhioptIntegerNestedBranches/arm64/uint64/direct-false/true=1/compare=0/equal=true\n","OutputType":"frame"}
{"Time":"2026-10-03T22:47:34.577422-03:00","Action":"output","Package":"cmd/compile/internal/ssacompile","Test":"TestPhioptIntegerNestedBranches/arm64/uint64/direct-false/true=1/compare=0/equal=true","Output":"--- PASS: TestPhioptIntegerNestedBranches/arm64/uint64/direct-false/true=1/compare=0/equal=true (0.00s)\n","OutputType":"frame"}
{"Time":"2026-10-03T22:47:34.577425-03:00","Action":"pass","Package":"cmd/compile/internal/ssacompile","Test":"TestPhioptIntegerNestedBranches/arm64/uint64/direct-false/true=1/compare=0/equal=true","Elapsed":0}
{"Time":"2026-10-03T22:47:34.577427-03:00","Action":"run","Package":"cmd/compile/internal/ssacompile","Test":"TestPhioptIntegerNestedBranches/arm64/uint64/direct-false/true=1/compare=1/equal=false"}
{"Time":"2026-10-03T22:47:34.57743-03:00","Action":"output","Package":"cmd/compile/internal/ssacompile","Test":"TestPhioptIntegerNestedBranches/arm64/uint64/direct-false/true=1/compare=1/equal=false","Output":"=== RUN   TestPhioptIntegerNestedBranches/arm64/uint64/direct-false/true=1/compare=1/equal=false\n","OutputType":"frame"}
{"Time":"2026-10-03T22:47:34.577433-03:00","Action":"output","Package":"cmd/compile/internal/ssacompile","Test":"TestPhioptIntegerNestedBranches/arm64/uint64/direct-false/true=1/compare=1/equal=false","Output":"--- PASS: TestPhioptIntegerNestedBranches/arm64/uint64/direct-false/true=1/compare=1/equal=false (0.00s)\n","OutputType":"frame"}
{"Time":"2026-10-03T22:47:34.577436-03:00","Action":"pass","Package":"cmd/compile/internal/ssacompile","Test":"TestPhioptIntegerNestedBranches/arm64/uint64/direct-false/true=1/compare=1/equal=false","Elapsed":0}
{"Time":"2026-10-03T22:47:34.577438-03:00","Action":"run","Package":"cmd/compile/internal/ssacompile","Test":"TestPhioptIntegerNestedBranches/arm64/uint64/direct-false/true=1/compare=1/equal=true"}
{"Time":"2026-10-03T22:47:34.577441-03:00","Action":"output","Package":"cmd/compile/internal/ssacompile","Test":"TestPhioptIntegerNestedBranches/arm64/uint64/direct-false/true=1/compare=1/equal=true","Output":"=== RUN   TestPhioptIntegerNestedBranches/arm64/uint64/direct-false/true=1/compare=1/equal=true\n","OutputType":"frame"}
{"Time":"2026-10-03T22:47:34.577444-03:00","Action":"output","Package":"cmd/compile/internal/ssacompile","Test":"TestPhioptIntegerNestedBranches/arm64/uint64/direct-false/true=1/compare=1/equal=true","Output":"--- PASS: TestPhioptIntegerNestedBranches/arm64/uint64/direct-false/true=1/compare=1/equal=true (0.00s)\n","OutputType":"frame"}
{"Time":"2026-10-03T22:47:34.577447-03:00","Action":"pass","Package":"cmd/compile/internal/ssacompile","Test":"TestPhioptIntegerNestedBranches/arm64/uint64/direct-false/true=1/compare=1/equal=true","Elapsed":0}
{"Time":"2026-10-03T22:47:34.577449-03:00","Action":"output","Package":"cmd/compile/internal/ssacompile","Test":"TestPhioptIntegerNestedBranches/arm64","Output":"--- PASS: TestPhioptIntegerNestedBranches/arm64 (0.00s)\n","OutputType":"frame"}
{"Time":"2026-10-03T22:47:34.577452-03:00","Action":"pass","Package":"cmd/compile/internal/ssacompile","Test":"TestPhioptIntegerNestedBranches/arm64","Elapsed":0}
{"Time":"2026-10-03T22:47:34.577455-03:00","Action":"output","Package":"cmd/compile/internal/ssacompile","Test":"TestPhioptIntegerNestedBranches","Output":"--- PASS: TestPhioptIntegerNestedBranches (0.01s)\n","OutputType":"frame"}
{"Time":"2026-10-03T22:47:34.577458-03:00","Action":"pass","Package":"cmd/compile/internal/ssacompile","Test":"TestPhioptIntegerNestedBranches","Elapsed":0.01}
{"Time":"2026-10-03T22:47:34.577461-03:00","Action":"run","Package":"cmd/compile/internal/ssacompile","Test":"TestPhioptIntegerRejectsUnsafeFlags"}
{"Time":"2026-10-03T22:47:34.577463-03:00","Action":"output","Package":"cmd/compile/internal/ssacompile","Test":"TestPhioptIntegerRejectsUnsafeFlags","Output":"=== RUN   TestPhioptIntegerRejectsUnsafeFlags\n","OutputType":"frame"}
{"Time":"2026-10-03T22:47:34.577539-03:00","Action":"run","Package":"cmd/compile/internal/ssacompile","Test":"TestPhioptIntegerRejectsUnsafeFlags/other-constant"}
{"Time":"2026-10-03T22:47:34.577545-03:00","Action":"output","Package":"cmd/compile/internal/ssacompile","Test":"TestPhioptIntegerRejectsUnsafeFlags/other-constant","Output":"=== RUN   TestPhioptIntegerRejectsUnsafeFlags/other-constant\n","OutputType":"frame"}
{"Time":"2026-10-03T22:47:34.577552-03:00","Action":"output","Package":"cmd/compile/internal/ssacompile","Test":"TestPhioptIntegerRejectsUnsafeFlags/other-constant","Output":"--- PASS: TestPhioptIntegerRejectsUnsafeFlags/other-constant (0.00s)\n","OutputType":"frame"}
{"Time":"2026-10-03T22:47:34.577555-03:00","Action":"pass","Package":"cmd/compile/internal/ssacompile","Test":"TestPhioptIntegerRejectsUnsafeFlags/other-constant","Elapsed":0}
{"Time":"2026-10-03T22:47:34.577558-03:00","Action":"run","Package":"cmd/compile/internal/ssacompile","Test":"TestPhioptIntegerRejectsUnsafeFlags/negative-constant"}
{"Time":"2026-10-03T22:47:34.577561-03:00","Action":"output","Package":"cmd/compile/internal/ssacompile","Test":"TestPhioptIntegerRejectsUnsafeFlags/negative-constant","Output":"=== RUN   TestPhioptIntegerRejectsUnsafeFlags/negative-constant\n","OutputType":"frame"}
{"Time":"2026-10-03T22:47:34.577564-03:00","Action":"output","Package":"cmd/compile/internal/ssacompile","Test":"TestPhioptIntegerRejectsUnsafeFlags/negative-constant","Output":"--- PASS: TestPhioptIntegerRejectsUnsafeFlags/negative-constant (0.00s)\n","OutputType":"frame"}
{"Time":"2026-10-03T22:47:34.577567-03:00","Action":"pass","Package":"cmd/compile/internal/ssacompile","Test":"TestPhioptIntegerRejectsUnsafeFlags/negative-constant","Elapsed":0}
{"Time":"2026-10-03T22:47:34.577569-03:00","Action":"run","Package":"cmd/compile/internal/ssacompile","Test":"TestPhioptIntegerRejectsUnsafeFlags/same-constant"}
{"Time":"2026-10-03T22:47:34.577571-03:00","Action":"output","Package":"cmd/compile/internal/ssacompile","Test":"TestPhioptIntegerRejectsUnsafeFlags/same-constant","Output":"=== RUN   TestPhioptIntegerRejectsUnsafeFlags/same-constant\n","OutputType":"frame"}
{"Time":"2026-10-03T22:47:34.577575-03:00","Action":"output","Package":"cmd/compile/internal/ssacompile","Test":"TestPhioptIntegerRejectsUnsafeFlags/same-constant","Output":"--- PASS: TestPhioptIntegerRejectsUnsafeFlags/same-constant (0.00s)\n","OutputType":"frame"}
{"Time":"2026-10-03T22:47:34.577577-03:00","Action":"pass","Package":"cmd/compile/internal/ssacompile","Test":"TestPhioptIntegerRejectsUnsafeFlags/same-constant","Elapsed":0}
{"Time":"2026-10-03T22:47:34.57758-03:00","Action":"run","Package":"cmd/compile/internal/ssacompile","Test":"TestPhioptIntegerRejectsUnsafeFlags/shared-successor"}
{"Time":"2026-10-03T22:47:34.577582-03:00","Action":"output","Package":"cmd/compile/internal/ssacompile","Test":"TestPhioptIntegerRejectsUnsafeFlags/shared-successor","Output":"=== RUN   TestPhioptIntegerRejectsUnsafeFlags/shared-successor\n","OutputType":"frame"}
{"Time":"2026-10-03T22:47:34.577588-03:00","Action":"output","Package":"cmd/compile/internal/ssacompile","Test":"TestPhioptIntegerRejectsUnsafeFlags/shared-successor","Output":"--- PASS: TestPhioptIntegerRejectsUnsafeFlags/shared-successor (0.00s)\n","OutputType":"frame"}
{"Time":"2026-10-03T22:47:34.577593-03:00","Action":"pass","Package":"cmd/compile/internal/ssacompile","Test":"TestPhioptIntegerRejectsUnsafeFlags/shared-successor","Elapsed":0}
{"Time":"2026-10-03T22:47:34.577596-03:00","Action":"output","Package":"cmd/compile/internal/ssacompile","Test":"TestPhioptIntegerRejectsUnsafeFlags","Output":"--- PASS: TestPhioptIntegerRejectsUnsafeFlags (0.00s)\n","OutputType":"frame"}
{"Time":"2026-10-03T22:47:34.577599-03:00","Action":"pass","Package":"cmd/compile/internal/ssacompile","Test":"TestPhioptIntegerRejectsUnsafeFlags","Elapsed":0}
{"Time":"2026-10-03T22:47:34.577602-03:00","Action":"run","Package":"cmd/compile/internal/ssacompile","Test":"TestLimitNegSigned"}
{"Time":"2026-10-03T22:47:34.577605-03:00","Action":"output","Package":"cmd/compile/internal/ssacompile","Test":"TestLimitNegSigned","Output":"=== RUN   TestLimitNegSigned\n","OutputType":"frame"}
{"Time":"2026-10-03T22:47:34.582953-03:00","Action":"output","Package":"cmd/compile/internal/ssacompile","Test":"TestLimitNegSigned","Output":"--- PASS: TestLimitNegSigned (0.01s)\n","OutputType":"frame"}
{"Time":"2026-10-03T22:47:34.58296-03:00","Action":"pass","Package":"cmd/compile/internal/ssacompile","Test":"TestLimitNegSigned","Elapsed":0.01}
{"Time":"2026-10-03T22:47:34.582964-03:00","Action":"run","Package":"cmd/compile/internal/ssacompile","Test":"TestLimitNegUnsigned"}
{"Time":"2026-10-03T22:47:34.582967-03:00","Action":"output","Package":"cmd/compile/internal/ssacompile","Test":"TestLimitNegUnsigned","Output":"=== RUN   TestLimitNegUnsigned\n","OutputType":"frame"}
{"Time":"2026-10-03T22:47:34.588292-03:00","Action":"output","Package":"cmd/compile/internal/ssacompile","Test":"TestLimitNegUnsigned","Output":"--- PASS: TestLimitNegUnsigned (0.01s)\n","OutputType":"frame"}
{"Time":"2026-10-03T22:47:34.588299-03:00","Action":"pass","Package":"cmd/compile/internal/ssacompile","Test":"TestLimitNegUnsigned","Elapsed":0.01}
{"Time":"2026-10-03T22:47:34.588302-03:00","Action":"run","Package":"cmd/compile/internal/ssacompile","Test":"TestLimitComSigned"}
{"Time":"2026-10-03T22:47:34.588305-03:00","Action":"output","Package":"cmd/compile/internal/ssacompile","Test":"TestLimitComSigned","Output":"=== RUN   TestLimitComSigned\n","OutputType":"frame"}
{"Time":"2026-10-03T22:47:34.593431-03:00","Action":"output","Package":"cmd/compile/internal/ssacompile","Test":"TestLimitComSigned","Output":"--- PASS: TestLimitComSigned (0.01s)\n","OutputType":"frame"}
{"Time":"2026-10-03T22:47:34.593439-03:00","Action":"pass","Package":"cmd/compile/internal/ssacompile","Test":"TestLimitComSigned","Elapsed":0.01}
{"Time":"2026-10-03T22:47:34.593443-03:00","Action":"run","Package":"cmd/compile/internal/ssacompile","Test":"TestLimitComUnsigned"}
{"Time":"2026-10-03T22:47:34.593463-03:00","Action":"output","Package":"cmd/compile/internal/ssacompile","Test":"TestLimitComUnsigned","Output":"=== RUN   TestLimitComUnsigned\n","OutputType":"frame"}
{"Time":"2026-10-03T22:47:34.59857-03:00","Action":"output","Package":"cmd/compile/internal/ssacompile","Test":"TestLimitComUnsigned","Output":"--- PASS: TestLimitComUnsigned (0.01s)\n","OutputType":"frame"}
{"Time":"2026-10-03T22:47:34.598576-03:00","Action":"pass","Package":"cmd/compile/internal/ssacompile","Test":"TestLimitComUnsigned","Elapsed":0.01}
{"Time":"2026-10-03T22:47:34.59858-03:00","Action":"run","Package":"cmd/compile/internal/ssacompile","Test":"TestLimitCtzUnsigned"}
{"Time":"2026-10-03T22:47:34.598584-03:00","Action":"output","Package":"cmd/compile/internal/ssacompile","Test":"TestLimitCtzUnsigned","Output":"=== RUN   TestLimitCtzUnsigned\n","OutputType":"frame"}
{"Time":"2026-10-03T22:47:34.603757-03:00","Action":"output","Package":"cmd/compile/internal/ssacompile","Test":"TestLimitCtzUnsigned","Output":"--- PASS: TestLimitCtzUnsigned (0.01s)\n","OutputType":"frame"}
{"Time":"2026-10-03T22:47:34.603763-03:00","Action":"pass","Package":"cmd/compile/internal/ssacompile","Test":"TestLimitCtzUnsigned","Elapsed":0.01}
{"Time":"2026-10-03T22:47:34.603766-03:00","Action":"run","Package":"cmd/compile/internal/ssacompile","Test":"TestLimitBitlenUnsigned"}
{"Time":"2026-10-03T22:47:34.603769-03:00","Action":"output","Package":"cmd/compile/internal/ssacompile","Test":"TestLimitBitlenUnsigned","Output":"=== RUN   TestLimitBitlenUnsigned\n","OutputType":"frame"}
{"Time":"2026-10-03T22:47:34.608889-03:00","Action":"output","Package":"cmd/compile/internal/ssacompile","Test":"TestLimitBitlenUnsigned","Output":"--- PASS: TestLimitBitlenUnsigned (0.01s)\n","OutputType":"frame"}
{"Time":"2026-10-03T22:47:34.608896-03:00","Action":"pass","Package":"cmd/compile/internal/ssacompile","Test":"TestLimitBitlenUnsigned","Elapsed":0.01}
{"Time":"2026-10-03T22:47:34.608901-03:00","Action":"run","Package":"cmd/compile/internal/ssacompile","Test":"TestLimitPopcountUnsigned"}
{"Time":"2026-10-03T22:47:34.608904-03:00","Action":"output","Package":"cmd/compile/internal/ssacompile","Test":"TestLimitPopcountUnsigned","Output":"=== RUN   TestLimitPopcountUnsigned\n","OutputType":"frame"}
{"Time":"2026-10-03T22:47:34.614096-03:00","Action":"output","Package":"cmd/compile/internal/ssacompile","Test":"TestLimitPopcountUnsigned","Output":"--- PASS: TestLimitPopcountUnsigned (0.01s)\n","OutputType":"frame"}
{"Time":"2026-10-03T22:47:34.614101-03:00","Action":"pass","Package":"cmd/compile/internal/ssacompile","Test":"TestLimitPopcountUnsigned","Elapsed":0.01}
{"Time":"2026-10-03T22:47:34.614104-03:00","Action":"run","Package":"cmd/compile/internal/ssacompile","Test":"TestConvertIntWithBitsize"}
{"Time":"2026-10-03T22:47:34.614107-03:00","Action":"output","Package":"cmd/compile/internal/ssacompile","Test":"TestConvertIntWithBitsize","Output":"=== RUN   TestConvertIntWithBitsize\n","OutputType":"frame"}
{"Time":"2026-10-03T22:47:34.614111-03:00","Action":"output","Package":"cmd/compile/internal/ssacompile","Test":"TestConvertIntWithBitsize","Output":"--- PASS: TestConvertIntWithBitsize (0.00s)\n","OutputType":"frame"}
{"Time":"2026-10-03T22:47:34.614114-03:00","Action":"pass","Package":"cmd/compile/internal/ssacompile","Test":"TestConvertIntWithBitsize","Elapsed":0}
{"Time":"2026-10-03T22:47:34.614117-03:00","Action":"run","Package":"cmd/compile/internal/ssacompile","Test":"TestRegallocDeadRematerializations"}
{"Time":"2026-10-03T22:47:34.61412-03:00","Action":"output","Package":"cmd/compile/internal/ssacompile","Test":"TestRegallocDeadRematerializations","Output":"=== RUN   TestRegallocDeadRematerializations\n","OutputType":"frame"}
{"Time":"2026-10-03T22:47:34.615798-03:00","Action":"output","Package":"cmd/compile/internal/ssacompile","Test":"TestRegallocDeadRematerializations","Output":"--- PASS: TestRegallocDeadRematerializations (0.00s)\n","OutputType":"frame"}
{"Time":"2026-10-03T22:47:34.615803-03:00","Action":"pass","Package":"cmd/compile/internal/ssacompile","Test":"TestRegallocDeadRematerializations","Elapsed":0}
{"Time":"2026-10-03T22:47:34.615805-03:00","Action":"run","Package":"cmd/compile/internal/ssacompile","Test":"TestLiveControlOps"}
{"Time":"2026-10-03T22:47:34.615808-03:00","Action":"output","Package":"cmd/compile/internal/ssacompile","Test":"TestLiveControlOps","Output":"=== RUN   TestLiveControlOps\n","OutputType":"frame"}
{"Time":"2026-10-03T22:47:34.615947-03:00","Action":"output","Package":"cmd/compile/internal/ssacompile","Test":"TestLiveControlOps","Output":"--- PASS: TestLiveControlOps (0.00s)\n","OutputType":"frame"}
{"Time":"2026-10-03T22:47:34.615952-03:00","Action":"pass","Package":"cmd/compile/internal/ssacompile","Test":"TestLiveControlOps","Elapsed":0}
{"Time":"2026-10-03T22:47:34.615955-03:00","Action":"run","Package":"cmd/compile/internal/ssacompile","Test":"TestNoGetgLoadReg"}
{"Time":"2026-10-03T22:47:34.615958-03:00","Action":"output","Package":"cmd/compile/internal/ssacompile","Test":"TestNoGetgLoadReg","Output":"=== RUN   TestNoGetgLoadReg\n","OutputType":"frame"}
{"Time":"2026-10-03T22:47:34.617147-03:00","Action":"output","Package":"cmd/compile/internal/ssacompile","Test":"TestNoGetgLoadReg","Output":"--- PASS: TestNoGetgLoadReg (0.00s)\n","OutputType":"frame"}
{"Time":"2026-10-03T22:47:34.617152-03:00","Action":"pass","Package":"cmd/compile/internal/ssacompile","Test":"TestNoGetgLoadReg","Elapsed":0}
{"Time":"2026-10-03T22:47:34.617155-03:00","Action":"run","Package":"cmd/compile/internal/ssacompile","Test":"TestSpillWithLoop"}
{"Time":"2026-10-03T22:47:34.617158-03:00","Action":"output","Package":"cmd/compile/internal/ssacompile","Test":"TestSpillWithLoop","Output":"=== RUN   TestSpillWithLoop\n","OutputType":"frame"}
{"Time":"2026-10-03T22:47:34.61726-03:00","Action":"output","Package":"cmd/compile/internal/ssacompile","Test":"TestSpillWithLoop","Output":"--- PASS: TestSpillWithLoop (0.00s)\n","OutputType":"frame"}
{"Time":"2026-10-03T22:47:34.617265-03:00","Action":"pass","Package":"cmd/compile/internal/ssacompile","Test":"TestSpillWithLoop","Elapsed":0}
{"Time":"2026-10-03T22:47:34.617268-03:00","Action":"run","Package":"cmd/compile/internal/ssacompile","Test":"TestSpillMove1"}
{"Time":"2026-10-03T22:47:34.617272-03:00","Action":"output","Package":"cmd/compile/internal/ssacompile","Test":"TestSpillMove1","Output":"=== RUN   TestSpillMove1\n","OutputType":"frame"}
{"Time":"2026-10-03T22:47:34.617388-03:00","Action":"output","Package":"cmd/compile/internal/ssacompile","Test":"TestSpillMove1","Output":"--- PASS: TestSpillMove1 (0.00s)\n","OutputType":"frame"}
{"Time":"2026-10-03T22:47:34.617393-03:00","Action":"pass","Package":"cmd/compile/internal/ssacompile","Test":"TestSpillMove1","Elapsed":0}
{"Time":"2026-10-03T22:47:34.617396-03:00","Action":"run","Package":"cmd/compile/internal/ssacompile","Test":"TestSpillMove2"}
{"Time":"2026-10-03T22:47:34.617398-03:00","Action":"output","Package":"cmd/compile/internal/ssacompile","Test":"TestSpillMove2","Output":"=== RUN   TestSpillMove2\n","OutputType":"frame"}
{"Time":"2026-10-03T22:47:34.617504-03:00","Action":"output","Package":"cmd/compile/internal/ssacompile","Test":"TestSpillMove2","Output":"--- PASS: TestSpillMove2 (0.00s)\n","OutputType":"frame"}
{"Time":"2026-10-03T22:47:34.617508-03:00","Action":"pass","Package":"cmd/compile/internal/ssacompile","Test":"TestSpillMove2","Elapsed":0}
{"Time":"2026-10-03T22:47:34.617511-03:00","Action":"run","Package":"cmd/compile/internal/ssacompile","Test":"TestClobbersArg0"}
{"Time":"2026-10-03T22:47:34.617515-03:00","Action":"output","Package":"cmd/compile/internal/ssacompile","Test":"TestClobbersArg0","Output":"=== RUN   TestClobbersArg0\n","OutputType":"frame"}
{"Time":"2026-10-03T22:47:34.617697-03:00","Action":"output","Package":"cmd/compile/internal/ssacompile","Test":"TestClobbersArg0","Output":"--- PASS: TestClobbersArg0 (0.00s)\n","OutputType":"frame"}
{"Time":"2026-10-03T22:47:34.617747-03:00","Action":"pass","Package":"cmd/compile/internal/ssacompile","Test":"TestClobbersArg0","Elapsed":0}
{"Time":"2026-10-03T22:47:34.617751-03:00","Action":"run","Package":"cmd/compile/internal/ssacompile","Test":"TestClobbersArg1"}
{"Time":"2026-10-03T22:47:34.617754-03:00","Action":"output","Package":"cmd/compile/internal/ssacompile","Test":"TestClobbersArg1","Output":"=== RUN   TestClobbersArg1\n","OutputType":"frame"}
{"Time":"2026-10-03T22:47:34.617904-03:00","Action":"output","Package":"cmd/compile/internal/ssacompile","Test":"TestClobbersArg1","Output":"--- PASS: TestClobbersArg1 (0.00s)\n","OutputType":"frame"}
{"Time":"2026-10-03T22:47:34.61791-03:00","Action":"pass","Package":"cmd/compile/internal/ssacompile","Test":"TestClobbersArg1","Elapsed":0}
{"Time":"2026-10-03T22:47:34.617914-03:00","Action":"run","Package":"cmd/compile/internal/ssacompile","Test":"TestNoRematerializeDeadConstant"}
{"Time":"2026-10-03T22:47:34.617918-03:00","Action":"output","Package":"cmd/compile/internal/ssacompile","Test":"TestNoRematerializeDeadConstant","Output":"=== RUN   TestNoRematerializeDeadConstant\n","OutputType":"frame"}
{"Time":"2026-10-03T22:47:34.619061-03:00","Action":"output","Package":"cmd/compile/internal/ssacompile","Test":"TestNoRematerializeDeadConstant","Output":"--- PASS: TestNoRematerializeDeadConstant (0.00s)\n","OutputType":"frame"}
{"Time":"2026-10-03T22:47:34.619067-03:00","Action":"pass","Package":"cmd/compile/internal/ssacompile","Test":"TestNoRematerializeDeadConstant","Elapsed":0}
{"Time":"2026-10-03T22:47:34.61907-03:00","Action":"run","Package":"cmd/compile/internal/ssacompile","Test":"TestRematerializeableRegCompatible"}
{"Time":"2026-10-03T22:47:34.619073-03:00","Action":"output","Package":"cmd/compile/internal/ssacompile","Test":"TestRematerializeableRegCompatible","Output":"=== RUN   TestRematerializeableRegCompatible\n","OutputType":"frame"}
{"Time":"2026-10-03T22:47:34.619166-03:00","Action":"output","Package":"cmd/compile/internal/ssacompile","Test":"TestRematerializeableRegCompatible","Output":"--- PASS: TestRematerializeableRegCompatible (0.00s)\n","OutputType":"frame"}
{"Time":"2026-10-03T22:47:34.619174-03:00","Action":"pass","Package":"cmd/compile/internal/ssacompile","Test":"TestRematerializeableRegCompatible","Elapsed":0}
{"Time":"2026-10-03T22:47:34.619181-03:00","Action":"run","Package":"cmd/compile/internal/ssacompile","Test":"TestPreload"}
{"Time":"2026-10-03T22:47:34.619184-03:00","Action":"output","Package":"cmd/compile/internal/ssacompile","Test":"TestPreload","Output":"=== RUN   TestPreload\n","OutputType":"frame"}
{"Time":"2026-10-03T22:47:34.619332-03:00","Action":"output","Package":"cmd/compile/internal/ssacompile","Test":"TestPreload","Output":"--- PASS: TestPreload (0.00s)\n","OutputType":"frame"}
{"Time":"2026-10-03T22:47:34.619337-03:00","Action":"pass","Package":"cmd/compile/internal/ssacompile","Test":"TestPreload","Elapsed":0}
{"Time":"2026-10-03T22:47:34.61934-03:00","Action":"run","Package":"cmd/compile/internal/ssacompile","Test":"TestStartRegsDrop"}
{"Time":"2026-10-03T22:47:34.619343-03:00","Action":"output","Package":"cmd/compile/internal/ssacompile","Test":"TestStartRegsDrop","Output":"=== RUN   TestStartRegsDrop\n","OutputType":"frame"}
{"Time":"2026-10-03T22:47:34.619528-03:00","Action":"output","Package":"cmd/compile/internal/ssacompile","Test":"TestStartRegsDrop","Output":"    regalloc_test.go:530: OpLoadReg count in left: 0, right: 5\n"}
{"Time":"2026-10-03T22:47:34.619533-03:00","Action":"output","Package":"cmd/compile/internal/ssacompile","Test":"TestStartRegsDrop","Output":"--- PASS: TestStartRegsDrop (0.00s)\n","OutputType":"frame"}
{"Time":"2026-10-03T22:47:34.619537-03:00","Action":"pass","Package":"cmd/compile/internal/ssacompile","Test":"TestStartRegsDrop","Elapsed":0}
{"Time":"2026-10-03T22:47:34.61954-03:00","Action":"run","Package":"cmd/compile/internal/ssacompile","Test":"TestShuffleTempReuse"}
{"Time":"2026-10-03T22:47:34.619545-03:00","Action":"output","Package":"cmd/compile/internal/ssacompile","Test":"TestShuffleTempReuse","Output":"=== RUN   TestShuffleTempReuse\n","OutputType":"frame"}
{"Time":"2026-10-03T22:47:34.620207-03:00","Action":"output","Package":"cmd/compile/internal/ssacompile","Test":"TestShuffleTempReuse","Output":"--- PASS: TestShuffleTempReuse (0.00s)\n","OutputType":"frame"}
{"Time":"2026-10-03T22:47:34.620215-03:00","Action":"pass","Package":"cmd/compile/internal/ssacompile","Test":"TestShuffleTempReuse","Elapsed":0}
{"Time":"2026-10-03T22:47:34.62022-03:00","Action":"run","Package":"cmd/compile/internal/ssacompile","Test":"TestCondRewrite"}
{"Time":"2026-10-03T22:47:34.620223-03:00","Action":"output","Package":"cmd/compile/internal/ssacompile","Test":"TestCondRewrite","Output":"=== RUN   TestCondRewrite\n","OutputType":"frame"}
{"Time":"2026-10-03T22:47:34.620227-03:00","Action":"run","Package":"cmd/compile/internal/ssacompile","Test":"TestCondRewrite/AddConst64"}
{"Time":"2026-10-03T22:47:34.62023-03:00","Action":"output","Package":"cmd/compile/internal/ssacompile","Test":"TestCondRewrite/AddConst64","Output":"=== RUN   TestCondRewrite/AddConst64\n","OutputType":"frame"}
{"Time":"2026-10-03T22:47:34.620233-03:00","Action":"output","Package":"cmd/compile/internal/ssacompile","Test":"TestCondRewrite/AddConst64","Output":"--- PASS: TestCondRewrite/AddConst64 (0.00s)\n","OutputType":"frame"}
{"Time":"2026-10-03T22:47:34.620236-03:00","Action":"pass","Package":"cmd/compile/internal/ssacompile","Test":"TestCondRewrite/AddConst64","Elapsed":0}
{"Time":"2026-10-03T22:47:34.620238-03:00","Action":"run","Package":"cmd/compile/internal/ssacompile","Test":"TestCondRewrite/AddConst32"}
{"Time":"2026-10-03T22:47:34.620241-03:00","Action":"output","Package":"cmd/compile/internal/ssacompile","Test":"TestCondRewrite/AddConst32","Output":"=== RUN   TestCondRewrite/AddConst32\n","OutputType":"frame"}
{"Time":"2026-10-03T22:47:34.620245-03:00","Action":"output","Package":"cmd/compile/internal/ssacompile","Test":"TestCondRewrite/AddConst32","Output":"--- PASS: TestCondRewrite/AddConst32 (0.00s)\n","OutputType":"frame"}
{"Time":"2026-10-03T22:47:34.620247-03:00","Action":"pass","Package":"cmd/compile/internal/ssacompile","Test":"TestCondRewrite/AddConst32","Elapsed":0}
{"Time":"2026-10-03T22:47:34.62025-03:00","Action":"run","Package":"cmd/compile/internal/ssacompile","Test":"TestCondRewrite/AddVar64"}
{"Time":"2026-10-03T22:47:34.620253-03:00","Action":"output","Package":"cmd/compile/internal/ssacompile","Test":"TestCondRewrite/AddVar64","Output":"=== RUN   TestCondRewrite/AddVar64\n","OutputType":"frame"}
{"Time":"2026-10-03T22:47:34.620256-03:00","Action":"output","Package":"cmd/compile/internal/ssacompile","Test":"TestCondRewrite/AddVar64","Output":"--- PASS: TestCondRewrite/AddVar64 (0.00s)\n","OutputType":"frame"}
{"Time":"2026-10-03T22:47:34.620259-03:00","Action":"pass","Package":"cmd/compile/internal/ssacompile","Test":"TestCondRewrite/AddVar64","Elapsed":0}
{"Time":"2026-10-03T22:47:34.620262-03:00","Action":"run","Package":"cmd/compile/internal/ssacompile","Test":"TestCondRewrite/AddVar64Cset"}
{"Time":"2026-10-03T22:47:34.620265-03:00","Action":"output","Package":"cmd/compile/internal/ssacompile","Test":"TestCondRewrite/AddVar64Cset","Output":"=== RUN   TestCondRewrite/AddVar64Cset\n","OutputType":"frame"}
{"Time":"2026-10-03T22:47:34.620267-03:00","Action":"output","Package":"cmd/compile/internal/ssacompile","Test":"TestCondRewrite/AddVar64Cset","Output":"--- PASS: TestCondRewrite/AddVar64Cset (0.00s)\n","OutputType":"frame"}
{"Time":"2026-10-03T22:47:34.62027-03:00","Action":"pass","Package":"cmd/compile/internal/ssacompile","Test":"TestCondRewrite/AddVar64Cset","Elapsed":0}
{"Time":"2026-10-03T22:47:34.620273-03:00","Action":"run","Package":"cmd/compile/internal/ssacompile","Test":"TestCondRewrite/AddVar32"}
{"Time":"2026-10-03T22:47:34.620275-03:00","Action":"output","Package":"cmd/compile/internal/ssacompile","Test":"TestCondRewrite/AddVar32","Output":"=== RUN   TestCondRewrite/AddVar32\n","OutputType":"frame"}
{"Time":"2026-10-03T22:47:34.620278-03:00","Action":"output","Package":"cmd/compile/internal/ssacompile","Test":"TestCondRewrite/AddVar32","Output":"--- PASS: TestCondRewrite/AddVar32 (0.00s)\n","OutputType":"frame"}
{"Time":"2026-10-03T22:47:34.620281-03:00","Action":"pass","Package":"cmd/compile/internal/ssacompile","Test":"TestCondRewrite/AddVar32","Elapsed":0}
{"Time":"2026-10-03T22:47:34.620284-03:00","Action":"run","Package":"cmd/compile/internal/ssacompile","Test":"TestCondRewrite/MAddVar64"}
{"Time":"2026-10-03T22:47:34.620286-03:00","Action":"output","Package":"cmd/compile/internal/ssacompile","Test":"TestCondRewrite/MAddVar64","Output":"=== RUN   TestCondRewrite/MAddVar64\n","OutputType":"frame"}
{"Time":"2026-10-03T22:47:34.620288-03:00","Action":"output","Package":"cmd/compile/internal/ssacompile","Test":"TestCondRewrite/MAddVar64","Output":"--- PASS: TestCondRewrite/MAddVar64 (0.00s)\n","OutputType":"frame"}
{"Time":"2026-10-03T22:47:34.620291-03:00","Action":"pass","Package":"cmd/compile/internal/ssacompile","Test":"TestCondRewrite/MAddVar64","Elapsed":0}
{"Time":"2026-10-03T22:47:34.620293-03:00","Action":"run","Package":"cmd/compile/internal/ssacompile","Test":"TestCondRewrite/MAddVar32"}
{"Time":"2026-10-03T22:47:34.620295-03:00","Action":"output","Package":"cmd/compile/internal/ssacompile","Test":"TestCondRewrite/MAddVar32","Output":"=== RUN   TestCondRewrite/MAddVar32\n","OutputType":"frame"}
{"Time":"2026-10-03T22:47:34.620298-03:00","Action":"output","Package":"cmd/compile/internal/ssacompile","Test":"TestCondRewrite/MAddVar32","Output":"--- PASS: TestCondRewrite/MAddVar32 (0.00s)\n","OutputType":"frame"}
{"Time":"2026-10-03T22:47:34.6203-03:00","Action":"pass","Package":"cmd/compile/internal/ssacompile","Test":"TestCondRewrite/MAddVar32","Elapsed":0}
{"Time":"2026-10-03T22:47:34.620304-03:00","Action":"run","Package":"cmd/compile/internal/ssacompile","Test":"TestCondRewrite/MSubVar64"}
{"Time":"2026-10-03T22:47:34.620306-03:00","Action":"output","Package":"cmd/compile/internal/ssacompile","Test":"TestCondRewrite/MSubVar64","Output":"=== RUN   TestCondRewrite/MSubVar64\n","OutputType":"frame"}
{"Time":"2026-10-03T22:47:34.620309-03:00","Action":"output","Package":"cmd/compile/internal/ssacompile","Test":"TestCondRewrite/MSubVar64","Output":"--- PASS: TestCondRewrite/MSubVar64 (0.00s)\n","OutputType":"frame"}
{"Time":"2026-10-03T22:47:34.620311-03:00","Action":"pass","Package":"cmd/compile/internal/ssacompile","Test":"TestCondRewrite/MSubVar64","Elapsed":0}
{"Time":"2026-10-03T22:47:34.620313-03:00","Action":"run","Package":"cmd/compile/internal/ssacompile","Test":"TestCondRewrite/MSubVar32"}
{"Time":"2026-10-03T22:47:34.620316-03:00","Action":"output","Package":"cmd/compile/internal/ssacompile","Test":"TestCondRewrite/MSubVar32","Output":"=== RUN   TestCondRewrite/MSubVar32\n","OutputType":"frame"}
{"Time":"2026-10-03T22:47:34.620323-03:00","Action":"output","Package":"cmd/compile/internal/ssacompile","Test":"TestCondRewrite/MSubVar32","Output":"--- PASS: TestCondRewrite/MSubVar32 (0.00s)\n","OutputType":"frame"}
{"Time":"2026-10-03T22:47:34.620326-03:00","Action":"pass","Package":"cmd/compile/internal/ssacompile","Test":"TestCondRewrite/MSubVar32","Elapsed":0}
{"Time":"2026-10-03T22:47:34.620328-03:00","Action":"run","Package":"cmd/compile/internal/ssacompile","Test":"TestCondRewrite/AddShift32"}
{"Time":"2026-10-03T22:47:34.620331-03:00","Action":"output","Package":"cmd/compile/internal/ssacompile","Test":"TestCondRewrite/AddShift32","Output":"=== RUN   TestCondRewrite/AddShift32\n","OutputType":"frame"}
{"Time":"2026-10-03T22:47:34.620333-03:00","Action":"output","Package":"cmd/compile/internal/ssacompile","Test":"TestCondRewrite/AddShift32","Output":"--- PASS: TestCondRewrite/AddShift32 (0.00s)\n","OutputType":"frame"}
{"Time":"2026-10-03T22:47:34.620335-03:00","Action":"pass","Package":"cmd/compile/internal/ssacompile","Test":"TestCondRewrite/AddShift32","Elapsed":0}
{"Time":"2026-10-03T22:47:34.620338-03:00","Action":"run","Package":"cmd/compile/internal/ssacompile","Test":"TestCondRewrite/SubShift32"}
{"Time":"2026-10-03T22:47:34.62034-03:00","Action":"output","Package":"cmd/compile/internal/ssacompile","Test":"TestCondRewrite/SubShift32","Output":"=== RUN   TestCondRewrite/SubShift32\n","OutputType":"frame"}
{"Time":"2026-10-03T22:47:34.620343-03:00","Action":"output","Package":"cmd/compile/internal/ssacompile","Test":"TestCondRewrite/SubShift32","Output":"--- PASS: TestCondRewrite/SubShift32 (0.00s)\n","OutputType":"frame"}
{"Time":"2026-10-03T22:47:34.620345-03:00","Action":"pass","Package":"cmd/compile/internal/ssacompile","Test":"TestCondRewrite/SubShift32","Elapsed":0}
{"Time":"2026-10-03T22:47:34.620348-03:00","Action":"output","Package":"cmd/compile/internal/ssacompile","Test":"TestCondRewrite","Output":"--- PASS: TestCondRewrite (0.00s)\n","OutputType":"frame"}
{"Time":"2026-10-03T22:47:34.62035-03:00","Action":"pass","Package":"cmd/compile/internal/ssacompile","Test":"TestCondRewrite","Elapsed":0}
{"Time":"2026-10-03T22:47:34.620352-03:00","Action":"run","Package":"cmd/compile/internal/ssacompile","Test":"TestMove"}
{"Time":"2026-10-03T22:47:34.620354-03:00","Action":"output","Package":"cmd/compile/internal/ssacompile","Test":"TestMove","Output":"=== RUN   TestMove\n","OutputType":"frame"}
{"Time":"2026-10-03T22:47:34.620358-03:00","Action":"output","Package":"cmd/compile/internal/ssacompile","Test":"TestMove","Output":"--- PASS: TestMove (0.00s)\n","OutputType":"frame"}
{"Time":"2026-10-03T22:47:34.62036-03:00","Action":"pass","Package":"cmd/compile/internal/ssacompile","Test":"TestMove","Elapsed":0}
{"Time":"2026-10-03T22:47:34.620362-03:00","Action":"run","Package":"cmd/compile/internal/ssacompile","Test":"TestMoveSmall"}
{"Time":"2026-10-03T22:47:34.620364-03:00","Action":"output","Package":"cmd/compile/internal/ssacompile","Test":"TestMoveSmall","Output":"=== RUN   TestMoveSmall\n","OutputType":"frame"}
{"Time":"2026-10-03T22:47:34.620367-03:00","Action":"output","Package":"cmd/compile/internal/ssacompile","Test":"TestMoveSmall","Output":"--- PASS: TestMoveSmall (0.00s)\n","OutputType":"frame"}
{"Time":"2026-10-03T22:47:34.620369-03:00","Action":"pass","Package":"cmd/compile/internal/ssacompile","Test":"TestMoveSmall","Elapsed":0}
{"Time":"2026-10-03T22:47:34.620372-03:00","Action":"run","Package":"cmd/compile/internal/ssacompile","Test":"TestSubFlags"}
{"Time":"2026-10-03T22:47:34.620374-03:00","Action":"output","Package":"cmd/compile/internal/ssacompile","Test":"TestSubFlags","Output":"=== RUN   TestSubFlags\n","OutputType":"frame"}
{"Time":"2026-10-03T22:47:34.620376-03:00","Action":"output","Package":"cmd/compile/internal/ssacompile","Test":"TestSubFlags","Output":"--- PASS: TestSubFlags (0.00s)\n","OutputType":"frame"}
{"Time":"2026-10-03T22:47:34.620379-03:00","Action":"pass","Package":"cmd/compile/internal/ssacompile","Test":"TestSubFlags","Elapsed":0}
{"Time":"2026-10-03T22:47:34.620381-03:00","Action":"run","Package":"cmd/compile/internal/ssacompile","Test":"Test32bitUnary"}
{"Time":"2026-10-03T22:47:34.620383-03:00","Action":"output","Package":"cmd/compile/internal/ssacompile","Test":"Test32bitUnary","Output":"=== RUN   Test32bitUnary\n","OutputType":"frame"}
{"Time":"2026-10-03T22:47:34.673973-03:00","Action":"output","Package":"cmd/compile/internal/ssacompile","Test":"Test32bitUnary","Output":"--- PASS: Test32bitUnary (0.05s)\n","OutputType":"frame"}
{"Time":"2026-10-03T22:47:34.673983-03:00","Action":"pass","Package":"cmd/compile/internal/ssacompile","Test":"Test32bitUnary","Elapsed":0.05}
{"Time":"2026-10-03T22:47:34.673988-03:00","Action":"run","Package":"cmd/compile/internal/ssacompile","Test":"TestIsPPC64WordRotateMask"}
{"Time":"2026-10-03T22:47:34.67399-03:00","Action":"output","Package":"cmd/compile/internal/ssacompile","Test":"TestIsPPC64WordRotateMask","Output":"=== RUN   TestIsPPC64WordRotateMask\n","OutputType":"frame"}
{"Time":"2026-10-03T22:47:34.673994-03:00","Action":"output","Package":"cmd/compile/internal/ssacompile","Test":"TestIsPPC64WordRotateMask","Output":"--- PASS: TestIsPPC64WordRotateMask (0.00s)\n","OutputType":"frame"}
{"Time":"2026-10-03T22:47:34.673997-03:00","Action":"pass","Package":"cmd/compile/internal/ssacompile","Test":"TestIsPPC64WordRotateMask","Elapsed":0}
{"Time":"2026-10-03T22:47:34.673999-03:00","Action":"run","Package":"cmd/compile/internal/ssacompile","Test":"TestEncodeDecodePPC64WordRotateMask"}
{"Time":"2026-10-03T22:47:34.674002-03:00","Action":"output","Package":"cmd/compile/internal/ssacompile","Test":"TestEncodeDecodePPC64WordRotateMask","Output":"=== RUN   TestEncodeDecodePPC64WordRotateMask\n","OutputType":"frame"}
{"Time":"2026-10-03T22:47:34.674005-03:00","Action":"output","Package":"cmd/compile/internal/ssacompile","Test":"TestEncodeDecodePPC64WordRotateMask","Output":"--- PASS: TestEncodeDecodePPC64WordRotateMask (0.00s)\n","OutputType":"frame"}
{"Time":"2026-10-03T22:47:34.674008-03:00","Action":"pass","Package":"cmd/compile/internal/ssacompile","Test":"TestEncodeDecodePPC64WordRotateMask","Elapsed":0}
{"Time":"2026-10-03T22:47:34.67401-03:00","Action":"run","Package":"cmd/compile/internal/ssacompile","Test":"TestMergePPC64ClrlsldiSrw"}
{"Time":"2026-10-03T22:47:34.674013-03:00","Action":"output","Package":"cmd/compile/internal/ssacompile","Test":"TestMergePPC64ClrlsldiSrw","Output":"=== RUN   TestMergePPC64ClrlsldiSrw\n","OutputType":"frame"}
{"Time":"2026-10-03T22:47:34.674015-03:00","Action":"output","Package":"cmd/compile/internal/ssacompile","Test":"TestMergePPC64ClrlsldiSrw","Output":"--- PASS: TestMergePPC64ClrlsldiSrw (0.00s)\n","OutputType":"frame"}
{"Time":"2026-10-03T22:47:34.674021-03:00","Action":"pass","Package":"cmd/compile/internal/ssacompile","Test":"TestMergePPC64ClrlsldiSrw","Elapsed":0}
{"Time":"2026-10-03T22:47:34.674023-03:00","Action":"run","Package":"cmd/compile/internal/ssacompile","Test":"TestMergePPC64ClrlsldiRlwinm"}
{"Time":"2026-10-03T22:47:34.674026-03:00","Action":"output","Package":"cmd/compile/internal/ssacompile","Test":"TestMergePPC64ClrlsldiRlwinm","Output":"=== RUN   TestMergePPC64ClrlsldiRlwinm\n","OutputType":"frame"}
{"Time":"2026-10-03T22:47:34.674028-03:00","Action":"output","Package":"cmd/compile/internal/ssacompile","Test":"TestMergePPC64ClrlsldiRlwinm","Output":"--- PASS: TestMergePPC64ClrlsldiRlwinm (0.00s)\n","OutputType":"frame"}
{"Time":"2026-10-03T22:47:34.674032-03:00","Action":"pass","Package":"cmd/compile/internal/ssacompile","Test":"TestMergePPC64ClrlsldiRlwinm","Elapsed":0}
{"Time":"2026-10-03T22:47:34.674034-03:00","Action":"run","Package":"cmd/compile/internal/ssacompile","Test":"TestMergePPC64SldiSrw"}
{"Time":"2026-10-03T22:47:34.674037-03:00","Action":"output","Package":"cmd/compile/internal/ssacompile","Test":"TestMergePPC64SldiSrw","Output":"=== RUN   TestMergePPC64SldiSrw\n","OutputType":"frame"}
{"Time":"2026-10-03T22:47:34.674039-03:00","Action":"output","Package":"cmd/compile/internal/ssacompile","Test":"TestMergePPC64SldiSrw","Output":"--- PASS: TestMergePPC64SldiSrw (0.00s)\n","OutputType":"frame"}
{"Time":"2026-10-03T22:47:34.674042-03:00","Action":"pass","Package":"cmd/compile/internal/ssacompile","Test":"TestMergePPC64SldiSrw","Elapsed":0}
{"Time":"2026-10-03T22:47:34.674044-03:00","Action":"run","Package":"cmd/compile/internal/ssacompile","Test":"TestMergePPC64AndSrwi"}
{"Time":"2026-10-03T22:47:34.674046-03:00","Action":"output","Package":"cmd/compile/internal/ssacompile","Test":"TestMergePPC64AndSrwi","Output":"=== RUN   TestMergePPC64AndSrwi\n","OutputType":"frame"}
{"Time":"2026-10-03T22:47:34.674049-03:00","Action":"output","Package":"cmd/compile/internal/ssacompile","Test":"TestMergePPC64AndSrwi","Output":"--- PASS: TestMergePPC64AndSrwi (0.00s)\n","OutputType":"frame"}
{"Time":"2026-10-03T22:47:34.674051-03:00","Action":"pass","Package":"cmd/compile/internal/ssacompile","Test":"TestMergePPC64AndSrwi","Elapsed":0}
{"Time":"2026-10-03T22:47:34.674053-03:00","Action":"run","Package":"cmd/compile/internal/ssacompile","Test":"TestDisjointTypes"}
{"Time":"2026-10-03T22:47:34.674055-03:00","Action":"output","Package":"cmd/compile/internal/ssacompile","Test":"TestDisjointTypes","Output":"=== RUN   TestDisjointTypes\n","OutputType":"frame"}
{"Time":"2026-10-03T22:47:34.674059-03:00","Action":"output","Package":"cmd/compile/internal/ssacompile","Test":"TestDisjointTypes","Output":"--- PASS: TestDisjointTypes (0.00s)\n","OutputType":"frame"}
{"Time":"2026-10-03T22:47:34.674061-03:00","Action":"pass","Package":"cmd/compile/internal/ssacompile","Test":"TestDisjointTypes","Elapsed":0}
{"Time":"2026-10-03T22:47:34.674063-03:00","Action":"run","Package":"cmd/compile/internal/ssacompile","Test":"TestDisjointTypesRun"}
{"Time":"2026-10-03T22:47:34.674065-03:00","Action":"output","Package":"cmd/compile/internal/ssacompile","Test":"TestDisjointTypesRun","Output":"=== RUN   TestDisjointTypesRun\n","OutputType":"frame"}
{"Time":"2026-10-03T22:47:34.674068-03:00","Action":"output","Package":"cmd/compile/internal/ssacompile","Test":"TestDisjointTypesRun","Output":"--- PASS: TestDisjointTypesRun (0.00s)\n","OutputType":"frame"}
{"Time":"2026-10-03T22:47:34.67407-03:00","Action":"pass","Package":"cmd/compile/internal/ssacompile","Test":"TestDisjointTypesRun","Elapsed":0}
{"Time":"2026-10-03T22:47:34.674073-03:00","Action":"run","Package":"cmd/compile/internal/ssacompile","Test":"TestSCCPBasic"}
{"Time":"2026-10-03T22:47:34.674075-03:00","Action":"output","Package":"cmd/compile/internal/ssacompile","Test":"TestSCCPBasic","Output":"=== RUN   TestSCCPBasic\n","OutputType":"frame"}
{"Time":"2026-10-03T22:47:34.67427-03:00","Action":"output","Package":"cmd/compile/internal/ssacompile","Test":"TestSCCPBasic","Output":"--- PASS: TestSCCPBasic (0.00s)\n","OutputType":"frame"}
{"Time":"2026-10-03T22:47:34.674275-03:00","Action":"pass","Package":"cmd/compile/internal/ssacompile","Test":"TestSCCPBasic","Elapsed":0}
{"Time":"2026-10-03T22:47:34.674278-03:00","Action":"run","Package":"cmd/compile/internal/ssacompile","Test":"TestSCCPIf"}
{"Time":"2026-10-03T22:47:34.67428-03:00","Action":"output","Package":"cmd/compile/internal/ssacompile","Test":"TestSCCPIf","Output":"=== RUN   TestSCCPIf\n","OutputType":"frame"}
{"Time":"2026-10-03T22:47:34.67445-03:00","Action":"output","Package":"cmd/compile/internal/ssacompile","Test":"TestSCCPIf","Output":"--- PASS: TestSCCPIf (0.00s)\n","OutputType":"frame"}
{"Time":"2026-10-03T22:47:34.674455-03:00","Action":"pass","Package":"cmd/compile/internal/ssacompile","Test":"TestSCCPIf","Elapsed":0}
{"Time":"2026-10-03T22:47:34.674458-03:00","Action":"run","Package":"cmd/compile/internal/ssacompile","Test":"TestSchedule"}
{"Time":"2026-10-03T22:47:34.674461-03:00","Action":"output","Package":"cmd/compile/internal/ssacompile","Test":"TestSchedule","Output":"=== RUN   TestSchedule\n","OutputType":"frame"}
{"Time":"2026-10-03T22:47:34.674549-03:00","Action":"output","Package":"cmd/compile/internal/ssacompile","Test":"TestSchedule","Output":"--- PASS: TestSchedule (0.00s)\n","OutputType":"frame"}
{"Time":"2026-10-03T22:47:34.674554-03:00","Action":"pass","Package":"cmd/compile/internal/ssacompile","Test":"TestSchedule","Elapsed":0}
{"Time":"2026-10-03T22:47:34.674557-03:00","Action":"run","Package":"cmd/compile/internal/ssacompile","Test":"TestStoreOrder"}
{"Time":"2026-10-03T22:47:34.67456-03:00","Action":"output","Package":"cmd/compile/internal/ssacompile","Test":"TestStoreOrder","Output":"=== RUN   TestStoreOrder\n","OutputType":"frame"}
{"Time":"2026-10-03T22:47:34.674649-03:00","Action":"output","Package":"cmd/compile/internal/ssacompile","Test":"TestStoreOrder","Output":"--- PASS: TestStoreOrder (0.00s)\n","OutputType":"frame"}
{"Time":"2026-10-03T22:47:34.674653-03:00","Action":"pass","Package":"cmd/compile/internal/ssacompile","Test":"TestStoreOrder","Elapsed":0}
{"Time":"2026-10-03T22:47:34.674656-03:00","Action":"run","Package":"cmd/compile/internal/ssacompile","Test":"TestCarryChainOrder"}
{"Time":"2026-10-03T22:47:34.674659-03:00","Action":"output","Package":"cmd/compile/internal/ssacompile","Test":"TestCarryChainOrder","Output":"=== RUN   TestCarryChainOrder\n","OutputType":"frame"}
{"Time":"2026-10-03T22:47:34.675804-03:00","Action":"output","Package":"cmd/compile/internal/ssacompile","Test":"TestCarryChainOrder","Output":"--- PASS: TestCarryChainOrder (0.00s)\n","OutputType":"frame"}
{"Time":"2026-10-03T22:47:34.675808-03:00","Action":"pass","Package":"cmd/compile/internal/ssacompile","Test":"TestCarryChainOrder","Elapsed":0}
{"Time":"2026-10-03T22:47:34.675811-03:00","Action":"run","Package":"cmd/compile/internal/ssacompile","Test":"TestShiftConstAMD64"}
{"Time":"2026-10-03T22:47:34.675814-03:00","Action":"output","Package":"cmd/compile/internal/ssacompile","Test":"TestShiftConstAMD64","Output":"=== RUN   TestShiftConstAMD64\n","OutputType":"frame"}
{"Time":"2026-10-03T22:47:34.676508-03:00","Action":"output","Package":"cmd/compile/internal/ssacompile","Test":"TestShiftConstAMD64","Output":"--- PASS: TestShiftConstAMD64 (0.00s)\n","OutputType":"frame"}
{"Time":"2026-10-03T22:47:34.676513-03:00","Action":"pass","Package":"cmd/compile/internal/ssacompile","Test":"TestShiftConstAMD64","Elapsed":0}
{"Time":"2026-10-03T22:47:34.676516-03:00","Action":"run","Package":"cmd/compile/internal/ssacompile","Test":"TestShiftToExtensionAMD64"}
{"Time":"2026-10-03T22:47:34.676519-03:00","Action":"output","Package":"cmd/compile/internal/ssacompile","Test":"TestShiftToExtensionAMD64","Output":"=== RUN   TestShiftToExtensionAMD64\n","OutputType":"frame"}
{"Time":"2026-10-03T22:47:34.67716-03:00","Action":"output","Package":"cmd/compile/internal/ssacompile","Test":"TestShiftToExtensionAMD64","Output":"--- PASS: TestShiftToExtensionAMD64 (0.00s)\n","OutputType":"frame"}
{"Time":"2026-10-03T22:47:34.677165-03:00","Action":"pass","Package":"cmd/compile/internal/ssacompile","Test":"TestShiftToExtensionAMD64","Elapsed":0}
{"Time":"2026-10-03T22:47:34.677169-03:00","Action":"run","Package":"cmd/compile/internal/ssacompile","Test":"TestShortCircuit"}
{"Time":"2026-10-03T22:47:34.677172-03:00","Action":"output","Package":"cmd/compile/internal/ssacompile","Test":"TestShortCircuit","Output":"=== RUN   TestShortCircuit\n","OutputType":"frame"}
{"Time":"2026-10-03T22:47:34.677264-03:00","Action":"output","Package":"cmd/compile/internal/ssacompile","Test":"TestShortCircuit","Output":"--- PASS: TestShortCircuit (0.00s)\n","OutputType":"frame"}
{"Time":"2026-10-03T22:47:34.677269-03:00","Action":"pass","Package":"cmd/compile/internal/ssacompile","Test":"TestShortCircuit","Elapsed":0}
{"Time":"2026-10-03T22:47:34.677272-03:00","Action":"run","Package":"cmd/compile/internal/ssacompile","Test":"TestWriteBarrierStoreOrder"}
{"Time":"2026-10-03T22:47:34.677276-03:00","Action":"output","Package":"cmd/compile/internal/ssacompile","Test":"TestWriteBarrierStoreOrder","Output":"=== RUN   TestWriteBarrierStoreOrder\n","OutputType":"frame"}
{"Time":"2026-10-03T22:47:34.677378-03:00","Action":"output","Package":"cmd/compile/internal/ssacompile","Test":"TestWriteBarrierStoreOrder","Output":"--- PASS: TestWriteBarrierStoreOrder (0.00s)\n","OutputType":"frame"}
{"Time":"2026-10-03T22:47:34.677382-03:00","Action":"pass","Package":"cmd/compile/internal/ssacompile","Test":"TestWriteBarrierStoreOrder","Elapsed":0}
{"Time":"2026-10-03T22:47:34.677386-03:00","Action":"run","Package":"cmd/compile/internal/ssacompile","Test":"TestWriteBarrierPhi"}
{"Time":"2026-10-03T22:47:34.677389-03:00","Action":"output","Package":"cmd/compile/internal/ssacompile","Test":"TestWriteBarrierPhi","Output":"=== RUN   TestWriteBarrierPhi\n","OutputType":"frame"}
{"Time":"2026-10-03T22:47:34.677483-03:00","Action":"output","Package":"cmd/compile/internal/ssacompile","Test":"TestWriteBarrierPhi","Output":"--- PASS: TestWriteBarrierPhi (0.00s)\n","OutputType":"frame"}
{"Time":"2026-10-03T22:47:34.677488-03:00","Action":"pass","Package":"cmd/compile/internal/ssacompile","Test":"TestWriteBarrierPhi","Elapsed":0}
{"Time":"2026-10-03T22:47:34.677491-03:00","Action":"run","Package":"cmd/compile/internal/ssacompile","Test":"TestZeroExtension"}
{"Time":"2026-10-03T22:47:34.677494-03:00","Action":"output","Package":"cmd/compile/internal/ssacompile","Test":"TestZeroExtension","Output":"=== RUN   TestZeroExtension\n","OutputType":"frame"}
{"Time":"2026-10-03T22:47:34.677498-03:00","Action":"output","Package":"cmd/compile/internal/ssacompile","Test":"TestZeroExtension","Output":"--- PASS: TestZeroExtension (0.00s)\n","OutputType":"frame"}
{"Time":"2026-10-03T22:47:34.677512-03:00","Action":"pass","Package":"cmd/compile/internal/ssacompile","Test":"TestZeroExtension","Elapsed":0}
{"Time":"2026-10-03T22:47:34.677515-03:00","Action":"output","Package":"cmd/compile/internal/ssacompile","Output":"PASS\n","OutputType":"frame"}
{"Time":"2026-10-03T22:47:34.678392-03:00","Action":"output","Package":"cmd/compile/internal/ssacompile","Output":"ok  \tcmd/compile/internal/ssacompile\t9.229s\n"}
{"Time":"2026-10-03T22:47:34.678398-03:00","Action":"pass","Package":"cmd/compile/internal/ssacompile","Elapsed":9.23}
