{"Time":"2026-10-03T22:47:59.80996-03:00","Action":"start","Package":"golang.org/x/tools/internal/refactor/inline"}
{"Time":"2026-10-03T22:48:00.05765-03:00","Action":"run","Package":"golang.org/x/tools/internal/refactor/inline","Test":"TestCalleeEffects"}
{"Time":"2026-10-03T22:48:00.057876-03:00","Action":"output","Package":"golang.org/x/tools/internal/refactor/inline","Test":"TestCalleeEffects","Output":"=== RUN   TestCalleeEffects\n","OutputType":"frame"}
{"Time":"2026-10-03T22:48:00.05798-03:00","Action":"run","Package":"golang.org/x/tools/internal/refactor/inline","Test":"TestCalleeEffects/Assignments_have_unknown_effects."}
{"Time":"2026-10-03T22:48:00.058001-03:00","Action":"output","Package":"golang.org/x/tools/internal/refactor/inline","Test":"TestCalleeEffects/Assignments_have_unknown_effects.","Output":"=== RUN   TestCalleeEffects/Assignments_have_unknown_effects.\n","OutputType":"frame"}
{"Time":"2026-10-03T22:48:00.058262-03:00","Action":"output","Package":"golang.org/x/tools/internal/refactor/inline","Test":"TestCalleeEffects/Assignments_have_unknown_effects.","Output":"    callee.go:126: analyzeCallee func p.f(x int, y int) @ callee.go:2:1\n"}
{"Time":"2026-10-03T22:48:00.058376-03:00","Action":"output","Package":"golang.org/x/tools/internal/refactor/inline","Test":"TestCalleeEffects/Assignments_have_unknown_effects.","Output":"    callee.go:529: effects list = [0 1 -2]\n"}
{"Time":"2026-10-03T22:48:00.058419-03:00","Action":"output","Package":"golang.org/x/tools/internal/refactor/inline","Test":"TestCalleeEffects/Assignments_have_unknown_effects.","Output":"    falcon.go:189: falcon: emit type int۰0 int // \"int\"\n"}
{"Time":"2026-10-03T22:48:00.058467-03:00","Action":"output","Package":"golang.org/x/tools/internal/refactor/inline","Test":"TestCalleeEffects/Assignments_have_unknown_effects.","Output":"--- PASS: TestCalleeEffects/Assignments_have_unknown_effects. (0.00s)\n","OutputType":"frame"}
{"Time":"2026-10-03T22:48:00.058482-03:00","Action":"pass","Package":"golang.org/x/tools/internal/refactor/inline","Test":"TestCalleeEffects/Assignments_have_unknown_effects.","Elapsed":0}
{"Time":"2026-10-03T22:48:00.058499-03:00","Action":"run","Package":"golang.org/x/tools/internal/refactor/inline","Test":"TestCalleeEffects/Reads_from_globals_are_impure."}
{"Time":"2026-10-03T22:48:00.058508-03:00","Action":"output","Package":"golang.org/x/tools/internal/refactor/inline","Test":"TestCalleeEffects/Reads_from_globals_are_impure.","Output":"=== RUN   TestCalleeEffects/Reads_from_globals_are_impure.\n","OutputType":"frame"}
{"Time":"2026-10-03T22:48:00.058546-03:00","Action":"output","Package":"golang.org/x/tools/internal/refactor/inline","Test":"TestCalleeEffects/Reads_from_globals_are_impure.","Output":"    callee.go:126: analyzeCallee func p.f() @ callee.go:2:1\n"}
{"Time":"2026-10-03T22:48:00.058564-03:00","Action":"output","Package":"golang.org/x/tools/internal/refactor/inline","Test":"TestCalleeEffects/Reads_from_globals_are_impure.","Output":"    callee.go:529: effects list = [-1]\n"}
{"Time":"2026-10-03T22:48:00.058575-03:00","Action":"output","Package":"golang.org/x/tools/internal/refactor/inline","Test":"TestCalleeEffects/Reads_from_globals_are_impure.","Output":"    falcon.go:189: falcon: emit type int۰0 int // \"int\"\n"}
{"Time":"2026-10-03T22:48:00.058584-03:00","Action":"output","Package":"golang.org/x/tools/internal/refactor/inline","Test":"TestCalleeEffects/Reads_from_globals_are_impure.","Output":"--- PASS: TestCalleeEffects/Reads_from_globals_are_impure. (0.00s)\n","OutputType":"frame"}
{"Time":"2026-10-03T22:48:00.058596-03:00","Action":"pass","Package":"golang.org/x/tools/internal/refactor/inline","Test":"TestCalleeEffects/Reads_from_globals_are_impure.","Elapsed":0}
{"Time":"2026-10-03T22:48:00.058613-03:00","Action":"run","Package":"golang.org/x/tools/internal/refactor/inline","Test":"TestCalleeEffects/Writes_to_globals_have_effects."}
{"Time":"2026-10-03T22:48:00.058622-03:00","Action":"output","Package":"golang.org/x/tools/internal/refactor/inline","Test":"TestCalleeEffects/Writes_to_globals_have_effects.","Output":"=== RUN   TestCalleeEffects/Writes_to_globals_have_effects.\n","OutputType":"frame"}
{"Time":"2026-10-03T22:48:00.058697-03:00","Action":"output","Package":"golang.org/x/tools/internal/refactor/inline","Test":"TestCalleeEffects/Writes_to_globals_have_effects.","Output":"    callee.go:126: analyzeCallee func p.f() @ callee.go:2:1\n"}
{"Time":"2026-10-03T22:48:00.058736-03:00","Action":"output","Package":"golang.org/x/tools/internal/refactor/inline","Test":"TestCalleeEffects/Writes_to_globals_have_effects.","Output":"    callee.go:529: effects list = [-1 -2]\n"}
{"Time":"2026-10-03T22:48:00.058753-03:00","Action":"output","Package":"golang.org/x/tools/internal/refactor/inline","Test":"TestCalleeEffects/Writes_to_globals_have_effects.","Output":"    falcon.go:189: falcon: emit type int۰0 int // \"int\"\n"}
{"Time":"2026-10-03T22:48:00.058765-03:00","Action":"output","Package":"golang.org/x/tools/internal/refactor/inline","Test":"TestCalleeEffects/Writes_to_globals_have_effects.","Output":"--- PASS: TestCalleeEffects/Writes_to_globals_have_effects. (0.00s)\n","OutputType":"frame"}
{"Time":"2026-10-03T22:48:00.05878-03:00","Action":"pass","Package":"golang.org/x/tools/internal/refactor/inline","Test":"TestCalleeEffects/Writes_to_globals_have_effects.","Elapsed":0}
{"Time":"2026-10-03T22:48:00.058797-03:00","Action":"run","Package":"golang.org/x/tools/internal/refactor/inline","Test":"TestCalleeEffects/Blank_assign_has_no_effect."}
{"Time":"2026-10-03T22:48:00.05881-03:00","Action":"output","Package":"golang.org/x/tools/internal/refactor/inline","Test":"TestCalleeEffects/Blank_assign_has_no_effect.","Output":"=== RUN   TestCalleeEffects/Blank_assign_has_no_effect.\n","OutputType":"frame"}
{"Time":"2026-10-03T22:48:00.05882-03:00","Action":"output","Package":"golang.org/x/tools/internal/refactor/inline","Test":"TestCalleeEffects/Blank_assign_has_no_effect.","Output":"    callee.go:126: analyzeCallee func p.f(x int) @ callee.go:2:1\n"}
{"Time":"2026-10-03T22:48:00.058832-03:00","Action":"output","Package":"golang.org/x/tools/internal/refactor/inline","Test":"TestCalleeEffects/Blank_assign_has_no_effect.","Output":"    callee.go:529: effects list = [0]\n"}
{"Time":"2026-10-03T22:48:00.058847-03:00","Action":"output","Package":"golang.org/x/tools/internal/refactor/inline","Test":"TestCalleeEffects/Blank_assign_has_no_effect.","Output":"    falcon.go:189: falcon: emit type int۰0 int // \"int\"\n"}
{"Time":"2026-10-03T22:48:00.058857-03:00","Action":"output","Package":"golang.org/x/tools/internal/refactor/inline","Test":"TestCalleeEffects/Blank_assign_has_no_effect.","Output":"--- PASS: TestCalleeEffects/Blank_assign_has_no_effect. (0.00s)\n","OutputType":"frame"}
{"Time":"2026-10-03T22:48:00.058865-03:00","Action":"pass","Package":"golang.org/x/tools/internal/refactor/inline","Test":"TestCalleeEffects/Blank_assign_has_no_effect.","Elapsed":0}
{"Time":"2026-10-03T22:48:00.058873-03:00","Action":"run","Package":"golang.org/x/tools/internal/refactor/inline","Test":"TestCalleeEffects/Short_decl_of_new_var_has_has_no_effect."}
{"Time":"2026-10-03T22:48:00.05888-03:00","Action":"output","Package":"golang.org/x/tools/internal/refactor/inline","Test":"TestCalleeEffects/Short_decl_of_new_var_has_has_no_effect.","Output":"=== RUN   TestCalleeEffects/Short_decl_of_new_var_has_has_no_effect.\n","OutputType":"frame"}
{"Time":"2026-10-03T22:48:00.058889-03:00","Action":"output","Package":"golang.org/x/tools/internal/refactor/inline","Test":"TestCalleeEffects/Short_decl_of_new_var_has_has_no_effect.","Output":"    callee.go:126: analyzeCallee func p.f(x int) @ callee.go:2:1\n"}
{"Time":"2026-10-03T22:48:00.058903-03:00","Action":"output","Package":"golang.org/x/tools/internal/refactor/inline","Test":"TestCalleeEffects/Short_decl_of_new_var_has_has_no_effect.","Output":"    callee.go:529: effects list = [0]\n"}
{"Time":"2026-10-03T22:48:00.058912-03:00","Action":"output","Package":"golang.org/x/tools/internal/refactor/inline","Test":"TestCalleeEffects/Short_decl_of_new_var_has_has_no_effect.","Output":"    falcon.go:189: falcon: emit type int۰0 int // \"int\"\n"}
{"Time":"2026-10-03T22:48:00.058935-03:00","Action":"output","Package":"golang.org/x/tools/internal/refactor/inline","Test":"TestCalleeEffects/Short_decl_of_new_var_has_has_no_effect.","Output":"--- PASS: TestCalleeEffects/Short_decl_of_new_var_has_has_no_effect. (0.00s)\n","OutputType":"frame"}
{"Time":"2026-10-03T22:48:00.05895-03:00","Action":"pass","Package":"golang.org/x/tools/internal/refactor/inline","Test":"TestCalleeEffects/Short_decl_of_new_var_has_has_no_effect.","Elapsed":0}
{"Time":"2026-10-03T22:48:00.058959-03:00","Action":"run","Package":"golang.org/x/tools/internal/refactor/inline","Test":"TestCalleeEffects/Short_decl_of_existing_var_(y)_is_an_assignment."}
{"Time":"2026-10-03T22:48:00.05897-03:00","Action":"output","Package":"golang.org/x/tools/internal/refactor/inline","Test":"TestCalleeEffects/Short_decl_of_existing_var_(y)_is_an_assignment.","Output":"=== RUN   TestCalleeEffects/Short_decl_of_existing_var_(y)_is_an_assignment.\n","OutputType":"frame"}
{"Time":"2026-10-03T22:48:00.059005-03:00","Action":"output","Package":"golang.org/x/tools/internal/refactor/inline","Test":"TestCalleeEffects/Short_decl_of_existing_var_(y)_is_an_assignment.","Output":"    callee.go:126: analyzeCallee func p.f(x int) @ callee.go:2:1\n"}
{"Time":"2026-10-03T22:48:00.059014-03:00","Action":"output","Package":"golang.org/x/tools/internal/refactor/inline","Test":"TestCalleeEffects/Short_decl_of_existing_var_(y)_is_an_assignment.","Output":"    callee.go:529: effects list = [0 -2]\n"}
{"Time":"2026-10-03T22:48:00.059022-03:00","Action":"output","Package":"golang.org/x/tools/internal/refactor/inline","Test":"TestCalleeEffects/Short_decl_of_existing_var_(y)_is_an_assignment.","Output":"    falcon.go:189: falcon: emit type int۰0 int // \"int\"\n"}
{"Time":"2026-10-03T22:48:00.059031-03:00","Action":"output","Package":"golang.org/x/tools/internal/refactor/inline","Test":"TestCalleeEffects/Short_decl_of_existing_var_(y)_is_an_assignment.","Output":"--- PASS: TestCalleeEffects/Short_decl_of_existing_var_(y)_is_an_assignment. (0.00s)\n","OutputType":"frame"}
{"Time":"2026-10-03T22:48:00.05904-03:00","Action":"pass","Package":"golang.org/x/tools/internal/refactor/inline","Test":"TestCalleeEffects/Short_decl_of_existing_var_(y)_is_an_assignment.","Elapsed":0}
{"Time":"2026-10-03T22:48:00.059048-03:00","Action":"run","Package":"golang.org/x/tools/internal/refactor/inline","Test":"TestCalleeEffects/Unreferenced_parameters_are_excluded."}
{"Time":"2026-10-03T22:48:00.059055-03:00","Action":"output","Package":"golang.org/x/tools/internal/refactor/inline","Test":"TestCalleeEffects/Unreferenced_parameters_are_excluded.","Output":"=== RUN   TestCalleeEffects/Unreferenced_parameters_are_excluded.\n","OutputType":"frame"}
{"Time":"2026-10-03T22:48:00.059064-03:00","Action":"output","Package":"golang.org/x/tools/internal/refactor/inline","Test":"TestCalleeEffects/Unreferenced_parameters_are_excluded.","Output":"    callee.go:126: analyzeCallee func p.f(x int, y int, z int) @ callee.go:2:1\n"}
{"Time":"2026-10-03T22:48:00.059072-03:00","Action":"output","Package":"golang.org/x/tools/internal/refactor/inline","Test":"TestCalleeEffects/Unreferenced_parameters_are_excluded.","Output":"    callee.go:529: effects list = [2 0]\n"}
{"Time":"2026-10-03T22:48:00.05908-03:00","Action":"output","Package":"golang.org/x/tools/internal/refactor/inline","Test":"TestCalleeEffects/Unreferenced_parameters_are_excluded.","Output":"    falcon.go:189: falcon: emit type int۰0 int // \"int\"\n"}
{"Time":"2026-10-03T22:48:00.059278-03:00","Action":"output","Package":"golang.org/x/tools/internal/refactor/inline","Test":"TestCalleeEffects/Unreferenced_parameters_are_excluded.","Output":"    falcon.go:210: falcon: emit constraint z + x\n"}
{"Time":"2026-10-03T22:48:00.059293-03:00","Action":"output","Package":"golang.org/x/tools/internal/refactor/inline","Test":"TestCalleeEffects/Unreferenced_parameters_are_excluded.","Output":"--- PASS: TestCalleeEffects/Unreferenced_parameters_are_excluded. (0.00s)\n","OutputType":"frame"}
{"Time":"2026-10-03T22:48:00.059308-03:00","Action":"pass","Package":"golang.org/x/tools/internal/refactor/inline","Test":"TestCalleeEffects/Unreferenced_parameters_are_excluded.","Elapsed":0}
{"Time":"2026-10-03T22:48:00.059318-03:00","Action":"run","Package":"golang.org/x/tools/internal/refactor/inline","Test":"TestCalleeEffects/Built-in_len_has_no_effect."}
{"Time":"2026-10-03T22:48:00.059328-03:00","Action":"output","Package":"golang.org/x/tools/internal/refactor/inline","Test":"TestCalleeEffects/Built-in_len_has_no_effect.","Output":"=== RUN   TestCalleeEffects/Built-in_len_has_no_effect.\n","OutputType":"frame"}
{"Time":"2026-10-03T22:48:00.059662-03:00","Action":"output","Package":"golang.org/x/tools/internal/refactor/inline","Test":"TestCalleeEffects/Built-in_len_has_no_effect.","Output":"    callee.go:126: analyzeCallee func p.f(x string, y string) @ callee.go:2:1\n"}
{"Time":"2026-10-03T22:48:00.05968-03:00","Action":"output","Package":"golang.org/x/tools/internal/refactor/inline","Test":"TestCalleeEffects/Built-in_len_has_no_effect.","Output":"    callee.go:529: effects list = [1 0]\n"}
{"Time":"2026-10-03T22:48:00.059725-03:00","Action":"output","Package":"golang.org/x/tools/internal/refactor/inline","Test":"TestCalleeEffects/Built-in_len_has_no_effect.","Output":"    falcon.go:189: falcon: emit type int۰0 int // \"int\"\n"}
{"Time":"2026-10-03T22:48:00.059733-03:00","Action":"output","Package":"golang.org/x/tools/internal/refactor/inline","Test":"TestCalleeEffects/Built-in_len_has_no_effect.","Output":"    falcon.go:189: falcon: emit type string۰1 string // \"string\"\n"}
{"Time":"2026-10-03T22:48:00.059747-03:00","Action":"output","Package":"golang.org/x/tools/internal/refactor/inline","Test":"TestCalleeEffects/Built-in_len_has_no_effect.","Output":"    falcon.go:210: falcon: emit constraint len(y) + len(x)\n"}
{"Time":"2026-10-03T22:48:00.059757-03:00","Action":"output","Package":"golang.org/x/tools/internal/refactor/inline","Test":"TestCalleeEffects/Built-in_len_has_no_effect.","Output":"--- PASS: TestCalleeEffects/Built-in_len_has_no_effect. (0.00s)\n","OutputType":"frame"}
{"Time":"2026-10-03T22:48:00.059766-03:00","Action":"pass","Package":"golang.org/x/tools/internal/refactor/inline","Test":"TestCalleeEffects/Built-in_len_has_no_effect.","Elapsed":0}
{"Time":"2026-10-03T22:48:00.059775-03:00","Action":"run","Package":"golang.org/x/tools/internal/refactor/inline","Test":"TestCalleeEffects/Built-in_println_has_effects."}
{"Time":"2026-10-03T22:48:00.059783-03:00","Action":"output","Package":"golang.org/x/tools/internal/refactor/inline","Test":"TestCalleeEffects/Built-in_println_has_effects.","Output":"=== RUN   TestCalleeEffects/Built-in_println_has_effects.\n","OutputType":"frame"}
{"Time":"2026-10-03T22:48:00.059793-03:00","Action":"output","Package":"golang.org/x/tools/internal/refactor/inline","Test":"TestCalleeEffects/Built-in_println_has_effects.","Output":"    callee.go:126: analyzeCallee func p.f(x int, y int) @ callee.go:2:1\n"}
{"Time":"2026-10-03T22:48:00.059824-03:00","Action":"output","Package":"golang.org/x/tools/internal/refactor/inline","Test":"TestCalleeEffects/Built-in_println_has_effects.","Output":"    callee.go:529: effects list = [1 0 -2]\n"}
{"Time":"2026-10-03T22:48:00.059836-03:00","Action":"output","Package":"golang.org/x/tools/internal/refactor/inline","Test":"TestCalleeEffects/Built-in_println_has_effects.","Output":"    falcon.go:189: falcon: emit type int۰0 int // \"int\"\n"}
{"Time":"2026-10-03T22:48:00.059846-03:00","Action":"output","Package":"golang.org/x/tools/internal/refactor/inline","Test":"TestCalleeEffects/Built-in_println_has_effects.","Output":"--- PASS: TestCalleeEffects/Built-in_println_has_effects. (0.00s)\n","OutputType":"frame"}
{"Time":"2026-10-03T22:48:00.059858-03:00","Action":"pass","Package":"golang.org/x/tools/internal/refactor/inline","Test":"TestCalleeEffects/Built-in_println_has_effects.","Elapsed":0}
{"Time":"2026-10-03T22:48:00.059867-03:00","Action":"run","Package":"golang.org/x/tools/internal/refactor/inline","Test":"TestCalleeEffects/Return_has_no_effect,_and_no_control_successor."}
{"Time":"2026-10-03T22:48:00.059884-03:00","Action":"output","Package":"golang.org/x/tools/internal/refactor/inline","Test":"TestCalleeEffects/Return_has_no_effect,_and_no_control_successor.","Output":"=== RUN   TestCalleeEffects/Return_has_no_effect,_and_no_control_successor.\n","OutputType":"frame"}
{"Time":"2026-10-03T22:48:00.059896-03:00","Action":"output","Package":"golang.org/x/tools/internal/refactor/inline","Test":"TestCalleeEffects/Return_has_no_effect,_and_no_control_successor.","Output":"    callee.go:126: analyzeCallee func p.f(x int, y int) int @ callee.go:2:1\n"}
{"Time":"2026-10-03T22:48:00.059922-03:00","Action":"output","Package":"golang.org/x/tools/internal/refactor/inline","Test":"TestCalleeEffects/Return_has_no_effect,_and_no_control_successor.","Output":"    callee.go:529: effects list = [0 1]\n"}
{"Time":"2026-10-03T22:48:00.059932-03:00","Action":"output","Package":"golang.org/x/tools/internal/refactor/inline","Test":"TestCalleeEffects/Return_has_no_effect,_and_no_control_successor.","Output":"    falcon.go:189: falcon: emit type int۰0 int // \"int\"\n"}
{"Time":"2026-10-03T22:48:00.059942-03:00","Action":"output","Package":"golang.org/x/tools/internal/refactor/inline","Test":"TestCalleeEffects/Return_has_no_effect,_and_no_control_successor.","Output":"    falcon.go:210: falcon: emit constraint x + y\n"}
{"Time":"2026-10-03T22:48:00.059952-03:00","Action":"output","Package":"golang.org/x/tools/internal/refactor/inline","Test":"TestCalleeEffects/Return_has_no_effect,_and_no_control_successor.","Output":"--- PASS: TestCalleeEffects/Return_has_no_effect,_and_no_control_successor. (0.00s)\n","OutputType":"frame"}
{"Time":"2026-10-03T22:48:00.05996-03:00","Action":"pass","Package":"golang.org/x/tools/internal/refactor/inline","Test":"TestCalleeEffects/Return_has_no_effect,_and_no_control_successor.","Elapsed":0}
{"Time":"2026-10-03T22:48:00.059971-03:00","Action":"run","Package":"golang.org/x/tools/internal/refactor/inline","Test":"TestCalleeEffects/Loops_(etc)_have_unknown_effects."}
{"Time":"2026-10-03T22:48:00.05998-03:00","Action":"output","Package":"golang.org/x/tools/internal/refactor/inline","Test":"TestCalleeEffects/Loops_(etc)_have_unknown_effects.","Output":"=== RUN   TestCalleeEffects/Loops_(etc)_have_unknown_effects.\n","OutputType":"frame"}
{"Time":"2026-10-03T22:48:00.060017-03:00","Action":"output","Package":"golang.org/x/tools/internal/refactor/inline","Test":"TestCalleeEffects/Loops_(etc)_have_unknown_effects.","Output":"    callee.go:126: analyzeCallee func p.f(x bool, y bool) @ callee.go:2:1\n"}
{"Time":"2026-10-03T22:48:00.060039-03:00","Action":"output","Package":"golang.org/x/tools/internal/refactor/inline","Test":"TestCalleeEffects/Loops_(etc)_have_unknown_effects.","Output":"    callee.go:529: effects list = [0 -2 1]\n"}
{"Time":"2026-10-03T22:48:00.060053-03:00","Action":"output","Package":"golang.org/x/tools/internal/refactor/inline","Test":"TestCalleeEffects/Loops_(etc)_have_unknown_effects.","Output":"    falcon.go:189: falcon: emit type int۰0 int // \"int\"\n"}
{"Time":"2026-10-03T22:48:00.060063-03:00","Action":"output","Package":"golang.org/x/tools/internal/refactor/inline","Test":"TestCalleeEffects/Loops_(etc)_have_unknown_effects.","Output":"    falcon.go:189: falcon: emit type bool۰1 bool // \"bool\"\n"}
{"Time":"2026-10-03T22:48:00.060073-03:00","Action":"output","Package":"golang.org/x/tools/internal/refactor/inline","Test":"TestCalleeEffects/Loops_(etc)_have_unknown_effects.","Output":"--- PASS: TestCalleeEffects/Loops_(etc)_have_unknown_effects. (0.00s)\n","OutputType":"frame"}
{"Time":"2026-10-03T22:48:00.060083-03:00","Action":"pass","Package":"golang.org/x/tools/internal/refactor/inline","Test":"TestCalleeEffects/Loops_(etc)_have_unknown_effects.","Elapsed":0}
{"Time":"2026-10-03T22:48:00.06009-03:00","Action":"run","Package":"golang.org/x/tools/internal/refactor/inline","Test":"TestCalleeEffects/Calls_have_unknown_effects."}
{"Time":"2026-10-03T22:48:00.060098-03:00","Action":"output","Package":"golang.org/x/tools/internal/refactor/inline","Test":"TestCalleeEffects/Calls_have_unknown_effects.","Output":"=== RUN   TestCalleeEffects/Calls_have_unknown_effects.\n","OutputType":"frame"}
{"Time":"2026-10-03T22:48:00.060117-03:00","Action":"output","Package":"golang.org/x/tools/internal/refactor/inline","Test":"TestCalleeEffects/Calls_have_unknown_effects.","Output":"    callee.go:126: analyzeCallee func p.f(x int, y int) @ callee.go:2:1\n"}
{"Time":"2026-10-03T22:48:00.060128-03:00","Action":"output","Package":"golang.org/x/tools/internal/refactor/inline","Test":"TestCalleeEffects/Calls_have_unknown_effects.","Output":"    callee.go:529: effects list = [0 -2 1]\n"}
{"Time":"2026-10-03T22:48:00.060147-03:00","Action":"output","Package":"golang.org/x/tools/internal/refactor/inline","Test":"TestCalleeEffects/Calls_have_unknown_effects.","Output":"    falcon.go:189: falcon: emit type int۰0 int // \"int\"\n"}
{"Time":"2026-10-03T22:48:00.060159-03:00","Action":"output","Package":"golang.org/x/tools/internal/refactor/inline","Test":"TestCalleeEffects/Calls_have_unknown_effects.","Output":"--- PASS: TestCalleeEffects/Calls_have_unknown_effects. (0.00s)\n","OutputType":"frame"}
{"Time":"2026-10-03T22:48:00.060167-03:00","Action":"pass","Package":"golang.org/x/tools/internal/refactor/inline","Test":"TestCalleeEffects/Calls_have_unknown_effects.","Elapsed":0}
{"Time":"2026-10-03T22:48:00.060175-03:00","Action":"run","Package":"golang.org/x/tools/internal/refactor/inline","Test":"TestCalleeEffects/Calls_to_some_built-ins_are_pure."}
{"Time":"2026-10-03T22:48:00.060183-03:00","Action":"output","Package":"golang.org/x/tools/internal/refactor/inline","Test":"TestCalleeEffects/Calls_to_some_built-ins_are_pure.","Output":"=== RUN   TestCalleeEffects/Calls_to_some_built-ins_are_pure.\n","OutputType":"frame"}
{"Time":"2026-10-03T22:48:00.06021-03:00","Action":"output","Package":"golang.org/x/tools/internal/refactor/inline","Test":"TestCalleeEffects/Calls_to_some_built-ins_are_pure.","Output":"    callee.go:126: analyzeCallee func p.f(x int, y int) @ callee.go:2:1\n"}
{"Time":"2026-10-03T22:48:00.060236-03:00","Action":"output","Package":"golang.org/x/tools/internal/refactor/inline","Test":"TestCalleeEffects/Calls_to_some_built-ins_are_pure.","Output":"    callee.go:529: effects list = [0 1]\n"}
{"Time":"2026-10-03T22:48:00.060247-03:00","Action":"output","Package":"golang.org/x/tools/internal/refactor/inline","Test":"TestCalleeEffects/Calls_to_some_built-ins_are_pure.","Output":"    falcon.go:189: falcon: emit type int۰0 int // \"int\"\n"}
{"Time":"2026-10-03T22:48:00.060263-03:00","Action":"output","Package":"golang.org/x/tools/internal/refactor/inline","Test":"TestCalleeEffects/Calls_to_some_built-ins_are_pure.","Output":"--- PASS: TestCalleeEffects/Calls_to_some_built-ins_are_pure. (0.00s)\n","OutputType":"frame"}
{"Time":"2026-10-03T22:48:00.060274-03:00","Action":"pass","Package":"golang.org/x/tools/internal/refactor/inline","Test":"TestCalleeEffects/Calls_to_some_built-ins_are_pure.","Elapsed":0}
{"Time":"2026-10-03T22:48:00.060285-03:00","Action":"run","Package":"golang.org/x/tools/internal/refactor/inline","Test":"TestCalleeEffects/Calls_to_some_built-ins_are_pure_(variant)."}
{"Time":"2026-10-03T22:48:00.0603-03:00","Action":"output","Package":"golang.org/x/tools/internal/refactor/inline","Test":"TestCalleeEffects/Calls_to_some_built-ins_are_pure_(variant).","Output":"=== RUN   TestCalleeEffects/Calls_to_some_built-ins_are_pure_(variant).\n","OutputType":"frame"}
{"Time":"2026-10-03T22:48:00.060311-03:00","Action":"output","Package":"golang.org/x/tools/internal/refactor/inline","Test":"TestCalleeEffects/Calls_to_some_built-ins_are_pure_(variant).","Output":"    callee.go:126: analyzeCallee func p.f(x int, y int) @ callee.go:2:1\n"}
{"Time":"2026-10-03T22:48:00.060338-03:00","Action":"output","Package":"golang.org/x/tools/internal/refactor/inline","Test":"TestCalleeEffects/Calls_to_some_built-ins_are_pure_(variant).","Output":"    callee.go:529: effects list = [0 1 -2]\n"}
{"Time":"2026-10-03T22:48:00.060348-03:00","Action":"output","Package":"golang.org/x/tools/internal/refactor/inline","Test":"TestCalleeEffects/Calls_to_some_built-ins_are_pure_(variant).","Output":"    falcon.go:189: falcon: emit type int۰0 int // \"int\"\n"}
{"Time":"2026-10-03T22:48:00.060367-03:00","Action":"output","Package":"golang.org/x/tools/internal/refactor/inline","Test":"TestCalleeEffects/Calls_to_some_built-ins_are_pure_(variant).","Output":"--- PASS: TestCalleeEffects/Calls_to_some_built-ins_are_pure_(variant). (0.00s)\n","OutputType":"frame"}
{"Time":"2026-10-03T22:48:00.060377-03:00","Action":"pass","Package":"golang.org/x/tools/internal/refactor/inline","Test":"TestCalleeEffects/Calls_to_some_built-ins_are_pure_(variant).","Elapsed":0}
{"Time":"2026-10-03T22:48:00.060386-03:00","Action":"run","Package":"golang.org/x/tools/internal/refactor/inline","Test":"TestCalleeEffects/Calls_to_some_built-ins_are_pure_(another_variants)."}
{"Time":"2026-10-03T22:48:00.060393-03:00","Action":"output","Package":"golang.org/x/tools/internal/refactor/inline","Test":"TestCalleeEffects/Calls_to_some_built-ins_are_pure_(another_variants).","Output":"=== RUN   TestCalleeEffects/Calls_to_some_built-ins_are_pure_(another_variants).\n","OutputType":"frame"}
{"Time":"2026-10-03T22:48:00.060403-03:00","Action":"output","Package":"golang.org/x/tools/internal/refactor/inline","Test":"TestCalleeEffects/Calls_to_some_built-ins_are_pure_(another_variants).","Output":"    callee.go:126: analyzeCallee func p.f(x int, y int) @ callee.go:2:1\n"}
{"Time":"2026-10-03T22:48:00.060431-03:00","Action":"output","Package":"golang.org/x/tools/internal/refactor/inline","Test":"TestCalleeEffects/Calls_to_some_built-ins_are_pure_(another_variants).","Output":"    callee.go:529: effects list = [0 1]\n"}
{"Time":"2026-10-03T22:48:00.060441-03:00","Action":"output","Package":"golang.org/x/tools/internal/refactor/inline","Test":"TestCalleeEffects/Calls_to_some_built-ins_are_pure_(another_variants).","Output":"    falcon.go:189: falcon: emit type int۰0 int // \"int\"\n"}
{"Time":"2026-10-03T22:48:00.060451-03:00","Action":"output","Package":"golang.org/x/tools/internal/refactor/inline","Test":"TestCalleeEffects/Calls_to_some_built-ins_are_pure_(another_variants).","Output":"--- PASS: TestCalleeEffects/Calls_to_some_built-ins_are_pure_(another_variants). (0.00s)\n","OutputType":"frame"}
{"Time":"2026-10-03T22:48:00.060472-03:00","Action":"pass","Package":"golang.org/x/tools/internal/refactor/inline","Test":"TestCalleeEffects/Calls_to_some_built-ins_are_pure_(another_variants).","Elapsed":0}
{"Time":"2026-10-03T22:48:00.06048-03:00","Action":"run","Package":"golang.org/x/tools/internal/refactor/inline","Test":"TestCalleeEffects/Reading_a_local_var_is_impure_but_does_not_have_effects."}
{"Time":"2026-10-03T22:48:00.060488-03:00","Action":"output","Package":"golang.org/x/tools/internal/refactor/inline","Test":"TestCalleeEffects/Reading_a_local_var_is_impure_but_does_not_have_effects.","Output":"=== RUN   TestCalleeEffects/Reading_a_local_var_is_impure_but_does_not_have_effects.\n","OutputType":"frame"}
{"Time":"2026-10-03T22:48:00.060497-03:00","Action":"output","Package":"golang.org/x/tools/internal/refactor/inline","Test":"TestCalleeEffects/Reading_a_local_var_is_impure_but_does_not_have_effects.","Output":"    callee.go:126: analyzeCallee func p.f(x bool, y bool) @ callee.go:2:1\n"}
{"Time":"2026-10-03T22:48:00.060518-03:00","Action":"output","Package":"golang.org/x/tools/internal/refactor/inline","Test":"TestCalleeEffects/Reading_a_local_var_is_impure_but_does_not_have_effects.","Output":"    callee.go:529: effects list = [0 -2 1]\n"}
{"Time":"2026-10-03T22:48:00.060526-03:00","Action":"output","Package":"golang.org/x/tools/internal/refactor/inline","Test":"TestCalleeEffects/Reading_a_local_var_is_impure_but_does_not_have_effects.","Output":"    falcon.go:189: falcon: emit type int۰0 int // \"int\"\n"}
{"Time":"2026-10-03T22:48:00.060537-03:00","Action":"output","Package":"golang.org/x/tools/internal/refactor/inline","Test":"TestCalleeEffects/Reading_a_local_var_is_impure_but_does_not_have_effects.","Output":"    falcon.go:189: falcon: emit type bool۰1 bool // \"bool\"\n"}
{"Time":"2026-10-03T22:48:00.060553-03:00","Action":"output","Package":"golang.org/x/tools/internal/refactor/inline","Test":"TestCalleeEffects/Reading_a_local_var_is_impure_but_does_not_have_effects.","Output":"--- PASS: TestCalleeEffects/Reading_a_local_var_is_impure_but_does_not_have_effects. (0.00s)\n","OutputType":"frame"}
{"Time":"2026-10-03T22:48:00.060564-03:00","Action":"pass","Package":"golang.org/x/tools/internal/refactor/inline","Test":"TestCalleeEffects/Reading_a_local_var_is_impure_but_does_not_have_effects.","Elapsed":0}
{"Time":"2026-10-03T22:48:00.060575-03:00","Action":"output","Package":"golang.org/x/tools/internal/refactor/inline","Test":"TestCalleeEffects","Output":"--- PASS: TestCalleeEffects (0.00s)\n","OutputType":"frame"}
{"Time":"2026-10-03T22:48:00.060584-03:00","Action":"pass","Package":"golang.org/x/tools/internal/refactor/inline","Test":"TestCalleeEffects","Elapsed":0}
{"Time":"2026-10-03T22:48:00.060599-03:00","Action":"run","Package":"golang.org/x/tools/internal/refactor/inline","Test":"TestGonCalleeSafety"}
{"Time":"2026-10-03T22:48:00.060607-03:00","Action":"output","Package":"golang.org/x/tools/internal/refactor/inline","Test":"TestGonCalleeSafety","Output":"=== RUN   TestGonCalleeSafety\n","OutputType":"frame"}
{"Time":"2026-10-03T22:48:00.060616-03:00","Action":"run","Package":"golang.org/x/tools/internal/refactor/inline","Test":"TestGonCalleeSafety/return_if_c_{_1_}_else_{_2_},_nil"}
{"Time":"2026-10-03T22:48:00.060623-03:00","Action":"output","Package":"golang.org/x/tools/internal/refactor/inline","Test":"TestGonCalleeSafety/return_if_c_{_1_}_else_{_2_},_nil","Output":"=== RUN   TestGonCalleeSafety/return_if_c_{_1_}_else_{_2_},_nil\n","OutputType":"frame"}
{"Time":"2026-10-03T22:48:00.060666-03:00","Action":"output","Package":"golang.org/x/tools/internal/refactor/inline","Test":"TestGonCalleeSafety/return_if_c_{_1_}_else_{_2_},_nil","Output":"--- PASS: TestGonCalleeSafety/return_if_c_{_1_}_else_{_2_},_nil (0.00s)\n","OutputType":"frame"}
{"Time":"2026-10-03T22:48:00.060677-03:00","Action":"pass","Package":"golang.org/x/tools/internal/refactor/inline","Test":"TestGonCalleeSafety/return_if_c_{_1_}_else_{_2_},_nil","Elapsed":0}
{"Time":"2026-10-03T22:48:00.060693-03:00","Action":"run","Package":"golang.org/x/tools/internal/refactor/inline","Test":"TestGonCalleeSafety/return_read()!,_nil"}
{"Time":"2026-10-03T22:48:00.060701-03:00","Action":"output","Package":"golang.org/x/tools/internal/refactor/inline","Test":"TestGonCalleeSafety/return_read()!,_nil","Output":"=== RUN   TestGonCalleeSafety/return_read()!,_nil\n","OutputType":"frame"}
{"Time":"2026-10-03T22:48:00.060725-03:00","Action":"output","Package":"golang.org/x/tools/internal/refactor/inline","Test":"TestGonCalleeSafety/return_read()!,_nil","Output":"--- PASS: TestGonCalleeSafety/return_read()!,_nil (0.00s)\n","OutputType":"frame"}
{"Time":"2026-10-03T22:48:00.060735-03:00","Action":"pass","Package":"golang.org/x/tools/internal/refactor/inline","Test":"TestGonCalleeSafety/return_read()!,_nil","Elapsed":0}
{"Time":"2026-10-03T22:48:00.060756-03:00","Action":"run","Package":"golang.org/x/tools/internal/refactor/inline","Test":"TestGonCalleeSafety/return_read()_or_err_{_return_0,_err_},_nil"}
{"Time":"2026-10-03T22:48:00.060764-03:00","Action":"output","Package":"golang.org/x/tools/internal/refactor/inline","Test":"TestGonCalleeSafety/return_read()_or_err_{_return_0,_err_},_nil","Output":"=== RUN   TestGonCalleeSafety/return_read()_or_err_{_return_0,_err_},_nil\n","OutputType":"frame"}
{"Time":"2026-10-03T22:48:00.060785-03:00","Action":"output","Package":"golang.org/x/tools/internal/refactor/inline","Test":"TestGonCalleeSafety/return_read()_or_err_{_return_0,_err_},_nil","Output":"--- PASS: TestGonCalleeSafety/return_read()_or_err_{_return_0,_err_},_nil (0.00s)\n","OutputType":"frame"}
{"Time":"2026-10-03T22:48:00.060794-03:00","Action":"pass","Package":"golang.org/x/tools/internal/refactor/inline","Test":"TestGonCalleeSafety/return_read()_or_err_{_return_0,_err_},_nil","Elapsed":0}
{"Time":"2026-10-03T22:48:00.060811-03:00","Action":"run","Package":"golang.org/x/tools/internal/refactor/inline","Test":"TestGonCalleeSafety/var_cb_func()_int_=_()_=\u003e_1;_return_cb(),_nil"}
{"Time":"2026-10-03T22:48:00.060819-03:00","Action":"output","Package":"golang.org/x/tools/internal/refactor/inline","Test":"TestGonCalleeSafety/var_cb_func()_int_=_()_=\u003e_1;_return_cb(),_nil","Output":"=== RUN   TestGonCalleeSafety/var_cb_func()_int_=_()_=\u003e_1;_return_cb(),_nil\n","OutputType":"frame"}
{"Time":"2026-10-03T22:48:00.060917-03:00","Action":"output","Package":"golang.org/x/tools/internal/refactor/inline","Test":"TestGonCalleeSafety/var_cb_func()_int_=_()_=\u003e_1;_return_cb(),_nil","Output":"--- PASS: TestGonCalleeSafety/var_cb_func()_int_=_()_=\u003e_1;_return_cb(),_nil (0.00s)\n","OutputType":"frame"}
{"Time":"2026-10-03T22:48:00.060929-03:00","Action":"pass","Package":"golang.org/x/tools/internal/refactor/inline","Test":"TestGonCalleeSafety/var_cb_func()_int_=_()_=\u003e_1;_return_cb(),_nil","Elapsed":0}
{"Time":"2026-10-03T22:48:00.06095-03:00","Action":"run","Package":"golang.org/x/tools/internal/refactor/inline","Test":"TestGonCalleeSafety/var_p_*int;_return_*p_??_1,_nil"}
{"Time":"2026-10-03T22:48:00.060984-03:00","Action":"output","Package":"golang.org/x/tools/internal/refactor/inline","Test":"TestGonCalleeSafety/var_p_*int;_return_*p_??_1,_nil","Output":"=== RUN   TestGonCalleeSafety/var_p_*int;_return_*p_??_1,_nil\n","OutputType":"frame"}
{"Time":"2026-10-03T22:48:00.061009-03:00","Action":"output","Package":"golang.org/x/tools/internal/refactor/inline","Test":"TestGonCalleeSafety/var_p_*int;_return_*p_??_1,_nil","Output":"--- PASS: TestGonCalleeSafety/var_p_*int;_return_*p_??_1,_nil (0.00s)\n","OutputType":"frame"}
{"Time":"2026-10-03T22:48:00.061023-03:00","Action":"pass","Package":"golang.org/x/tools/internal/refactor/inline","Test":"TestGonCalleeSafety/var_p_*int;_return_*p_??_1,_nil","Elapsed":0}
{"Time":"2026-10-03T22:48:00.061036-03:00","Action":"run","Package":"golang.org/x/tools/internal/refactor/inline","Test":"TestGonCalleeSafety/return_1,_nil"}
{"Time":"2026-10-03T22:48:00.061047-03:00","Action":"output","Package":"golang.org/x/tools/internal/refactor/inline","Test":"TestGonCalleeSafety/return_1,_nil","Output":"=== RUN   TestGonCalleeSafety/return_1,_nil\n","OutputType":"frame"}
{"Time":"2026-10-03T22:48:00.061094-03:00","Action":"output","Package":"golang.org/x/tools/internal/refactor/inline","Test":"TestGonCalleeSafety/return_1,_nil","Output":"    callee.go:126: analyzeCallee func p.f(c bool) (int, error) @ p.go:1:54\n"}
{"Time":"2026-10-03T22:48:00.061125-03:00","Action":"output","Package":"golang.org/x/tools/internal/refactor/inline","Test":"TestGonCalleeSafety/return_1,_nil","Output":"    callee.go:529: effects list = []\n"}
{"Time":"2026-10-03T22:48:00.061138-03:00","Action":"output","Package":"golang.org/x/tools/internal/refactor/inline","Test":"TestGonCalleeSafety/return_1,_nil","Output":"    falcon.go:189: falcon: emit type int۰0 int // \"int\"\n"}
{"Time":"2026-10-03T22:48:00.061149-03:00","Action":"output","Package":"golang.org/x/tools/internal/refactor/inline","Test":"TestGonCalleeSafety/return_1,_nil","Output":"    falcon.go:189: falcon: emit type bool۰1 bool // \"bool\"\n"}
{"Time":"2026-10-03T22:48:00.061159-03:00","Action":"output","Package":"golang.org/x/tools/internal/refactor/inline","Test":"TestGonCalleeSafety/return_1,_nil","Output":"--- PASS: TestGonCalleeSafety/return_1,_nil (0.00s)\n","OutputType":"frame"}
{"Time":"2026-10-03T22:48:00.061169-03:00","Action":"pass","Package":"golang.org/x/tools/internal/refactor/inline","Test":"TestGonCalleeSafety/return_1,_nil","Elapsed":0}
{"Time":"2026-10-03T22:48:00.061179-03:00","Action":"output","Package":"golang.org/x/tools/internal/refactor/inline","Test":"TestGonCalleeSafety","Output":"--- PASS: TestGonCalleeSafety (0.00s)\n","OutputType":"frame"}
{"Time":"2026-10-03T22:48:00.061188-03:00","Action":"pass","Package":"golang.org/x/tools/internal/refactor/inline","Test":"TestGonCalleeSafety","Elapsed":0}
{"Time":"2026-10-03T22:48:00.061196-03:00","Action":"run","Package":"golang.org/x/tools/internal/refactor/inline","Test":"TestGonCallerSafety"}
{"Time":"2026-10-03T22:48:00.061217-03:00","Action":"output","Package":"golang.org/x/tools/internal/refactor/inline","Test":"TestGonCallerSafety","Output":"=== RUN   TestGonCallerSafety\n","OutputType":"frame"}
{"Time":"2026-10-03T22:48:00.061228-03:00","Action":"run","Package":"golang.org/x/tools/internal/refactor/inline","Test":"TestGonCallerSafety/contextual_constructor"}
{"Time":"2026-10-03T22:48:00.061237-03:00","Action":"output","Package":"golang.org/x/tools/internal/refactor/inline","Test":"TestGonCallerSafety/contextual_constructor","Output":"=== RUN   TestGonCallerSafety/contextual_constructor\n","OutputType":"frame"}
{"Time":"2026-10-03T22:48:00.061306-03:00","Action":"output","Package":"golang.org/x/tools/internal/refactor/inline","Test":"TestGonCallerSafety/contextual_constructor","Output":"    callee.go:126: analyzeCallee func p.f(x int) int @ callee.go:2:1\n"}
{"Time":"2026-10-03T22:48:00.061329-03:00","Action":"output","Package":"golang.org/x/tools/internal/refactor/inline","Test":"TestGonCallerSafety/contextual_constructor","Output":"    callee.go:529: effects list = [0]\n"}
{"Time":"2026-10-03T22:48:00.061342-03:00","Action":"output","Package":"golang.org/x/tools/internal/refactor/inline","Test":"TestGonCallerSafety/contextual_constructor","Output":"    falcon.go:189: falcon: emit type int۰0 int // \"int\"\n"}
{"Time":"2026-10-03T22:48:00.061777-03:00","Action":"output","Package":"golang.org/x/tools/internal/refactor/inline","Test":"TestGonCallerSafety/contextual_constructor","Output":"    inline.go:108: inline f(1) @ caller.go:2:43\n"}
{"Time":"2026-10-03T22:48:00.061873-03:00","Action":"output","Package":"golang.org/x/tools/internal/refactor/inline","Test":"TestGonCallerSafety/contextual_constructor","Output":"--- PASS: TestGonCallerSafety/contextual_constructor (0.00s)\n","OutputType":"frame"}
{"Time":"2026-10-03T22:48:00.061888-03:00","Action":"pass","Package":"golang.org/x/tools/internal/refactor/inline","Test":"TestGonCallerSafety/contextual_constructor","Elapsed":0}
{"Time":"2026-10-03T22:48:00.061901-03:00","Action":"run","Package":"golang.org/x/tools/internal/refactor/inline","Test":"TestGonCallerSafety/implicit_Option_argument"}
{"Time":"2026-10-03T22:48:00.061911-03:00","Action":"output","Package":"golang.org/x/tools/internal/refactor/inline","Test":"TestGonCallerSafety/implicit_Option_argument","Output":"=== RUN   TestGonCallerSafety/implicit_Option_argument\n","OutputType":"frame"}
{"Time":"2026-10-03T22:48:00.062097-03:00","Action":"output","Package":"golang.org/x/tools/internal/refactor/inline","Test":"TestGonCallerSafety/implicit_Option_argument","Output":"--- PASS: TestGonCallerSafety/implicit_Option_argument (0.00s)\n","OutputType":"frame"}
{"Time":"2026-10-03T22:48:00.062131-03:00","Action":"pass","Package":"golang.org/x/tools/internal/refactor/inline","Test":"TestGonCallerSafety/implicit_Option_argument","Elapsed":0}
{"Time":"2026-10-03T22:48:00.062147-03:00","Action":"run","Package":"golang.org/x/tools/internal/refactor/inline","Test":"TestGonCallerSafety/lambda_argument"}
{"Time":"2026-10-03T22:48:00.062156-03:00","Action":"output","Package":"golang.org/x/tools/internal/refactor/inline","Test":"TestGonCallerSafety/lambda_argument","Output":"=== RUN   TestGonCallerSafety/lambda_argument\n","OutputType":"frame"}
{"Time":"2026-10-03T22:48:00.062239-03:00","Action":"output","Package":"golang.org/x/tools/internal/refactor/inline","Test":"TestGonCallerSafety/lambda_argument","Output":"    callee.go:126: analyzeCallee func p.f(cb func(int) int) int @ callee.go:2:1\n"}
{"Time":"2026-10-03T22:48:00.062284-03:00","Action":"output","Package":"golang.org/x/tools/internal/refactor/inline","Test":"TestGonCallerSafety/lambda_argument","Output":"    callee.go:529: effects list = [0 -2]\n"}
{"Time":"2026-10-03T22:48:00.062295-03:00","Action":"output","Package":"golang.org/x/tools/internal/refactor/inline","Test":"TestGonCallerSafety/lambda_argument","Output":"    falcon.go:189: falcon: emit type int۰0 int // \"int\"\n"}
{"Time":"2026-10-03T22:48:00.06255-03:00","Action":"output","Package":"golang.org/x/tools/internal/refactor/inline","Test":"TestGonCallerSafety/lambda_argument","Output":"    inline.go:108: inline f((x) =\u003e x + 1) @ caller.go:2:24\n"}
{"Time":"2026-10-03T22:48:00.062589-03:00","Action":"output","Package":"golang.org/x/tools/internal/refactor/inline","Test":"TestGonCallerSafety/lambda_argument","Output":"--- PASS: TestGonCallerSafety/lambda_argument (0.00s)\n","OutputType":"frame"}
{"Time":"2026-10-03T22:48:00.0626-03:00","Action":"pass","Package":"golang.org/x/tools/internal/refactor/inline","Test":"TestGonCallerSafety/lambda_argument","Elapsed":0}
{"Time":"2026-10-03T22:48:00.062608-03:00","Action":"run","Package":"golang.org/x/tools/internal/refactor/inline","Test":"TestGonCallerSafety/coalesce_argument"}
{"Time":"2026-10-03T22:48:00.062615-03:00","Action":"output","Package":"golang.org/x/tools/internal/refactor/inline","Test":"TestGonCallerSafety/coalesce_argument","Output":"=== RUN   TestGonCallerSafety/coalesce_argument\n","OutputType":"frame"}
{"Time":"2026-10-03T22:48:00.062709-03:00","Action":"output","Package":"golang.org/x/tools/internal/refactor/inline","Test":"TestGonCallerSafety/coalesce_argument","Output":"    callee.go:126: analyzeCallee func p.f(x *int) *int @ callee.go:2:1\n"}
{"Time":"2026-10-03T22:48:00.062729-03:00","Action":"output","Package":"golang.org/x/tools/internal/refactor/inline","Test":"TestGonCallerSafety/coalesce_argument","Output":"    callee.go:529: effects list = [0]\n"}
{"Time":"2026-10-03T22:48:00.062739-03:00","Action":"output","Package":"golang.org/x/tools/internal/refactor/inline","Test":"TestGonCallerSafety/coalesce_argument","Output":"    falcon.go:189: falcon: emit type int۰0 int // \"int\"\n"}
{"Time":"2026-10-03T22:48:00.062964-03:00","Action":"output","Package":"golang.org/x/tools/internal/refactor/inline","Test":"TestGonCallerSafety/coalesce_argument","Output":"    inline.go:108: inline f(p ?? q) @ caller.go:2:34\n"}
{"Time":"2026-10-03T22:48:00.063005-03:00","Action":"output","Package":"golang.org/x/tools/internal/refactor/inline","Test":"TestGonCallerSafety/coalesce_argument","Output":"--- PASS: TestGonCallerSafety/coalesce_argument (0.00s)\n","OutputType":"frame"}
{"Time":"2026-10-03T22:48:00.063015-03:00","Action":"pass","Package":"golang.org/x/tools/internal/refactor/inline","Test":"TestGonCallerSafety/coalesce_argument","Elapsed":0}
{"Time":"2026-10-03T22:48:00.063023-03:00","Action":"run","Package":"golang.org/x/tools/internal/refactor/inline","Test":"TestGonCallerSafety/safe_navigation"}
{"Time":"2026-10-03T22:48:00.063029-03:00","Action":"output","Package":"golang.org/x/tools/internal/refactor/inline","Test":"TestGonCallerSafety/safe_navigation","Output":"=== RUN   TestGonCallerSafety/safe_navigation\n","OutputType":"frame"}
{"Time":"2026-10-03T22:48:00.063145-03:00","Action":"output","Package":"golang.org/x/tools/internal/refactor/inline","Test":"TestGonCallerSafety/safe_navigation","Output":"    callee.go:126: analyzeCallee func p.f() int @ callee.go:2:1\n"}
{"Time":"2026-10-03T22:48:00.063156-03:00","Action":"output","Package":"golang.org/x/tools/internal/refactor/inline","Test":"TestGonCallerSafety/safe_navigation","Output":"    callee.go:529: effects list = []\n"}
{"Time":"2026-10-03T22:48:00.063164-03:00","Action":"output","Package":"golang.org/x/tools/internal/refactor/inline","Test":"TestGonCallerSafety/safe_navigation","Output":"    falcon.go:189: falcon: emit type int۰0 int // \"int\"\n"}
{"Time":"2026-10-03T22:48:00.063397-03:00","Action":"output","Package":"golang.org/x/tools/internal/refactor/inline","Test":"TestGonCallerSafety/safe_navigation","Output":"    inline.go:108: inline f() @ caller.go:2:60\n"}
{"Time":"2026-10-03T22:48:00.063457-03:00","Action":"output","Package":"golang.org/x/tools/internal/refactor/inline","Test":"TestGonCallerSafety/safe_navigation","Output":"--- PASS: TestGonCallerSafety/safe_navigation (0.00s)\n","OutputType":"frame"}
{"Time":"2026-10-03T22:48:00.063488-03:00","Action":"pass","Package":"golang.org/x/tools/internal/refactor/inline","Test":"TestGonCallerSafety/safe_navigation","Elapsed":0}
{"Time":"2026-10-03T22:48:00.063518-03:00","Action":"run","Package":"golang.org/x/tools/internal/refactor/inline","Test":"TestGonCallerSafety/conditional_argument"}
{"Time":"2026-10-03T22:48:00.06353-03:00","Action":"output","Package":"golang.org/x/tools/internal/refactor/inline","Test":"TestGonCallerSafety/conditional_argument","Output":"=== RUN   TestGonCallerSafety/conditional_argument\n","OutputType":"frame"}
{"Time":"2026-10-03T22:48:00.063541-03:00","Action":"output","Package":"golang.org/x/tools/internal/refactor/inline","Test":"TestGonCallerSafety/conditional_argument","Output":"    callee.go:126: analyzeCallee func p.f(x int) int @ callee.go:2:1\n"}
{"Time":"2026-10-03T22:48:00.063555-03:00","Action":"output","Package":"golang.org/x/tools/internal/refactor/inline","Test":"TestGonCallerSafety/conditional_argument","Output":"    callee.go:529: effects list = [0]\n"}
{"Time":"2026-10-03T22:48:00.063567-03:00","Action":"output","Package":"golang.org/x/tools/internal/refactor/inline","Test":"TestGonCallerSafety/conditional_argument","Output":"    falcon.go:189: falcon: emit type int۰0 int // \"int\"\n"}
{"Time":"2026-10-03T22:48:00.063585-03:00","Action":"output","Package":"golang.org/x/tools/internal/refactor/inline","Test":"TestGonCallerSafety/conditional_argument","Output":"    falcon.go:210: falcon: emit constraint x + x\n"}
{"Time":"2026-10-03T22:48:00.063806-03:00","Action":"output","Package":"golang.org/x/tools/internal/refactor/inline","Test":"TestGonCallerSafety/conditional_argument","Output":"    inline.go:108: inline f(if c { 1 } else { 2 }) @ caller.go:2:30\n"}
{"Time":"2026-10-03T22:48:00.063825-03:00","Action":"output","Package":"golang.org/x/tools/internal/refactor/inline","Test":"TestGonCallerSafety/conditional_argument","Output":"--- PASS: TestGonCallerSafety/conditional_argument (0.00s)\n","OutputType":"frame"}
{"Time":"2026-10-03T22:48:00.063836-03:00","Action":"pass","Package":"golang.org/x/tools/internal/refactor/inline","Test":"TestGonCallerSafety/conditional_argument","Elapsed":0}
{"Time":"2026-10-03T22:48:00.063845-03:00","Action":"run","Package":"golang.org/x/tools/internal/refactor/inline","Test":"TestGonCallerSafety/nil_target_argument"}
{"Time":"2026-10-03T22:48:00.063852-03:00","Action":"output","Package":"golang.org/x/tools/internal/refactor/inline","Test":"TestGonCallerSafety/nil_target_argument","Output":"=== RUN   TestGonCallerSafety/nil_target_argument\n","OutputType":"frame"}
{"Time":"2026-10-03T22:48:00.063909-03:00","Action":"output","Package":"golang.org/x/tools/internal/refactor/inline","Test":"TestGonCallerSafety/nil_target_argument","Output":"    callee.go:126: analyzeCallee func p.f(x *int) *int @ callee.go:2:1\n"}
{"Time":"2026-10-03T22:48:00.063921-03:00","Action":"output","Package":"golang.org/x/tools/internal/refactor/inline","Test":"TestGonCallerSafety/nil_target_argument","Output":"    callee.go:529: effects list = [0]\n"}
{"Time":"2026-10-03T22:48:00.06393-03:00","Action":"output","Package":"golang.org/x/tools/internal/refactor/inline","Test":"TestGonCallerSafety/nil_target_argument","Output":"    falcon.go:189: falcon: emit type int۰0 int // \"int\"\n"}
{"Time":"2026-10-03T22:48:00.064147-03:00","Action":"output","Package":"golang.org/x/tools/internal/refactor/inline","Test":"TestGonCallerSafety/nil_target_argument","Output":"    inline.go:108: inline f(if c { nil } else { nil }) @ caller.go:2:31\n"}
{"Time":"2026-10-03T22:48:00.064182-03:00","Action":"output","Package":"golang.org/x/tools/internal/refactor/inline","Test":"TestGonCallerSafety/nil_target_argument","Output":"--- PASS: TestGonCallerSafety/nil_target_argument (0.00s)\n","OutputType":"frame"}
{"Time":"2026-10-03T22:48:00.064197-03:00","Action":"pass","Package":"golang.org/x/tools/internal/refactor/inline","Test":"TestGonCallerSafety/nil_target_argument","Elapsed":0}
{"Time":"2026-10-03T22:48:00.064255-03:00","Action":"run","Package":"golang.org/x/tools/internal/refactor/inline","Test":"TestGonCallerSafety/then_branch"}
{"Time":"2026-10-03T22:48:00.064281-03:00","Action":"output","Package":"golang.org/x/tools/internal/refactor/inline","Test":"TestGonCallerSafety/then_branch","Output":"=== RUN   TestGonCallerSafety/then_branch\n","OutputType":"frame"}
{"Time":"2026-10-03T22:48:00.064449-03:00","Action":"output","Package":"golang.org/x/tools/internal/refactor/inline","Test":"TestGonCallerSafety/then_branch","Output":"    callee.go:126: analyzeCallee func p.f() int @ callee.go:2:1\n"}
{"Time":"2026-10-03T22:48:00.06446-03:00","Action":"output","Package":"golang.org/x/tools/internal/refactor/inline","Test":"TestGonCallerSafety/then_branch","Output":"    callee.go:529: effects list = []\n"}
{"Time":"2026-10-03T22:48:00.06447-03:00","Action":"output","Package":"golang.org/x/tools/internal/refactor/inline","Test":"TestGonCallerSafety/then_branch","Output":"    falcon.go:189: falcon: emit type int۰0 int // \"int\"\n"}
{"Time":"2026-10-03T22:48:00.064695-03:00","Action":"output","Package":"golang.org/x/tools/internal/refactor/inline","Test":"TestGonCallerSafety/then_branch","Output":"    inline.go:108: inline f() @ caller.go:2:37\n"}
{"Time":"2026-10-03T22:48:00.064727-03:00","Action":"output","Package":"golang.org/x/tools/internal/refactor/inline","Test":"TestGonCallerSafety/then_branch","Output":"--- PASS: TestGonCallerSafety/then_branch (0.00s)\n","OutputType":"frame"}
{"Time":"2026-10-03T22:48:00.064743-03:00","Action":"pass","Package":"golang.org/x/tools/internal/refactor/inline","Test":"TestGonCallerSafety/then_branch","Elapsed":0}
{"Time":"2026-10-03T22:48:00.064754-03:00","Action":"run","Package":"golang.org/x/tools/internal/refactor/inline","Test":"TestGonCallerSafety/else_branch"}
{"Time":"2026-10-03T22:48:00.064763-03:00","Action":"output","Package":"golang.org/x/tools/internal/refactor/inline","Test":"TestGonCallerSafety/else_branch","Output":"=== RUN   TestGonCallerSafety/else_branch\n","OutputType":"frame"}
{"Time":"2026-10-03T22:48:00.064848-03:00","Action":"output","Package":"golang.org/x/tools/internal/refactor/inline","Test":"TestGonCallerSafety/else_branch","Output":"    callee.go:126: analyzeCallee func p.f() int @ callee.go:2:1\n"}
{"Time":"2026-10-03T22:48:00.064884-03:00","Action":"output","Package":"golang.org/x/tools/internal/refactor/inline","Test":"TestGonCallerSafety/else_branch","Output":"    callee.go:529: effects list = []\n"}
{"Time":"2026-10-03T22:48:00.064904-03:00","Action":"output","Package":"golang.org/x/tools/internal/refactor/inline","Test":"TestGonCallerSafety/else_branch","Output":"    falcon.go:189: falcon: emit type int۰0 int // \"int\"\n"}
{"Time":"2026-10-03T22:48:00.065092-03:00","Action":"output","Package":"golang.org/x/tools/internal/refactor/inline","Test":"TestGonCallerSafety/else_branch","Output":"    inline.go:108: inline f() @ caller.go:2:48\n"}
{"Time":"2026-10-03T22:48:00.065115-03:00","Action":"output","Package":"golang.org/x/tools/internal/refactor/inline","Test":"TestGonCallerSafety/else_branch","Output":"--- PASS: TestGonCallerSafety/else_branch (0.00s)\n","OutputType":"frame"}
{"Time":"2026-10-03T22:48:00.065127-03:00","Action":"pass","Package":"golang.org/x/tools/internal/refactor/inline","Test":"TestGonCallerSafety/else_branch","Elapsed":0}
{"Time":"2026-10-03T22:48:00.065134-03:00","Action":"run","Package":"golang.org/x/tools/internal/refactor/inline","Test":"TestGonCallerSafety/condition"}
{"Time":"2026-10-03T22:48:00.065154-03:00","Action":"output","Package":"golang.org/x/tools/internal/refactor/inline","Test":"TestGonCallerSafety/condition","Output":"=== RUN   TestGonCallerSafety/condition\n","OutputType":"frame"}
{"Time":"2026-10-03T22:48:00.065204-03:00","Action":"output","Package":"golang.org/x/tools/internal/refactor/inline","Test":"TestGonCallerSafety/condition","Output":"    callee.go:126: analyzeCallee func p.f() bool @ callee.go:2:1\n"}
{"Time":"2026-10-03T22:48:00.065224-03:00","Action":"output","Package":"golang.org/x/tools/internal/refactor/inline","Test":"TestGonCallerSafety/condition","Output":"    callee.go:529: effects list = []\n"}
{"Time":"2026-10-03T22:48:00.065247-03:00","Action":"output","Package":"golang.org/x/tools/internal/refactor/inline","Test":"TestGonCallerSafety/condition","Output":"    falcon.go:189: falcon: emit type int۰0 int // \"int\"\n"}
{"Time":"2026-10-03T22:48:00.065255-03:00","Action":"output","Package":"golang.org/x/tools/internal/refactor/inline","Test":"TestGonCallerSafety/condition","Output":"    falcon.go:189: falcon: emit type bool۰1 bool // \"bool\"\n"}
{"Time":"2026-10-03T22:48:00.065452-03:00","Action":"output","Package":"golang.org/x/tools/internal/refactor/inline","Test":"TestGonCallerSafety/condition","Output":"    inline.go:108: inline f() @ caller.go:2:27\n"}
{"Time":"2026-10-03T22:48:00.065474-03:00","Action":"output","Package":"golang.org/x/tools/internal/refactor/inline","Test":"TestGonCallerSafety/condition","Output":"--- PASS: TestGonCallerSafety/condition (0.00s)\n","OutputType":"frame"}
{"Time":"2026-10-03T22:48:00.065496-03:00","Action":"pass","Package":"golang.org/x/tools/internal/refactor/inline","Test":"TestGonCallerSafety/condition","Elapsed":0}
{"Time":"2026-10-03T22:48:00.065504-03:00","Action":"run","Package":"golang.org/x/tools/internal/refactor/inline","Test":"TestGonCallerSafety/sibling_operand"}
{"Time":"2026-10-03T22:48:00.065511-03:00","Action":"output","Package":"golang.org/x/tools/internal/refactor/inline","Test":"TestGonCallerSafety/sibling_operand","Output":"=== RUN   TestGonCallerSafety/sibling_operand\n","OutputType":"frame"}
{"Time":"2026-10-03T22:48:00.065564-03:00","Action":"output","Package":"golang.org/x/tools/internal/refactor/inline","Test":"TestGonCallerSafety/sibling_operand","Output":"    callee.go:126: analyzeCallee func p.f() int @ callee.go:2:1\n"}
{"Time":"2026-10-03T22:48:00.065575-03:00","Action":"output","Package":"golang.org/x/tools/internal/refactor/inline","Test":"TestGonCallerSafety/sibling_operand","Output":"    callee.go:529: effects list = []\n"}
{"Time":"2026-10-03T22:48:00.065583-03:00","Action":"output","Package":"golang.org/x/tools/internal/refactor/inline","Test":"TestGonCallerSafety/sibling_operand","Output":"    falcon.go:189: falcon: emit type int۰0 int // \"int\"\n"}
{"Time":"2026-10-03T22:48:00.065751-03:00","Action":"output","Package":"golang.org/x/tools/internal/refactor/inline","Test":"TestGonCallerSafety/sibling_operand","Output":"    inline.go:108: inline f() @ caller.go:2:30\n"}
{"Time":"2026-10-03T22:48:00.065773-03:00","Action":"output","Package":"golang.org/x/tools/internal/refactor/inline","Test":"TestGonCallerSafety/sibling_operand","Output":"--- PASS: TestGonCallerSafety/sibling_operand (0.00s)\n","OutputType":"frame"}
{"Time":"2026-10-03T22:48:00.065782-03:00","Action":"pass","Package":"golang.org/x/tools/internal/refactor/inline","Test":"TestGonCallerSafety/sibling_operand","Elapsed":0}
{"Time":"2026-10-03T22:48:00.065789-03:00","Action":"run","Package":"golang.org/x/tools/internal/refactor/inline","Test":"TestGonCallerSafety/package_initializer"}
{"Time":"2026-10-03T22:48:00.065796-03:00","Action":"output","Package":"golang.org/x/tools/internal/refactor/inline","Test":"TestGonCallerSafety/package_initializer","Output":"=== RUN   TestGonCallerSafety/package_initializer\n","OutputType":"frame"}
{"Time":"2026-10-03T22:48:00.065896-03:00","Action":"output","Package":"golang.org/x/tools/internal/refactor/inline","Test":"TestGonCallerSafety/package_initializer","Output":"    callee.go:126: analyzeCallee func p.f(x int) int @ callee.go:2:1\n"}
{"Time":"2026-10-03T22:48:00.06591-03:00","Action":"output","Package":"golang.org/x/tools/internal/refactor/inline","Test":"TestGonCallerSafety/package_initializer","Output":"    callee.go:529: effects list = [0]\n"}
{"Time":"2026-10-03T22:48:00.065918-03:00","Action":"output","Package":"golang.org/x/tools/internal/refactor/inline","Test":"TestGonCallerSafety/package_initializer","Output":"    falcon.go:189: falcon: emit type int۰0 int // \"int\"\n"}
{"Time":"2026-10-03T22:48:00.066202-03:00","Action":"output","Package":"golang.org/x/tools/internal/refactor/inline","Test":"TestGonCallerSafety/package_initializer","Output":"    inline.go:108: inline f(if c { 1 } else { 2 }) @ caller.go:2:22\n"}
{"Time":"2026-10-03T22:48:00.066222-03:00","Action":"output","Package":"golang.org/x/tools/internal/refactor/inline","Test":"TestGonCallerSafety/package_initializer","Output":"--- PASS: TestGonCallerSafety/package_initializer (0.00s)\n","OutputType":"frame"}
{"Time":"2026-10-03T22:48:00.066231-03:00","Action":"pass","Package":"golang.org/x/tools/internal/refactor/inline","Test":"TestGonCallerSafety/package_initializer","Elapsed":0}
{"Time":"2026-10-03T22:48:00.066244-03:00","Action":"run","Package":"golang.org/x/tools/internal/refactor/inline","Test":"TestGonCallerSafety/propagation_argument"}
{"Time":"2026-10-03T22:48:00.06625-03:00","Action":"output","Package":"golang.org/x/tools/internal/refactor/inline","Test":"TestGonCallerSafety/propagation_argument","Output":"=== RUN   TestGonCallerSafety/propagation_argument\n","OutputType":"frame"}
{"Time":"2026-10-03T22:48:00.066328-03:00","Action":"output","Package":"golang.org/x/tools/internal/refactor/inline","Test":"TestGonCallerSafety/propagation_argument","Output":"    callee.go:126: analyzeCallee func p.f(x int) int @ callee.go:2:1\n"}
{"Time":"2026-10-03T22:48:00.066339-03:00","Action":"output","Package":"golang.org/x/tools/internal/refactor/inline","Test":"TestGonCallerSafety/propagation_argument","Output":"    callee.go:529: effects list = [0]\n"}
{"Time":"2026-10-03T22:48:00.066356-03:00","Action":"output","Package":"golang.org/x/tools/internal/refactor/inline","Test":"TestGonCallerSafety/propagation_argument","Output":"    falcon.go:189: falcon: emit type int۰0 int // \"int\"\n"}
{"Time":"2026-10-03T22:48:00.066536-03:00","Action":"output","Package":"golang.org/x/tools/internal/refactor/inline","Test":"TestGonCallerSafety/propagation_argument","Output":"    inline.go:108: inline f(read()!) @ caller.go:2:77\n"}
{"Time":"2026-10-03T22:48:00.066562-03:00","Action":"output","Package":"golang.org/x/tools/internal/refactor/inline","Test":"TestGonCallerSafety/propagation_argument","Output":"--- PASS: TestGonCallerSafety/propagation_argument (0.00s)\n","OutputType":"frame"}
{"Time":"2026-10-03T22:48:00.066569-03:00","Action":"pass","Package":"golang.org/x/tools/internal/refactor/inline","Test":"TestGonCallerSafety/propagation_argument","Elapsed":0}
{"Time":"2026-10-03T22:48:00.066576-03:00","Action":"run","Package":"golang.org/x/tools/internal/refactor/inline","Test":"TestGonCallerSafety/propagated_call"}
{"Time":"2026-10-03T22:48:00.066581-03:00","Action":"output","Package":"golang.org/x/tools/internal/refactor/inline","Test":"TestGonCallerSafety/propagated_call","Output":"=== RUN   TestGonCallerSafety/propagated_call\n","OutputType":"frame"}
{"Time":"2026-10-03T22:48:00.066628-03:00","Action":"output","Package":"golang.org/x/tools/internal/refactor/inline","Test":"TestGonCallerSafety/propagated_call","Output":"    callee.go:126: analyzeCallee func p.f() (int, error) @ callee.go:2:1\n"}
{"Time":"2026-10-03T22:48:00.066637-03:00","Action":"output","Package":"golang.org/x/tools/internal/refactor/inline","Test":"TestGonCallerSafety/propagated_call","Output":"    callee.go:529: effects list = []\n"}
{"Time":"2026-10-03T22:48:00.066644-03:00","Action":"output","Package":"golang.org/x/tools/internal/refactor/inline","Test":"TestGonCallerSafety/propagated_call","Output":"    falcon.go:189: falcon: emit type int۰0 int // \"int\"\n"}
{"Time":"2026-10-03T22:48:00.066834-03:00","Action":"output","Package":"golang.org/x/tools/internal/refactor/inline","Test":"TestGonCallerSafety/propagated_call","Output":"    inline.go:108: inline f() @ caller.go:2:33\n"}
{"Time":"2026-10-03T22:48:00.06685-03:00","Action":"output","Package":"golang.org/x/tools/internal/refactor/inline","Test":"TestGonCallerSafety/propagated_call","Output":"--- PASS: TestGonCallerSafety/propagated_call (0.00s)\n","OutputType":"frame"}
{"Time":"2026-10-03T22:48:00.066858-03:00","Action":"pass","Package":"golang.org/x/tools/internal/refactor/inline","Test":"TestGonCallerSafety/propagated_call","Elapsed":0}
{"Time":"2026-10-03T22:48:00.066863-03:00","Action":"run","Package":"golang.org/x/tools/internal/refactor/inline","Test":"TestGonCallerSafety/handler_call"}
{"Time":"2026-10-03T22:48:00.066874-03:00","Action":"output","Package":"golang.org/x/tools/internal/refactor/inline","Test":"TestGonCallerSafety/handler_call","Output":"=== RUN   TestGonCallerSafety/handler_call\n","OutputType":"frame"}
{"Time":"2026-10-03T22:48:00.066915-03:00","Action":"output","Package":"golang.org/x/tools/internal/refactor/inline","Test":"TestGonCallerSafety/handler_call","Output":"    callee.go:126: analyzeCallee func p.f() int @ callee.go:2:1\n"}
{"Time":"2026-10-03T22:48:00.066925-03:00","Action":"output","Package":"golang.org/x/tools/internal/refactor/inline","Test":"TestGonCallerSafety/handler_call","Output":"    callee.go:529: effects list = []\n"}
{"Time":"2026-10-03T22:48:00.066941-03:00","Action":"output","Package":"golang.org/x/tools/internal/refactor/inline","Test":"TestGonCallerSafety/handler_call","Output":"    falcon.go:189: falcon: emit type int۰0 int // \"int\"\n"}
{"Time":"2026-10-03T22:48:00.067081-03:00","Action":"output","Package":"golang.org/x/tools/internal/refactor/inline","Test":"TestGonCallerSafety/handler_call","Output":"    inline.go:108: inline f() @ caller.go:2:91\n"}
{"Time":"2026-10-03T22:48:00.067103-03:00","Action":"output","Package":"golang.org/x/tools/internal/refactor/inline","Test":"TestGonCallerSafety/handler_call","Output":"--- PASS: TestGonCallerSafety/handler_call (0.00s)\n","OutputType":"frame"}
{"Time":"2026-10-03T22:48:00.06711-03:00","Action":"pass","Package":"golang.org/x/tools/internal/refactor/inline","Test":"TestGonCallerSafety/handler_call","Elapsed":0}
{"Time":"2026-10-03T22:48:00.067135-03:00","Action":"run","Package":"golang.org/x/tools/internal/refactor/inline","Test":"TestGonCallerSafety/unrelated_conditional"}
{"Time":"2026-10-03T22:48:00.067142-03:00","Action":"output","Package":"golang.org/x/tools/internal/refactor/inline","Test":"TestGonCallerSafety/unrelated_conditional","Output":"=== RUN   TestGonCallerSafety/unrelated_conditional\n","OutputType":"frame"}
{"Time":"2026-10-03T22:48:00.067169-03:00","Action":"output","Package":"golang.org/x/tools/internal/refactor/inline","Test":"TestGonCallerSafety/unrelated_conditional","Output":"    callee.go:126: analyzeCallee func p.f() int @ callee.go:2:1\n"}
{"Time":"2026-10-03T22:48:00.067182-03:00","Action":"output","Package":"golang.org/x/tools/internal/refactor/inline","Test":"TestGonCallerSafety/unrelated_conditional","Output":"    callee.go:529: effects list = []\n"}
{"Time":"2026-10-03T22:48:00.067189-03:00","Action":"output","Package":"golang.org/x/tools/internal/refactor/inline","Test":"TestGonCallerSafety/unrelated_conditional","Output":"    falcon.go:189: falcon: emit type int۰0 int // \"int\"\n"}
{"Time":"2026-10-03T22:48:00.067351-03:00","Action":"output","Package":"golang.org/x/tools/internal/refactor/inline","Test":"TestGonCallerSafety/unrelated_conditional","Output":"    inline.go:108: inline f() @ caller.go:2:62\n"}
{"Time":"2026-10-03T22:48:00.067361-03:00","Action":"output","Package":"golang.org/x/tools/internal/refactor/inline","Test":"TestGonCallerSafety/unrelated_conditional","Output":"    inline.go:657: multiple-assignment vars: map[]\n"}
{"Time":"2026-10-03T22:48:00.067377-03:00","Action":"output","Package":"golang.org/x/tools/internal/refactor/inline","Test":"TestGonCallerSafety/unrelated_conditional","Output":"    inline.go:1985: falcon env: type int۰0 int\n"}
{"Time":"2026-10-03T22:48:00.067386-03:00","Action":"output","Package":"golang.org/x/tools/internal/refactor/inline","Test":"TestGonCallerSafety/unrelated_conditional","Output":"    inline.go:2436: binding decl not needed: all parameters substituted\n"}
{"Time":"2026-10-03T22:48:00.067409-03:00","Action":"output","Package":"golang.org/x/tools/internal/refactor/inline","Test":"TestGonCallerSafety/unrelated_conditional","Output":"    inline.go:1075: strategy: reduce expr-context call to { return expr }\n"}
{"Time":"2026-10-03T22:48:00.067487-03:00","Action":"output","Package":"golang.org/x/tools/internal/refactor/inline","Test":"TestGonCallerSafety/unrelated_conditional","Output":"--- PASS: TestGonCallerSafety/unrelated_conditional (0.00s)\n","OutputType":"frame"}
{"Time":"2026-10-03T22:48:00.067503-03:00","Action":"pass","Package":"golang.org/x/tools/internal/refactor/inline","Test":"TestGonCallerSafety/unrelated_conditional","Elapsed":0}
{"Time":"2026-10-03T22:48:00.06751-03:00","Action":"output","Package":"golang.org/x/tools/internal/refactor/inline","Test":"TestGonCallerSafety","Output":"--- PASS: TestGonCallerSafety (0.01s)\n","OutputType":"frame"}
{"Time":"2026-10-03T22:48:00.067516-03:00","Action":"pass","Package":"golang.org/x/tools/internal/refactor/inline","Test":"TestGonCallerSafety","Elapsed":0.01}
{"Time":"2026-10-03T22:48:00.06753-03:00","Action":"run","Package":"golang.org/x/tools/internal/refactor/inline","Test":"TestGonCallerExecution"}
{"Time":"2026-10-03T22:48:00.067535-03:00","Action":"output","Package":"golang.org/x/tools/internal/refactor/inline","Test":"TestGonCallerExecution","Output":"=== RUN   TestGonCallerExecution\n","OutputType":"frame"}
{"Time":"2026-10-03T22:48:00.06754-03:00","Action":"run","Package":"golang.org/x/tools/internal/refactor/inline","Test":"TestGonCallerExecution/legacy"}
{"Time":"2026-10-03T22:48:00.067545-03:00","Action":"output","Package":"golang.org/x/tools/internal/refactor/inline","Test":"TestGonCallerExecution/legacy","Output":"=== RUN   TestGonCallerExecution/legacy\n","OutputType":"frame"}
{"Time":"2026-10-03T22:48:00.067802-03:00","Action":"output","Package":"golang.org/x/tools/internal/refactor/inline","Test":"TestGonCallerExecution/legacy","Output":"    callee.go:126: analyzeCallee func main.f(x int) int @ main.go:7:1\n"}
{"Time":"2026-10-03T22:48:00.067817-03:00","Action":"output","Package":"golang.org/x/tools/internal/refactor/inline","Test":"TestGonCallerExecution/legacy","Output":"    callee.go:529: effects list = [0]\n"}
{"Time":"2026-10-03T22:48:00.067825-03:00","Action":"output","Package":"golang.org/x/tools/internal/refactor/inline","Test":"TestGonCallerExecution/legacy","Output":"    falcon.go:189: falcon: emit type int۰0 int // \"int\"\n"}
{"Time":"2026-10-03T22:48:00.067838-03:00","Action":"output","Package":"golang.org/x/tools/internal/refactor/inline","Test":"TestGonCallerExecution/legacy","Output":"    falcon.go:210: falcon: emit constraint x + x\n"}
{"Time":"2026-10-03T22:48:01.373762-03:00","Action":"output","Package":"golang.org/x/tools/internal/refactor/inline","Test":"TestGonCallerExecution/legacy","Output":"--- PASS: TestGonCallerExecution/legacy (1.31s)\n","OutputType":"frame"}
{"Time":"2026-10-03T22:48:01.373863-03:00","Action":"pass","Package":"golang.org/x/tools/internal/refactor/inline","Test":"TestGonCallerExecution/legacy","Elapsed":1.31}
{"Time":"2026-10-03T22:48:01.373964-03:00","Action":"run","Package":"golang.org/x/tools/internal/refactor/inline","Test":"TestGonCallerExecution/modern"}
{"Time":"2026-10-03T22:48:01.373989-03:00","Action":"output","Package":"golang.org/x/tools/internal/refactor/inline","Test":"TestGonCallerExecution/modern","Output":"=== RUN   TestGonCallerExecution/modern\n","OutputType":"frame"}
{"Time":"2026-10-03T22:48:01.37447-03:00","Action":"output","Package":"golang.org/x/tools/internal/refactor/inline","Test":"TestGonCallerExecution/modern","Output":"    callee.go:126: analyzeCallee func main.f(x int) int @ main.go:7:1\n"}
{"Time":"2026-10-03T22:48:01.3745-03:00","Action":"output","Package":"golang.org/x/tools/internal/refactor/inline","Test":"TestGonCallerExecution/modern","Output":"    callee.go:529: effects list = [0]\n"}
{"Time":"2026-10-03T22:48:01.374512-03:00","Action":"output","Package":"golang.org/x/tools/internal/refactor/inline","Test":"TestGonCallerExecution/modern","Output":"    falcon.go:189: falcon: emit type int۰0 int // \"int\"\n"}
{"Time":"2026-10-03T22:48:01.37455-03:00","Action":"output","Package":"golang.org/x/tools/internal/refactor/inline","Test":"TestGonCallerExecution/modern","Output":"    falcon.go:210: falcon: emit constraint x + x\n"}
{"Time":"2026-10-03T22:48:01.690991-03:00","Action":"output","Package":"golang.org/x/tools/internal/refactor/inline","Test":"TestGonCallerExecution/modern","Output":"--- PASS: TestGonCallerExecution/modern (0.32s)\n","OutputType":"frame"}
{"Time":"2026-10-03T22:48:01.691076-03:00","Action":"pass","Package":"golang.org/x/tools/internal/refactor/inline","Test":"TestGonCallerExecution/modern","Elapsed":0.32}
{"Time":"2026-10-03T22:48:01.691093-03:00","Action":"output","Package":"golang.org/x/tools/internal/refactor/inline","Test":"TestGonCallerExecution","Output":"--- PASS: TestGonCallerExecution (1.62s)\n","OutputType":"frame"}
{"Time":"2026-10-03T22:48:01.691104-03:00","Action":"pass","Package":"golang.org/x/tools/internal/refactor/inline","Test":"TestGonCallerExecution","Elapsed":1.62}
{"Time":"2026-10-03T22:48:01.691115-03:00","Action":"run","Package":"golang.org/x/tools/internal/refactor/inline","Test":"TestGonOptionalCalleeWithoutMetadata"}
{"Time":"2026-10-03T22:48:01.691123-03:00","Action":"output","Package":"golang.org/x/tools/internal/refactor/inline","Test":"TestGonOptionalCalleeWithoutMetadata","Output":"=== RUN   TestGonOptionalCalleeWithoutMetadata\n","OutputType":"frame"}
{"Time":"2026-10-03T22:48:01.691135-03:00","Action":"output","Package":"golang.org/x/tools/internal/refactor/inline","Test":"TestGonOptionalCalleeWithoutMetadata","Output":"--- PASS: TestGonOptionalCalleeWithoutMetadata (0.00s)\n","OutputType":"frame"}
{"Time":"2026-10-03T22:48:01.691181-03:00","Action":"pass","Package":"golang.org/x/tools/internal/refactor/inline","Test":"TestGonOptionalCalleeWithoutMetadata","Elapsed":0}
{"Time":"2026-10-03T22:48:01.69119-03:00","Action":"run","Package":"golang.org/x/tools/internal/refactor/inline","Test":"TestBasics"}
{"Time":"2026-10-03T22:48:01.691197-03:00","Action":"output","Package":"golang.org/x/tools/internal/refactor/inline","Test":"TestBasics","Output":"=== RUN   TestBasics\n","OutputType":"frame"}
{"Time":"2026-10-03T22:48:01.691207-03:00","Action":"run","Package":"golang.org/x/tools/internal/refactor/inline","Test":"TestBasics/Basic"}
{"Time":"2026-10-03T22:48:01.691214-03:00","Action":"output","Package":"golang.org/x/tools/internal/refactor/inline","Test":"TestBasics/Basic","Output":"=== RUN   TestBasics/Basic\n","OutputType":"frame"}
{"Time":"2026-10-03T22:48:01.691243-03:00","Action":"output","Package":"golang.org/x/tools/internal/refactor/inline","Test":"TestBasics/Basic","Output":"    callee.go:126: analyzeCallee func p.f(x int) int @ callee.go:2:1\n"}
{"Time":"2026-10-03T22:48:01.691275-03:00","Action":"output","Package":"golang.org/x/tools/internal/refactor/inline","Test":"TestBasics/Basic","Output":"    callee.go:529: effects list = [0]\n"}
{"Time":"2026-10-03T22:48:01.691289-03:00","Action":"output","Package":"golang.org/x/tools/internal/refactor/inline","Test":"TestBasics/Basic","Output":"    falcon.go:189: falcon: emit type int۰0 int // \"int\"\n"}
{"Time":"2026-10-03T22:48:01.691602-03:00","Action":"output","Package":"golang.org/x/tools/internal/refactor/inline","Test":"TestBasics/Basic","Output":"    inline.go:108: inline f(0) @ caller.go:2:10\n"}
{"Time":"2026-10-03T22:48:01.691648-03:00","Action":"output","Package":"golang.org/x/tools/internal/refactor/inline","Test":"TestBasics/Basic","Output":"    inline.go:839: arg #0: 0 pure=true effects=false duplicable=true free=map[] type=untyped int\n"}
{"Time":"2026-10-03T22:48:01.691671-03:00","Action":"output","Package":"golang.org/x/tools/internal/refactor/inline","Test":"TestBasics/Basic","Output":"    inline.go:1985: falcon env: type int۰0 int\n"}
{"Time":"2026-10-03T22:48:01.691683-03:00","Action":"output","Package":"golang.org/x/tools/internal/refactor/inline","Test":"TestBasics/Basic","Output":"    inline.go:2000: falcon env: const x int۰0 = 0\n"}
{"Time":"2026-10-03T22:48:01.691692-03:00","Action":"output","Package":"golang.org/x/tools/internal/refactor/inline","Test":"TestBasics/Basic","Output":"    inline.go:1844: replacing parameter \"x\" by argument \"0\"\n"}
{"Time":"2026-10-03T22:48:01.691701-03:00","Action":"output","Package":"golang.org/x/tools/internal/refactor/inline","Test":"TestBasics/Basic","Output":"    inline.go:686: - replace id \"x\" @ #27 to \"0\"\n"}
{"Time":"2026-10-03T22:48:01.691708-03:00","Action":"output","Package":"golang.org/x/tools/internal/refactor/inline","Test":"TestBasics/Basic","Output":"    inline.go:2436: binding decl not needed: all parameters substituted\n"}
{"Time":"2026-10-03T22:48:01.691717-03:00","Action":"output","Package":"golang.org/x/tools/internal/refactor/inline","Test":"TestBasics/Basic","Output":"    inline.go:1075: strategy: reduce expr-context call to { return expr }\n"}
{"Time":"2026-10-03T22:48:01.691767-03:00","Action":"output","Package":"golang.org/x/tools/internal/refactor/inline","Test":"TestBasics/Basic","Output":"--- PASS: TestBasics/Basic (0.00s)\n","OutputType":"frame"}
{"Time":"2026-10-03T22:48:01.69178-03:00","Action":"pass","Package":"golang.org/x/tools/internal/refactor/inline","Test":"TestBasics/Basic","Elapsed":0}
{"Time":"2026-10-03T22:48:01.691788-03:00","Action":"run","Package":"golang.org/x/tools/internal/refactor/inline","Test":"TestBasics/Empty_body,_no_arg_effects."}
{"Time":"2026-10-03T22:48:01.691796-03:00","Action":"output","Package":"golang.org/x/tools/internal/refactor/inline","Test":"TestBasics/Empty_body,_no_arg_effects.","Output":"=== RUN   TestBasics/Empty_body,_no_arg_effects.\n","OutputType":"frame"}
{"Time":"2026-10-03T22:48:01.691837-03:00","Action":"output","Package":"golang.org/x/tools/internal/refactor/inline","Test":"TestBasics/Empty_body,_no_arg_effects.","Output":"    callee.go:126: analyzeCallee func p.f(x int, y int) @ callee.go:2:1\n"}
{"Time":"2026-10-03T22:48:01.691849-03:00","Action":"output","Package":"golang.org/x/tools/internal/refactor/inline","Test":"TestBasics/Empty_body,_no_arg_effects.","Output":"    callee.go:529: effects list = []\n"}
{"Time":"2026-10-03T22:48:01.691867-03:00","Action":"output","Package":"golang.org/x/tools/internal/refactor/inline","Test":"TestBasics/Empty_body,_no_arg_effects.","Output":"    falcon.go:189: falcon: emit type int۰0 int // \"int\"\n"}
{"Time":"2026-10-03T22:48:01.692037-03:00","Action":"output","Package":"golang.org/x/tools/internal/refactor/inline","Test":"TestBasics/Empty_body,_no_arg_effects.","Output":"    inline.go:108: inline f(1, 2) @ caller.go:2:13\n"}
{"Time":"2026-10-03T22:48:01.692049-03:00","Action":"output","Package":"golang.org/x/tools/internal/refactor/inline","Test":"TestBasics/Empty_body,_no_arg_effects.","Output":"    inline.go:657: multiple-assignment vars: map[]\n"}
{"Time":"2026-10-03T22:48:01.692064-03:00","Action":"output","Package":"golang.org/x/tools/internal/refactor/inline","Test":"TestBasics/Empty_body,_no_arg_effects.","Output":"    inline.go:839: arg #0: 1 pure=true effects=false duplicable=true free=map[] type=untyped int\n"}
{"Time":"2026-10-03T22:48:01.692075-03:00","Action":"output","Package":"golang.org/x/tools/internal/refactor/inline","Test":"TestBasics/Empty_body,_no_arg_effects.","Output":"    inline.go:839: arg #1: 2 pure=true effects=false duplicable=true free=map[] type=untyped int\n"}
{"Time":"2026-10-03T22:48:01.692083-03:00","Action":"output","Package":"golang.org/x/tools/internal/refactor/inline","Test":"TestBasics/Empty_body,_no_arg_effects.","Output":"    inline.go:1985: falcon env: type int۰0 int\n"}
{"Time":"2026-10-03T22:48:01.692092-03:00","Action":"output","Package":"golang.org/x/tools/internal/refactor/inline","Test":"TestBasics/Empty_body,_no_arg_effects.","Output":"    inline.go:2000: falcon env: const x int۰0 = 1\n"}
{"Time":"2026-10-03T22:48:01.692098-03:00","Action":"output","Package":"golang.org/x/tools/internal/refactor/inline","Test":"TestBasics/Empty_body,_no_arg_effects.","Output":"    inline.go:2000: falcon env: const y int۰0 = 2\n"}
{"Time":"2026-10-03T22:48:01.692105-03:00","Action":"output","Package":"golang.org/x/tools/internal/refactor/inline","Test":"TestBasics/Empty_body,_no_arg_effects.","Output":"    inline.go:1844: replacing parameter \"x\" by argument \"1\"\n"}
{"Time":"2026-10-03T22:48:01.69211-03:00","Action":"output","Package":"golang.org/x/tools/internal/refactor/inline","Test":"TestBasics/Empty_body,_no_arg_effects.","Output":"    inline.go:1844: replacing parameter \"y\" by argument \"2\"\n"}
{"Time":"2026-10-03T22:48:01.692117-03:00","Action":"output","Package":"golang.org/x/tools/internal/refactor/inline","Test":"TestBasics/Empty_body,_no_arg_effects.","Output":"    inline.go:2436: binding decl not needed: all parameters substituted\n"}
{"Time":"2026-10-03T22:48:01.692122-03:00","Action":"output","Package":"golang.org/x/tools/internal/refactor/inline","Test":"TestBasics/Empty_body,_no_arg_effects.","Output":"    inline.go:889: strategy: reduce call to empty body\n"}
{"Time":"2026-10-03T22:48:01.69216-03:00","Action":"output","Package":"golang.org/x/tools/internal/refactor/inline","Test":"TestBasics/Empty_body,_no_arg_effects.","Output":"--- PASS: TestBasics/Empty_body,_no_arg_effects. (0.00s)\n","OutputType":"frame"}
{"Time":"2026-10-03T22:48:01.692173-03:00","Action":"pass","Package":"golang.org/x/tools/internal/refactor/inline","Test":"TestBasics/Empty_body,_no_arg_effects.","Elapsed":0}
{"Time":"2026-10-03T22:48:01.692181-03:00","Action":"run","Package":"golang.org/x/tools/internal/refactor/inline","Test":"TestBasics/Empty_body,_some_arg_effects."}
{"Time":"2026-10-03T22:48:01.692187-03:00","Action":"output","Package":"golang.org/x/tools/internal/refactor/inline","Test":"TestBasics/Empty_body,_some_arg_effects.","Output":"=== RUN   TestBasics/Empty_body,_some_arg_effects.\n","OutputType":"frame"}
{"Time":"2026-10-03T22:48:01.692226-03:00","Action":"output","Package":"golang.org/x/tools/internal/refactor/inline","Test":"TestBasics/Empty_body,_some_arg_effects.","Output":"    callee.go:126: analyzeCallee func p.f(x int, y int, z int) @ callee.go:2:1\n"}
{"Time":"2026-10-03T22:48:01.692237-03:00","Action":"output","Package":"golang.org/x/tools/internal/refactor/inline","Test":"TestBasics/Empty_body,_some_arg_effects.","Output":"    callee.go:529: effects list = []\n"}
{"Time":"2026-10-03T22:48:01.692244-03:00","Action":"output","Package":"golang.org/x/tools/internal/refactor/inline","Test":"TestBasics/Empty_body,_some_arg_effects.","Output":"    falcon.go:189: falcon: emit type int۰0 int // \"int\"\n"}
{"Time":"2026-10-03T22:48:01.6926-03:00","Action":"output","Package":"golang.org/x/tools/internal/refactor/inline","Test":"TestBasics/Empty_body,_some_arg_effects.","Output":"    inline.go:108: inline f(1, recover().(int), 3) @ caller.go:2:13\n"}
{"Time":"2026-10-03T22:48:01.692623-03:00","Action":"output","Package":"golang.org/x/tools/internal/refactor/inline","Test":"TestBasics/Empty_body,_some_arg_effects.","Output":"    inline.go:657: multiple-assignment vars: map[]\n"}
{"Time":"2026-10-03T22:48:01.692645-03:00","Action":"output","Package":"golang.org/x/tools/internal/refactor/inline","Test":"TestBasics/Empty_body,_some_arg_effects.","Output":"    inline.go:839: arg #0: 1 pure=true effects=false duplicable=true free=map[] type=untyped int\n"}
{"Time":"2026-10-03T22:48:01.692655-03:00","Action":"output","Package":"golang.org/x/tools/internal/refactor/inline","Test":"TestBasics/Empty_body,_some_arg_effects.","Output":"    inline.go:839: arg #1: recover().(int) pure=false effects=true duplicable=false free=map[int:true recover:true] type=int\n"}
{"Time":"2026-10-03T22:48:01.692664-03:00","Action":"output","Package":"golang.org/x/tools/internal/refactor/inline","Test":"TestBasics/Empty_body,_some_arg_effects.","Output":"    inline.go:839: arg #2: 3 pure=true effects=false duplicable=true free=map[] type=untyped int\n"}
{"Time":"2026-10-03T22:48:01.692674-03:00","Action":"output","Package":"golang.org/x/tools/internal/refactor/inline","Test":"TestBasics/Empty_body,_some_arg_effects.","Output":"    inline.go:1689: keeping param \"y\": though unreferenced, it has effects\n"}
{"Time":"2026-10-03T22:48:01.692689-03:00","Action":"output","Package":"golang.org/x/tools/internal/refactor/inline","Test":"TestBasics/Empty_body,_some_arg_effects.","Output":"    inline.go:1985: falcon env: type int۰0 int\n"}
{"Time":"2026-10-03T22:48:01.692698-03:00","Action":"output","Package":"golang.org/x/tools/internal/refactor/inline","Test":"TestBasics/Empty_body,_some_arg_effects.","Output":"    inline.go:2000: falcon env: const x int۰0 = 1\n"}
{"Time":"2026-10-03T22:48:01.692709-03:00","Action":"output","Package":"golang.org/x/tools/internal/refactor/inline","Test":"TestBasics/Empty_body,_some_arg_effects.","Output":"    inline.go:2006: falcon env: var y int\n"}
{"Time":"2026-10-03T22:48:01.692715-03:00","Action":"output","Package":"golang.org/x/tools/internal/refactor/inline","Test":"TestBasics/Empty_body,_some_arg_effects.","Output":"    inline.go:2000: falcon env: const z int۰0 = 3\n"}
{"Time":"2026-10-03T22:48:01.692721-03:00","Action":"output","Package":"golang.org/x/tools/internal/refactor/inline","Test":"TestBasics/Empty_body,_some_arg_effects.","Output":"    inline.go:1844: replacing parameter \"x\" by argument \"1\"\n"}
{"Time":"2026-10-03T22:48:01.692728-03:00","Action":"output","Package":"golang.org/x/tools/internal/refactor/inline","Test":"TestBasics/Empty_body,_some_arg_effects.","Output":"    inline.go:1844: replacing parameter \"z\" by argument \"3\"\n"}
{"Time":"2026-10-03T22:48:01.692735-03:00","Action":"output","Package":"golang.org/x/tools/internal/refactor/inline","Test":"TestBasics/Empty_body,_some_arg_effects.","Output":"    inline.go:2446: binding decl: var _ int = recover().(int)\n"}
{"Time":"2026-10-03T22:48:01.692745-03:00","Action":"output","Package":"golang.org/x/tools/internal/refactor/inline","Test":"TestBasics/Empty_body,_some_arg_effects.","Output":"    inline.go:889: strategy: reduce call to empty body\n"}
{"Time":"2026-10-03T22:48:01.692812-03:00","Action":"output","Package":"golang.org/x/tools/internal/refactor/inline","Test":"TestBasics/Empty_body,_some_arg_effects.","Output":"--- PASS: TestBasics/Empty_body,_some_arg_effects. (0.00s)\n","OutputType":"frame"}
{"Time":"2026-10-03T22:48:01.692823-03:00","Action":"pass","Package":"golang.org/x/tools/internal/refactor/inline","Test":"TestBasics/Empty_body,_some_arg_effects.","Elapsed":0}
{"Time":"2026-10-03T22:48:01.692833-03:00","Action":"run","Package":"golang.org/x/tools/internal/refactor/inline","Test":"TestBasics/Non-duplicable_arguments_are_not_substituted_even_if_pure."}
{"Time":"2026-10-03T22:48:01.692839-03:00","Action":"output","Package":"golang.org/x/tools/internal/refactor/inline","Test":"TestBasics/Non-duplicable_arguments_are_not_substituted_even_if_pure.","Output":"=== RUN   TestBasics/Non-duplicable_arguments_are_not_substituted_even_if_pure.\n","OutputType":"frame"}
{"Time":"2026-10-03T22:48:01.692901-03:00","Action":"output","Package":"golang.org/x/tools/internal/refactor/inline","Test":"TestBasics/Non-duplicable_arguments_are_not_substituted_even_if_pure.","Output":"    callee.go:126: analyzeCallee func p.f(s string, i int) @ callee.go:2:1\n"}
{"Time":"2026-10-03T22:48:01.69293-03:00","Action":"output","Package":"golang.org/x/tools/internal/refactor/inline","Test":"TestBasics/Non-duplicable_arguments_are_not_substituted_even_if_pure.","Output":"    callee.go:529: effects list = [0 1 -2]\n"}
{"Time":"2026-10-03T22:48:01.692939-03:00","Action":"output","Package":"golang.org/x/tools/internal/refactor/inline","Test":"TestBasics/Non-duplicable_arguments_are_not_substituted_even_if_pure.","Output":"    falcon.go:189: falcon: emit type int۰0 int // \"int\"\n"}
{"Time":"2026-10-03T22:48:01.692946-03:00","Action":"output","Package":"golang.org/x/tools/internal/refactor/inline","Test":"TestBasics/Non-duplicable_arguments_are_not_substituted_even_if_pure.","Output":"    falcon.go:189: falcon: emit type string۰1 string // \"string\"\n"}
{"Time":"2026-10-03T22:48:01.693153-03:00","Action":"output","Package":"golang.org/x/tools/internal/refactor/inline","Test":"TestBasics/Non-duplicable_arguments_are_not_substituted_even_if_pure.","Output":"    inline.go:108: inline f(\"hi\", 0) @ caller.go:2:13\n"}
{"Time":"2026-10-03T22:48:01.693162-03:00","Action":"output","Package":"golang.org/x/tools/internal/refactor/inline","Test":"TestBasics/Non-duplicable_arguments_are_not_substituted_even_if_pure.","Output":"    inline.go:657: multiple-assignment vars: map[]\n"}
{"Time":"2026-10-03T22:48:01.693181-03:00","Action":"output","Package":"golang.org/x/tools/internal/refactor/inline","Test":"TestBasics/Non-duplicable_arguments_are_not_substituted_even_if_pure.","Output":"    inline.go:839: arg #0: \"hi\" pure=true effects=false duplicable=false free=map[] type=untyped string\n"}
{"Time":"2026-10-03T22:48:01.693188-03:00","Action":"output","Package":"golang.org/x/tools/internal/refactor/inline","Test":"TestBasics/Non-duplicable_arguments_are_not_substituted_even_if_pure.","Output":"    inline.go:839: arg #1: 0 pure=true effects=false duplicable=true free=map[] type=untyped int\n"}
{"Time":"2026-10-03T22:48:01.693194-03:00","Action":"output","Package":"golang.org/x/tools/internal/refactor/inline","Test":"TestBasics/Non-duplicable_arguments_are_not_substituted_even_if_pure.","Output":"    inline.go:1684: keeping param \"s\": argument is not duplicable\n"}
{"Time":"2026-10-03T22:48:01.6932-03:00","Action":"output","Package":"golang.org/x/tools/internal/refactor/inline","Test":"TestBasics/Non-duplicable_arguments_are_not_substituted_even_if_pure.","Output":"    inline.go:1985: falcon env: type int۰0 int\n"}
{"Time":"2026-10-03T22:48:01.693206-03:00","Action":"output","Package":"golang.org/x/tools/internal/refactor/inline","Test":"TestBasics/Non-duplicable_arguments_are_not_substituted_even_if_pure.","Output":"    inline.go:1985: falcon env: type string۰1 string\n"}
{"Time":"2026-10-03T22:48:01.693211-03:00","Action":"output","Package":"golang.org/x/tools/internal/refactor/inline","Test":"TestBasics/Non-duplicable_arguments_are_not_substituted_even_if_pure.","Output":"    inline.go:2006: falcon env: var s untyped string\n"}
{"Time":"2026-10-03T22:48:01.693217-03:00","Action":"output","Package":"golang.org/x/tools/internal/refactor/inline","Test":"TestBasics/Non-duplicable_arguments_are_not_substituted_even_if_pure.","Output":"    inline.go:2000: falcon env: const i int۰0 = 0\n"}
{"Time":"2026-10-03T22:48:01.693223-03:00","Action":"output","Package":"golang.org/x/tools/internal/refactor/inline","Test":"TestBasics/Non-duplicable_arguments_are_not_substituted_even_if_pure.","Output":"    inline.go:1844: replacing parameter \"i\" by argument \"0\"\n"}
{"Time":"2026-10-03T22:48:01.693229-03:00","Action":"output","Package":"golang.org/x/tools/internal/refactor/inline","Test":"TestBasics/Non-duplicable_arguments_are_not_substituted_even_if_pure.","Output":"    inline.go:686: - replace id \"i\" @ #38 to \"0\"\n"}
{"Time":"2026-10-03T22:48:01.69324-03:00","Action":"output","Package":"golang.org/x/tools/internal/refactor/inline","Test":"TestBasics/Non-duplicable_arguments_are_not_substituted_even_if_pure.","Output":"    inline.go:686: - replace id \"i\" @ #41 to \"0\"\n"}
{"Time":"2026-10-03T22:48:01.693256-03:00","Action":"output","Package":"golang.org/x/tools/internal/refactor/inline","Test":"TestBasics/Non-duplicable_arguments_are_not_substituted_even_if_pure.","Output":"    inline.go:2446: binding decl: var s string = \"hi\"\n"}
{"Time":"2026-10-03T22:48:01.693263-03:00","Action":"output","Package":"golang.org/x/tools/internal/refactor/inline","Test":"TestBasics/Non-duplicable_arguments_are_not_substituted_even_if_pure.","Output":"    inline.go:1200: strategy: reduce stmt-context call to { stmts }\n"}
{"Time":"2026-10-03T22:48:01.693322-03:00","Action":"output","Package":"golang.org/x/tools/internal/refactor/inline","Test":"TestBasics/Non-duplicable_arguments_are_not_substituted_even_if_pure.","Output":"--- PASS: TestBasics/Non-duplicable_arguments_are_not_substituted_even_if_pure. (0.00s)\n","OutputType":"frame"}
{"Time":"2026-10-03T22:48:01.69333-03:00","Action":"pass","Package":"golang.org/x/tools/internal/refactor/inline","Test":"TestBasics/Non-duplicable_arguments_are_not_substituted_even_if_pure.","Elapsed":0}
{"Time":"2026-10-03T22:48:01.693337-03:00","Action":"run","Package":"golang.org/x/tools/internal/refactor/inline","Test":"TestBasics/Workaround_for_T(x)_misformatting_(#63362)."}
{"Time":"2026-10-03T22:48:01.693342-03:00","Action":"output","Package":"golang.org/x/tools/internal/refactor/inline","Test":"TestBasics/Workaround_for_T(x)_misformatting_(#63362).","Output":"=== RUN   TestBasics/Workaround_for_T(x)_misformatting_(#63362).\n","OutputType":"frame"}
{"Time":"2026-10-03T22:48:01.69338-03:00","Action":"output","Package":"golang.org/x/tools/internal/refactor/inline","Test":"TestBasics/Workaround_for_T(x)_misformatting_(#63362).","Output":"    callee.go:126: analyzeCallee func p.f(ch \u003c-chan int) @ callee.go:2:1\n"}
{"Time":"2026-10-03T22:48:01.69339-03:00","Action":"output","Package":"golang.org/x/tools/internal/refactor/inline","Test":"TestBasics/Workaround_for_T(x)_misformatting_(#63362).","Output":"    callee.go:529: effects list = [0 -2]\n"}
{"Time":"2026-10-03T22:48:01.693398-03:00","Action":"output","Package":"golang.org/x/tools/internal/refactor/inline","Test":"TestBasics/Workaround_for_T(x)_misformatting_(#63362).","Output":"    falcon.go:189: falcon: emit type int۰0 int // \"int\"\n"}
{"Time":"2026-10-03T22:48:01.69354-03:00","Action":"output","Package":"golang.org/x/tools/internal/refactor/inline","Test":"TestBasics/Workaround_for_T(x)_misformatting_(#63362).","Output":"    inline.go:108: inline f(ch) @ caller.go:2:24\n"}
{"Time":"2026-10-03T22:48:01.693548-03:00","Action":"output","Package":"golang.org/x/tools/internal/refactor/inline","Test":"TestBasics/Workaround_for_T(x)_misformatting_(#63362).","Output":"    inline.go:657: multiple-assignment vars: map[]\n"}
{"Time":"2026-10-03T22:48:01.693559-03:00","Action":"output","Package":"golang.org/x/tools/internal/refactor/inline","Test":"TestBasics/Workaround_for_T(x)_misformatting_(#63362).","Output":"    inline.go:839: arg #0: ch pure=true effects=false duplicable=true free=map[ch:true] type=chan int\n"}
{"Time":"2026-10-03T22:48:01.693567-03:00","Action":"output","Package":"golang.org/x/tools/internal/refactor/inline","Test":"TestBasics/Workaround_for_T(x)_misformatting_(#63362).","Output":"    inline.go:1985: falcon env: type int۰0 int\n"}
{"Time":"2026-10-03T22:48:01.693573-03:00","Action":"output","Package":"golang.org/x/tools/internal/refactor/inline","Test":"TestBasics/Workaround_for_T(x)_misformatting_(#63362).","Output":"    inline.go:2006: falcon env: var ch chan int\n"}
{"Time":"2026-10-03T22:48:01.693579-03:00","Action":"output","Package":"golang.org/x/tools/internal/refactor/inline","Test":"TestBasics/Workaround_for_T(x)_misformatting_(#63362).","Output":"    inline.go:1844: replacing parameter \"ch\" by argument \"ch\"\n"}
{"Time":"2026-10-03T22:48:01.693585-03:00","Action":"output","Package":"golang.org/x/tools/internal/refactor/inline","Test":"TestBasics/Workaround_for_T(x)_misformatting_(#63362).","Output":"    inline.go:1913: param \"ch\" (offset 26): adding explicit chan int -\u003e \u003c-chan int conversion around argument\n"}
{"Time":"2026-10-03T22:48:01.6936-03:00","Action":"output","Package":"golang.org/x/tools/internal/refactor/inline","Test":"TestBasics/Workaround_for_T(x)_misformatting_(#63362).","Output":"    inline.go:686: - replace id \"ch\" @ #26 to \"(\u003c-chan int)(ch)\"\n"}
{"Time":"2026-10-03T22:48:01.693607-03:00","Action":"output","Package":"golang.org/x/tools/internal/refactor/inline","Test":"TestBasics/Workaround_for_T(x)_misformatting_(#63362).","Output":"    inline.go:2436: binding decl not needed: all parameters substituted\n"}
{"Time":"2026-10-03T22:48:01.693618-03:00","Action":"output","Package":"golang.org/x/tools/internal/refactor/inline","Test":"TestBasics/Workaround_for_T(x)_misformatting_(#63362).","Output":"    inline.go:1200: strategy: reduce stmt-context call to { stmts }\n"}
{"Time":"2026-10-03T22:48:01.693671-03:00","Action":"output","Package":"golang.org/x/tools/internal/refactor/inline","Test":"TestBasics/Workaround_for_T(x)_misformatting_(#63362).","Output":"--- PASS: TestBasics/Workaround_for_T(x)_misformatting_(#63362). (0.00s)\n","OutputType":"frame"}
{"Time":"2026-10-03T22:48:01.693679-03:00","Action":"pass","Package":"golang.org/x/tools/internal/refactor/inline","Test":"TestBasics/Workaround_for_T(x)_misformatting_(#63362).","Elapsed":0}
{"Time":"2026-10-03T22:48:01.693686-03:00","Action":"run","Package":"golang.org/x/tools/internal/refactor/inline","Test":"TestBasics/In_block_elision,_blank_decls_don't_count_when_computing_name_conflicts."}
{"Time":"2026-10-03T22:48:01.69369-03:00","Action":"output","Package":"golang.org/x/tools/internal/refactor/inline","Test":"TestBasics/In_block_elision,_blank_decls_don't_count_when_computing_name_conflicts.","Output":"=== RUN   TestBasics/In_block_elision,_blank_decls_don't_count_when_computing_name_conflicts.\n","OutputType":"frame"}
{"Time":"2026-10-03T22:48:01.693709-03:00","Action":"output","Package":"golang.org/x/tools/internal/refactor/inline","Test":"TestBasics/In_block_elision,_blank_decls_don't_count_when_computing_name_conflicts.","Output":"    callee.go:126: analyzeCallee func p.f(x int) @ callee.go:2:1\n"}
{"Time":"2026-10-03T22:48:01.693725-03:00","Action":"output","Package":"golang.org/x/tools/internal/refactor/inline","Test":"TestBasics/In_block_elision,_blank_decls_don't_count_when_computing_name_conflicts.","Output":"    callee.go:529: effects list = [0]\n"}
{"Time":"2026-10-03T22:48:01.693734-03:00","Action":"output","Package":"golang.org/x/tools/internal/refactor/inline","Test":"TestBasics/In_block_elision,_blank_decls_don't_count_when_computing_name_conflicts.","Output":"    falcon.go:189: falcon: emit type int۰0 int // \"int\"\n"}
{"Time":"2026-10-03T22:48:01.69386-03:00","Action":"output","Package":"golang.org/x/tools/internal/refactor/inline","Test":"TestBasics/In_block_elision,_blank_decls_don't_count_when_computing_name_conflicts.","Output":"    inline.go:108: inline f(2) @ caller.go:2:24\n"}
{"Time":"2026-10-03T22:48:01.69387-03:00","Action":"output","Package":"golang.org/x/tools/internal/refactor/inline","Test":"TestBasics/In_block_elision,_blank_decls_don't_count_when_computing_name_conflicts.","Output":"    inline.go:657: multiple-assignment vars: map[]\n"}
{"Time":"2026-10-03T22:48:01.693878-03:00","Action":"output","Package":"golang.org/x/tools/internal/refactor/inline","Test":"TestBasics/In_block_elision,_blank_decls_don't_count_when_computing_name_conflicts.","Output":"    inline.go:839: arg #0: 2 pure=true effects=false duplicable=true free=map[] type=untyped int\n"}
{"Time":"2026-10-03T22:48:01.6939-03:00","Action":"output","Package":"golang.org/x/tools/internal/refactor/inline","Test":"TestBasics/In_block_elision,_blank_decls_don't_count_when_computing_name_conflicts.","Output":"    inline.go:1985: falcon env: type int۰0 int\n"}
{"Time":"2026-10-03T22:48:01.693905-03:00","Action":"output","Package":"golang.org/x/tools/internal/refactor/inline","Test":"TestBasics/In_block_elision,_blank_decls_don't_count_when_computing_name_conflicts.","Output":"    inline.go:2000: falcon env: const x int۰0 = 2\n"}
{"Time":"2026-10-03T22:48:01.69391-03:00","Action":"output","Package":"golang.org/x/tools/internal/refactor/inline","Test":"TestBasics/In_block_elision,_blank_decls_don't_count_when_computing_name_conflicts.","Output":"    inline.go:1844: replacing parameter \"x\" by argument \"2\"\n"}
{"Time":"2026-10-03T22:48:01.693917-03:00","Action":"output","Package":"golang.org/x/tools/internal/refactor/inline","Test":"TestBasics/In_block_elision,_blank_decls_don't_count_when_computing_name_conflicts.","Output":"    inline.go:686: - replace id \"x\" @ #24 to \"2\"\n"}
{"Time":"2026-10-03T22:48:01.693923-03:00","Action":"output","Package":"golang.org/x/tools/internal/refactor/inline","Test":"TestBasics/In_block_elision,_blank_decls_don't_count_when_computing_name_conflicts.","Output":"    inline.go:2436: binding decl not needed: all parameters substituted\n"}
{"Time":"2026-10-03T22:48:01.693929-03:00","Action":"output","Package":"golang.org/x/tools/internal/refactor/inline","Test":"TestBasics/In_block_elision,_blank_decls_don't_count_when_computing_name_conflicts.","Output":"    inline.go:1200: strategy: reduce stmt-context call to { stmts }\n"}
{"Time":"2026-10-03T22:48:01.693969-03:00","Action":"output","Package":"golang.org/x/tools/internal/refactor/inline","Test":"TestBasics/In_block_elision,_blank_decls_don't_count_when_computing_name_conflicts.","Output":"--- PASS: TestBasics/In_block_elision,_blank_decls_don't_count_when_computing_name_conflicts. (0.00s)\n","OutputType":"frame"}
{"Time":"2026-10-03T22:48:01.693981-03:00","Action":"pass","Package":"golang.org/x/tools/internal/refactor/inline","Test":"TestBasics/In_block_elision,_blank_decls_don't_count_when_computing_name_conflicts.","Elapsed":0}
{"Time":"2026-10-03T22:48:01.693988-03:00","Action":"run","Package":"golang.org/x/tools/internal/refactor/inline","Test":"TestBasics/Implicit_return_conversions_are_inserted_in_expr-context_reduction."}
{"Time":"2026-10-03T22:48:01.693992-03:00","Action":"output","Package":"golang.org/x/tools/internal/refactor/inline","Test":"TestBasics/Implicit_return_conversions_are_inserted_in_expr-context_reduction.","Output":"=== RUN   TestBasics/Implicit_return_conversions_are_inserted_in_expr-context_reduction.\n","OutputType":"frame"}
{"Time":"2026-10-03T22:48:01.694051-03:00","Action":"output","Package":"golang.org/x/tools/internal/refactor/inline","Test":"TestBasics/Implicit_return_conversions_are_inserted_in_expr-context_reduction.","Output":"    callee.go:126: analyzeCallee func p.f(x int) error @ callee.go:2:1\n"}
{"Time":"2026-10-03T22:48:01.694059-03:00","Action":"output","Package":"golang.org/x/tools/internal/refactor/inline","Test":"TestBasics/Implicit_return_conversions_are_inserted_in_expr-context_reduction.","Output":"    callee.go:529: effects list = []\n"}
{"Time":"2026-10-03T22:48:01.694067-03:00","Action":"output","Package":"golang.org/x/tools/internal/refactor/inline","Test":"TestBasics/Implicit_return_conversions_are_inserted_in_expr-context_reduction.","Output":"    falcon.go:189: falcon: emit type int۰0 int // \"int\"\n"}
{"Time":"2026-10-03T22:48:01.694244-03:00","Action":"output","Package":"golang.org/x/tools/internal/refactor/inline","Test":"TestBasics/Implicit_return_conversions_are_inserted_in_expr-context_reduction.","Output":"    inline.go:108: inline f(0) @ caller.go:2:23\n"}
{"Time":"2026-10-03T22:48:01.694252-03:00","Action":"output","Package":"golang.org/x/tools/internal/refactor/inline","Test":"TestBasics/Implicit_return_conversions_are_inserted_in_expr-context_reduction.","Output":"    inline.go:657: multiple-assignment vars: map[]\n"}
{"Time":"2026-10-03T22:48:01.694267-03:00","Action":"output","Package":"golang.org/x/tools/internal/refactor/inline","Test":"TestBasics/Implicit_return_conversions_are_inserted_in_expr-context_reduction.","Output":"    inline.go:839: arg #0: 0 pure=true effects=false duplicable=true free=map[] type=untyped int\n"}
{"Time":"2026-10-03T22:48:01.694274-03:00","Action":"output","Package":"golang.org/x/tools/internal/refactor/inline","Test":"TestBasics/Implicit_return_conversions_are_inserted_in_expr-context_reduction.","Output":"    inline.go:1985: falcon env: type int۰0 int\n"}
{"Time":"2026-10-03T22:48:01.694281-03:00","Action":"output","Package":"golang.org/x/tools/internal/refactor/inline","Test":"TestBasics/Implicit_return_conversions_are_inserted_in_expr-context_reduction.","Output":"    inline.go:2000: falcon env: const x int۰0 = 0\n"}
{"Time":"2026-10-03T22:48:01.694286-03:00","Action":"output","Package":"golang.org/x/tools/internal/refactor/inline","Test":"TestBasics/Implicit_return_conversions_are_inserted_in_expr-context_reduction.","Output":"    inline.go:1844: replacing parameter \"x\" by argument \"0\"\n"}
{"Time":"2026-10-03T22:48:01.694292-03:00","Action":"output","Package":"golang.org/x/tools/internal/refactor/inline","Test":"TestBasics/Implicit_return_conversions_are_inserted_in_expr-context_reduction.","Output":"    inline.go:2436: binding decl not needed: all parameters substituted\n"}
{"Time":"2026-10-03T22:48:01.694298-03:00","Action":"output","Package":"golang.org/x/tools/internal/refactor/inline","Test":"TestBasics/Implicit_return_conversions_are_inserted_in_expr-context_reduction.","Output":"    inline.go:1075: strategy: reduce expr-context call to { return expr }\n"}
{"Time":"2026-10-03T22:48:01.694352-03:00","Action":"output","Package":"golang.org/x/tools/internal/refactor/inline","Test":"TestBasics/Implicit_return_conversions_are_inserted_in_expr-context_reduction.","Output":"--- PASS: TestBasics/Implicit_return_conversions_are_inserted_in_expr-context_reduction. (0.00s)\n","OutputType":"frame"}
{"Time":"2026-10-03T22:48:01.69436-03:00","Action":"pass","Package":"golang.org/x/tools/internal/refactor/inline","Test":"TestBasics/Implicit_return_conversions_are_inserted_in_expr-context_reduction.","Elapsed":0}
{"Time":"2026-10-03T22:48:01.694367-03:00","Action":"run","Package":"golang.org/x/tools/internal/refactor/inline","Test":"TestBasics/Explicit_type_parameters."}
{"Time":"2026-10-03T22:48:01.694371-03:00","Action":"output","Package":"golang.org/x/tools/internal/refactor/inline","Test":"TestBasics/Explicit_type_parameters.","Output":"=== RUN   TestBasics/Explicit_type_parameters.\n","OutputType":"frame"}
{"Time":"2026-10-03T22:48:01.694477-03:00","Action":"output","Package":"golang.org/x/tools/internal/refactor/inline","Test":"TestBasics/Explicit_type_parameters.","Output":"    callee.go:126: analyzeCallee func p.f[T any](x T) T @ callee.go:2:1\n"}
{"Time":"2026-10-03T22:48:01.694497-03:00","Action":"output","Package":"golang.org/x/tools/internal/refactor/inline","Test":"TestBasics/Explicit_type_parameters.","Output":"    callee.go:529: effects list = [0]\n"}
{"Time":"2026-10-03T22:48:01.694504-03:00","Action":"output","Package":"golang.org/x/tools/internal/refactor/inline","Test":"TestBasics/Explicit_type_parameters.","Output":"    falcon.go:189: falcon: emit type int۰0 int // \"int\"\n"}
{"Time":"2026-10-03T22:48:01.694693-03:00","Action":"output","Package":"golang.org/x/tools/internal/refactor/inline","Test":"TestBasics/Explicit_type_parameters.","Output":"    inline.go:108: inline f[int](0) @ caller.go:2:15\n"}
{"Time":"2026-10-03T22:48:01.694711-03:00","Action":"output","Package":"golang.org/x/tools/internal/refactor/inline","Test":"TestBasics/Explicit_type_parameters.","Output":"    inline.go:1579: replacing type param T with int\n"}
{"Time":"2026-10-03T22:48:01.694718-03:00","Action":"output","Package":"golang.org/x/tools/internal/refactor/inline","Test":"TestBasics/Explicit_type_parameters.","Output":"    inline.go:686: - replace id \"T\" @ #16 to \"int\"\n"}
{"Time":"2026-10-03T22:48:01.694729-03:00","Action":"output","Package":"golang.org/x/tools/internal/refactor/inline","Test":"TestBasics/Explicit_type_parameters.","Output":"    inline.go:686: - replace id \"T\" @ #19 to \"int\"\n"}
{"Time":"2026-10-03T22:48:01.694741-03:00","Action":"output","Package":"golang.org/x/tools/internal/refactor/inline","Test":"TestBasics/Explicit_type_parameters.","Output":"    inline.go:839: arg #0: 0 pure=true effects=false duplicable=true free=map[] type=untyped int\n"}
{"Time":"2026-10-03T22:48:01.694748-03:00","Action":"output","Package":"golang.org/x/tools/internal/refactor/inline","Test":"TestBasics/Explicit_type_parameters.","Output":"    inline.go:1985: falcon env: type int۰0 int\n"}
{"Time":"2026-10-03T22:48:01.694754-03:00","Action":"output","Package":"golang.org/x/tools/internal/refactor/inline","Test":"TestBasics/Explicit_type_parameters.","Output":"    inline.go:2006: falcon env: var x untyped int\n"}
{"Time":"2026-10-03T22:48:01.69476-03:00","Action":"output","Package":"golang.org/x/tools/internal/refactor/inline","Test":"TestBasics/Explicit_type_parameters.","Output":"    inline.go:1844: replacing parameter \"x\" by argument \"0\"\n"}
{"Time":"2026-10-03T22:48:01.694772-03:00","Action":"output","Package":"golang.org/x/tools/internal/refactor/inline","Test":"TestBasics/Explicit_type_parameters.","Output":"    inline.go:1913: param \"x\" (offset 30): adding explicit untyped int -\u003e T conversion around argument\n"}
{"Time":"2026-10-03T22:48:01.694781-03:00","Action":"output","Package":"golang.org/x/tools/internal/refactor/inline","Test":"TestBasics/Explicit_type_parameters.","Output":"    inline.go:686: - replace id \"x\" @ #30 to \"int(0)\"\n"}
{"Time":"2026-10-03T22:48:01.694787-03:00","Action":"output","Package":"golang.org/x/tools/internal/refactor/inline","Test":"TestBasics/Explicit_type_parameters.","Output":"    inline.go:2436: binding decl not needed: all parameters substituted\n"}
{"Time":"2026-10-03T22:48:01.694807-03:00","Action":"output","Package":"golang.org/x/tools/internal/refactor/inline","Test":"TestBasics/Explicit_type_parameters.","Output":"    inline.go:1075: strategy: reduce expr-context call to { return expr }\n"}
{"Time":"2026-10-03T22:48:01.694852-03:00","Action":"output","Package":"golang.org/x/tools/internal/refactor/inline","Test":"TestBasics/Explicit_type_parameters.","Output":"--- PASS: TestBasics/Explicit_type_parameters. (0.00s)\n","OutputType":"frame"}
{"Time":"2026-10-03T22:48:01.69486-03:00","Action":"pass","Package":"golang.org/x/tools/internal/refactor/inline","Test":"TestBasics/Explicit_type_parameters.","Elapsed":0}
{"Time":"2026-10-03T22:48:01.694865-03:00","Action":"output","Package":"golang.org/x/tools/internal/refactor/inline","Test":"TestBasics","Output":"--- PASS: TestBasics (0.00s)\n","OutputType":"frame"}
{"Time":"2026-10-03T22:48:01.694871-03:00","Action":"pass","Package":"golang.org/x/tools/internal/refactor/inline","Test":"TestBasics","Elapsed":0}
{"Time":"2026-10-03T22:48:01.694876-03:00","Action":"run","Package":"golang.org/x/tools/internal/refactor/inline","Test":"TestPrecedenceParens"}
{"Time":"2026-10-03T22:48:01.694881-03:00","Action":"output","Package":"golang.org/x/tools/internal/refactor/inline","Test":"TestPrecedenceParens","Output":"=== RUN   TestPrecedenceParens\n","OutputType":"frame"}
{"Time":"2026-10-03T22:48:01.694886-03:00","Action":"run","Package":"golang.org/x/tools/internal/refactor/inline","Test":"TestPrecedenceParens/Multiplication_in_addition_context_(no_parens)."}
{"Time":"2026-10-03T22:48:01.694891-03:00","Action":"output","Package":"golang.org/x/tools/internal/refactor/inline","Test":"TestPrecedenceParens/Multiplication_in_addition_context_(no_parens).","Output":"=== RUN   TestPrecedenceParens/Multiplication_in_addition_context_(no_parens).\n","OutputType":"frame"}
{"Time":"2026-10-03T22:48:01.694939-03:00","Action":"output","Package":"golang.org/x/tools/internal/refactor/inline","Test":"TestPrecedenceParens/Multiplication_in_addition_context_(no_parens).","Output":"    callee.go:126: analyzeCallee func p.f(x int, y int) int @ callee.go:2:1\n"}
{"Time":"2026-10-03T22:48:01.694956-03:00","Action":"output","Package":"golang.org/x/tools/internal/refactor/inline","Test":"TestPrecedenceParens/Multiplication_in_addition_context_(no_parens).","Output":"    callee.go:529: effects list = [0 1]\n"}
{"Time":"2026-10-03T22:48:01.694963-03:00","Action":"output","Package":"golang.org/x/tools/internal/refactor/inline","Test":"TestPrecedenceParens/Multiplication_in_addition_context_(no_parens).","Output":"    falcon.go:189: falcon: emit type int۰0 int // \"int\"\n"}
{"Time":"2026-10-03T22:48:01.69498-03:00","Action":"output","Package":"golang.org/x/tools/internal/refactor/inline","Test":"TestPrecedenceParens/Multiplication_in_addition_context_(no_parens).","Output":"    falcon.go:210: falcon: emit constraint x * y\n"}
{"Time":"2026-10-03T22:48:01.695152-03:00","Action":"output","Package":"golang.org/x/tools/internal/refactor/inline","Test":"TestPrecedenceParens/Multiplication_in_addition_context_(no_parens).","Output":"    inline.go:108: inline f(2, 3) @ caller.go:2:21\n"}
{"Time":"2026-10-03T22:48:01.695161-03:00","Action":"output","Package":"golang.org/x/tools/internal/refactor/inline","Test":"TestPrecedenceParens/Multiplication_in_addition_context_(no_parens).","Output":"    inline.go:657: multiple-assignment vars: map[]\n"}
{"Time":"2026-10-03T22:48:01.695181-03:00","Action":"output","Package":"golang.org/x/tools/internal/refactor/inline","Test":"TestPrecedenceParens/Multiplication_in_addition_context_(no_parens).","Output":"    inline.go:839: arg #0: 2 pure=true effects=false duplicable=true free=map[] type=untyped int\n"}
{"Time":"2026-10-03T22:48:01.695188-03:00","Action":"output","Package":"golang.org/x/tools/internal/refactor/inline","Test":"TestPrecedenceParens/Multiplication_in_addition_context_(no_parens).","Output":"    inline.go:839: arg #1: 3 pure=true effects=false duplicable=true free=map[] type=untyped int\n"}
{"Time":"2026-10-03T22:48:01.695194-03:00","Action":"output","Package":"golang.org/x/tools/internal/refactor/inline","Test":"TestPrecedenceParens/Multiplication_in_addition_context_(no_parens).","Output":"    inline.go:1985: falcon env: type int۰0 int\n"}
{"Time":"2026-10-03T22:48:01.6952-03:00","Action":"output","Package":"golang.org/x/tools/internal/refactor/inline","Test":"TestPrecedenceParens/Multiplication_in_addition_context_(no_parens).","Output":"    inline.go:2000: falcon env: const x int۰0 = 2\n"}
{"Time":"2026-10-03T22:48:01.695205-03:00","Action":"output","Package":"golang.org/x/tools/internal/refactor/inline","Test":"TestPrecedenceParens/Multiplication_in_addition_context_(no_parens).","Output":"    inline.go:2000: falcon env: const y int۰0 = 3\n"}
{"Time":"2026-10-03T22:48:01.695212-03:00","Action":"output","Package":"golang.org/x/tools/internal/refactor/inline","Test":"TestPrecedenceParens/Multiplication_in_addition_context_(no_parens).","Output":"    inline.go:2031: falcon: constraint x * y satisfied\n"}
{"Time":"2026-10-03T22:48:01.695219-03:00","Action":"output","Package":"golang.org/x/tools/internal/refactor/inline","Test":"TestPrecedenceParens/Multiplication_in_addition_context_(no_parens).","Output":"    inline.go:1844: replacing parameter \"x\" by argument \"2\"\n"}
{"Time":"2026-10-03T22:48:01.695225-03:00","Action":"output","Package":"golang.org/x/tools/internal/refactor/inline","Test":"TestPrecedenceParens/Multiplication_in_addition_context_(no_parens).","Output":"    inline.go:686: - replace id \"x\" @ #30 to \"2\"\n"}
{"Time":"2026-10-03T22:48:01.695235-03:00","Action":"output","Package":"golang.org/x/tools/internal/refactor/inline","Test":"TestPrecedenceParens/Multiplication_in_addition_context_(no_parens).","Output":"    inline.go:1844: replacing parameter \"y\" by argument \"3\"\n"}
{"Time":"2026-10-03T22:48:01.695243-03:00","Action":"output","Package":"golang.org/x/tools/internal/refactor/inline","Test":"TestPrecedenceParens/Multiplication_in_addition_context_(no_parens).","Output":"    inline.go:686: - replace id \"y\" @ #34 to \"3\"\n"}
{"Time":"2026-10-03T22:48:01.695248-03:00","Action":"output","Package":"golang.org/x/tools/internal/refactor/inline","Test":"TestPrecedenceParens/Multiplication_in_addition_context_(no_parens).","Output":"    inline.go:2436: binding decl not needed: all parameters substituted\n"}
{"Time":"2026-10-03T22:48:01.695263-03:00","Action":"output","Package":"golang.org/x/tools/internal/refactor/inline","Test":"TestPrecedenceParens/Multiplication_in_addition_context_(no_parens).","Output":"    inline.go:1075: strategy: reduce expr-context call to { return expr }\n"}
{"Time":"2026-10-03T22:48:01.69531-03:00","Action":"output","Package":"golang.org/x/tools/internal/refactor/inline","Test":"TestPrecedenceParens/Multiplication_in_addition_context_(no_parens).","Output":"--- PASS: TestPrecedenceParens/Multiplication_in_addition_context_(no_parens). (0.00s)\n","OutputType":"frame"}
{"Time":"2026-10-03T22:48:01.695317-03:00","Action":"pass","Package":"golang.org/x/tools/internal/refactor/inline","Test":"TestPrecedenceParens/Multiplication_in_addition_context_(no_parens).","Elapsed":0}
{"Time":"2026-10-03T22:48:01.695322-03:00","Action":"run","Package":"golang.org/x/tools/internal/refactor/inline","Test":"TestPrecedenceParens/Addition_in_multiplication_context_(parens)."}
{"Time":"2026-10-03T22:48:01.695327-03:00","Action":"output","Package":"golang.org/x/tools/internal/refactor/inline","Test":"TestPrecedenceParens/Addition_in_multiplication_context_(parens).","Output":"=== RUN   TestPrecedenceParens/Addition_in_multiplication_context_(parens).\n","OutputType":"frame"}
{"Time":"2026-10-03T22:48:01.695363-03:00","Action":"output","Package":"golang.org/x/tools/internal/refactor/inline","Test":"TestPrecedenceParens/Addition_in_multiplication_context_(parens).","Output":"    callee.go:126: analyzeCallee func p.f(x int, y int) int @ callee.go:2:1\n"}
{"Time":"2026-10-03T22:48:01.695373-03:00","Action":"output","Package":"golang.org/x/tools/internal/refactor/inline","Test":"TestPrecedenceParens/Addition_in_multiplication_context_(parens).","Output":"    callee.go:529: effects list = [0 1]\n"}
{"Time":"2026-10-03T22:48:01.69538-03:00","Action":"output","Package":"golang.org/x/tools/internal/refactor/inline","Test":"TestPrecedenceParens/Addition_in_multiplication_context_(parens).","Output":"    falcon.go:189: falcon: emit type int۰0 int // \"int\"\n"}
{"Time":"2026-10-03T22:48:01.695393-03:00","Action":"output","Package":"golang.org/x/tools/internal/refactor/inline","Test":"TestPrecedenceParens/Addition_in_multiplication_context_(parens).","Output":"    falcon.go:210: falcon: emit constraint x + y\n"}
{"Time":"2026-10-03T22:48:01.695552-03:00","Action":"output","Package":"golang.org/x/tools/internal/refactor/inline","Test":"TestPrecedenceParens/Addition_in_multiplication_context_(parens).","Output":"    inline.go:108: inline f(2, 3) @ caller.go:2:21\n"}
{"Time":"2026-10-03T22:48:01.69556-03:00","Action":"output","Package":"golang.org/x/tools/internal/refactor/inline","Test":"TestPrecedenceParens/Addition_in_multiplication_context_(parens).","Output":"    inline.go:657: multiple-assignment vars: map[]\n"}
{"Time":"2026-10-03T22:48:01.695571-03:00","Action":"output","Package":"golang.org/x/tools/internal/refactor/inline","Test":"TestPrecedenceParens/Addition_in_multiplication_context_(parens).","Output":"    inline.go:839: arg #0: 2 pure=true effects=false duplicable=true free=map[] type=untyped int\n"}
{"Time":"2026-10-03T22:48:01.695578-03:00","Action":"output","Package":"golang.org/x/tools/internal/refactor/inline","Test":"TestPrecedenceParens/Addition_in_multiplication_context_(parens).","Output":"    inline.go:839: arg #1: 3 pure=true effects=false duplicable=true free=map[] type=untyped int\n"}
{"Time":"2026-10-03T22:48:01.695584-03:00","Action":"output","Package":"golang.org/x/tools/internal/refactor/inline","Test":"TestPrecedenceParens/Addition_in_multiplication_context_(parens).","Output":"    inline.go:1985: falcon env: type int۰0 int\n"}
{"Time":"2026-10-03T22:48:01.695589-03:00","Action":"output","Package":"golang.org/x/tools/internal/refactor/inline","Test":"TestPrecedenceParens/Addition_in_multiplication_context_(parens).","Output":"    inline.go:2000: falcon env: const x int۰0 = 2\n"}
{"Time":"2026-10-03T22:48:01.695595-03:00","Action":"output","Package":"golang.org/x/tools/internal/refactor/inline","Test":"TestPrecedenceParens/Addition_in_multiplication_context_(parens).","Output":"    inline.go:2000: falcon env: const y int۰0 = 3\n"}
{"Time":"2026-10-03T22:48:01.695607-03:00","Action":"output","Package":"golang.org/x/tools/internal/refactor/inline","Test":"TestPrecedenceParens/Addition_in_multiplication_context_(parens).","Output":"    inline.go:2031: falcon: constraint x + y satisfied\n"}
{"Time":"2026-10-03T22:48:01.695614-03:00","Action":"output","Package":"golang.org/x/tools/internal/refactor/inline","Test":"TestPrecedenceParens/Addition_in_multiplication_context_(parens).","Output":"    inline.go:1844: replacing parameter \"x\" by argument \"2\"\n"}
{"Time":"2026-10-03T22:48:01.695628-03:00","Action":"output","Package":"golang.org/x/tools/internal/refactor/inline","Test":"TestPrecedenceParens/Addition_in_multiplication_context_(parens).","Output":"    inline.go:686: - replace id \"x\" @ #30 to \"2\"\n"}
{"Time":"2026-10-03T22:48:01.695634-03:00","Action":"output","Package":"golang.org/x/tools/internal/refactor/inline","Test":"TestPrecedenceParens/Addition_in_multiplication_context_(parens).","Output":"    inline.go:1844: replacing parameter \"y\" by argument \"3\"\n"}
{"Time":"2026-10-03T22:48:01.695639-03:00","Action":"output","Package":"golang.org/x/tools/internal/refactor/inline","Test":"TestPrecedenceParens/Addition_in_multiplication_context_(parens).","Output":"    inline.go:686: - replace id \"y\" @ #34 to \"3\"\n"}
{"Time":"2026-10-03T22:48:01.695645-03:00","Action":"output","Package":"golang.org/x/tools/internal/refactor/inline","Test":"TestPrecedenceParens/Addition_in_multiplication_context_(parens).","Output":"    inline.go:2436: binding decl not needed: all parameters substituted\n"}
{"Time":"2026-10-03T22:48:01.695651-03:00","Action":"output","Package":"golang.org/x/tools/internal/refactor/inline","Test":"TestPrecedenceParens/Addition_in_multiplication_context_(parens).","Output":"    inline.go:1075: strategy: reduce expr-context call to { return expr }\n"}
{"Time":"2026-10-03T22:48:01.695693-03:00","Action":"output","Package":"golang.org/x/tools/internal/refactor/inline","Test":"TestPrecedenceParens/Addition_in_multiplication_context_(parens).","Output":"--- PASS: TestPrecedenceParens/Addition_in_multiplication_context_(parens). (0.00s)\n","OutputType":"frame"}
{"Time":"2026-10-03T22:48:01.695705-03:00","Action":"pass","Package":"golang.org/x/tools/internal/refactor/inline","Test":"TestPrecedenceParens/Addition_in_multiplication_context_(parens).","Elapsed":0}
{"Time":"2026-10-03T22:48:01.695734-03:00","Action":"run","Package":"golang.org/x/tools/internal/refactor/inline","Test":"TestPrecedenceParens/Addition_in_negation_context_(parens)."}
{"Time":"2026-10-03T22:48:01.695739-03:00","Action":"output","Package":"golang.org/x/tools/internal/refactor/inline","Test":"TestPrecedenceParens/Addition_in_negation_context_(parens).","Output":"=== RUN   TestPrecedenceParens/Addition_in_negation_context_(parens).\n","OutputType":"frame"}
{"Time":"2026-10-03T22:48:01.695745-03:00","Action":"output","Package":"golang.org/x/tools/internal/refactor/inline","Test":"TestPrecedenceParens/Addition_in_negation_context_(parens).","Output":"    callee.go:126: analyzeCallee func p.f(x int, y int) int @ callee.go:2:1\n"}
{"Time":"2026-10-03T22:48:01.695759-03:00","Action":"output","Package":"golang.org/x/tools/internal/refactor/inline","Test":"TestPrecedenceParens/Addition_in_negation_context_(parens).","Output":"    callee.go:529: effects list = [0 1]\n"}
{"Time":"2026-10-03T22:48:01.695766-03:00","Action":"output","Package":"golang.org/x/tools/internal/refactor/inline","Test":"TestPrecedenceParens/Addition_in_negation_context_(parens).","Output":"    falcon.go:189: falcon: emit type int۰0 int // \"int\"\n"}
{"Time":"2026-10-03T22:48:01.695777-03:00","Action":"output","Package":"golang.org/x/tools/internal/refactor/inline","Test":"TestPrecedenceParens/Addition_in_negation_context_(parens).","Output":"    falcon.go:210: falcon: emit constraint x + y\n"}
{"Time":"2026-10-03T22:48:01.695954-03:00","Action":"output","Package":"golang.org/x/tools/internal/refactor/inline","Test":"TestPrecedenceParens/Addition_in_negation_context_(parens).","Output":"    inline.go:108: inline f(1, 2) @ caller.go:2:18\n"}
{"Time":"2026-10-03T22:48:01.695962-03:00","Action":"output","Package":"golang.org/x/tools/internal/refactor/inline","Test":"TestPrecedenceParens/Addition_in_negation_context_(parens).","Output":"    inline.go:657: multiple-assignment vars: map[]\n"}
{"Time":"2026-10-03T22:48:01.695976-03:00","Action":"output","Package":"golang.org/x/tools/internal/refactor/inline","Test":"TestPrecedenceParens/Addition_in_negation_context_(parens).","Output":"    inline.go:839: arg #0: 1 pure=true effects=false duplicable=true free=map[] type=untyped int\n"}
{"Time":"2026-10-03T22:48:01.695983-03:00","Action":"output","Package":"golang.org/x/tools/internal/refactor/inline","Test":"TestPrecedenceParens/Addition_in_negation_context_(parens).","Output":"    inline.go:839: arg #1: 2 pure=true effects=false duplicable=true free=map[] type=untyped int\n"}
{"Time":"2026-10-03T22:48:01.695988-03:00","Action":"output","Package":"golang.org/x/tools/internal/refactor/inline","Test":"TestPrecedenceParens/Addition_in_negation_context_(parens).","Output":"    inline.go:1985: falcon env: type int۰0 int\n"}
{"Time":"2026-10-03T22:48:01.695994-03:00","Action":"output","Package":"golang.org/x/tools/internal/refactor/inline","Test":"TestPrecedenceParens/Addition_in_negation_context_(parens).","Output":"    inline.go:2000: falcon env: const x int۰0 = 1\n"}
{"Time":"2026-10-03T22:48:01.695999-03:00","Action":"output","Package":"golang.org/x/tools/internal/refactor/inline","Test":"TestPrecedenceParens/Addition_in_negation_context_(parens).","Output":"    inline.go:2000: falcon env: const y int۰0 = 2\n"}
{"Time":"2026-10-03T22:48:01.696004-03:00","Action":"output","Package":"golang.org/x/tools/internal/refactor/inline","Test":"TestPrecedenceParens/Addition_in_negation_context_(parens).","Output":"    inline.go:2031: falcon: constraint x + y satisfied\n"}
{"Time":"2026-10-03T22:48:01.69601-03:00","Action":"output","Package":"golang.org/x/tools/internal/refactor/inline","Test":"TestPrecedenceParens/Addition_in_negation_context_(parens).","Output":"    inline.go:1844: replacing parameter \"x\" by argument \"1\"\n"}
{"Time":"2026-10-03T22:48:01.696016-03:00","Action":"output","Package":"golang.org/x/tools/internal/refactor/inline","Test":"TestPrecedenceParens/Addition_in_negation_context_(parens).","Output":"    inline.go:686: - replace id \"x\" @ #30 to \"1\"\n"}
{"Time":"2026-10-03T22:48:01.696026-03:00","Action":"output","Package":"golang.org/x/tools/internal/refactor/inline","Test":"TestPrecedenceParens/Addition_in_negation_context_(parens).","Output":"    inline.go:1844: replacing parameter \"y\" by argument \"2\"\n"}
{"Time":"2026-10-03T22:48:01.696033-03:00","Action":"output","Package":"golang.org/x/tools/internal/refactor/inline","Test":"TestPrecedenceParens/Addition_in_negation_context_(parens).","Output":"    inline.go:686: - replace id \"y\" @ #34 to \"2\"\n"}
{"Time":"2026-10-03T22:48:01.696039-03:00","Action":"output","Package":"golang.org/x/tools/internal/refactor/inline","Test":"TestPrecedenceParens/Addition_in_negation_context_(parens).","Output":"    inline.go:2436: binding decl not needed: all parameters substituted\n"}
{"Time":"2026-10-03T22:48:01.696049-03:00","Action":"output","Package":"golang.org/x/tools/internal/refactor/inline","Test":"TestPrecedenceParens/Addition_in_negation_context_(parens).","Output":"    inline.go:1075: strategy: reduce expr-context call to { return expr }\n"}
{"Time":"2026-10-03T22:48:01.696085-03:00","Action":"output","Package":"golang.org/x/tools/internal/refactor/inline","Test":"TestPrecedenceParens/Addition_in_negation_context_(parens).","Output":"--- PASS: TestPrecedenceParens/Addition_in_negation_context_(parens). (0.00s)\n","OutputType":"frame"}
{"Time":"2026-10-03T22:48:01.696092-03:00","Action":"pass","Package":"golang.org/x/tools/internal/refactor/inline","Test":"TestPrecedenceParens/Addition_in_negation_context_(parens).","Elapsed":0}
{"Time":"2026-10-03T22:48:01.696097-03:00","Action":"run","Package":"golang.org/x/tools/internal/refactor/inline","Test":"TestPrecedenceParens/Addition_in_call_context_(no_parens)."}
{"Time":"2026-10-03T22:48:01.696102-03:00","Action":"output","Package":"golang.org/x/tools/internal/refactor/inline","Test":"TestPrecedenceParens/Addition_in_call_context_(no_parens).","Output":"=== RUN   TestPrecedenceParens/Addition_in_call_context_(no_parens).\n","OutputType":"frame"}
{"Time":"2026-10-03T22:48:01.696136-03:00","Action":"output","Package":"golang.org/x/tools/internal/refactor/inline","Test":"TestPrecedenceParens/Addition_in_call_context_(no_parens).","Output":"    callee.go:126: analyzeCallee func p.f(x int, y int) int @ callee.go:2:1\n"}
{"Time":"2026-10-03T22:48:01.696147-03:00","Action":"output","Package":"golang.org/x/tools/internal/refactor/inline","Test":"TestPrecedenceParens/Addition_in_call_context_(no_parens).","Output":"    callee.go:529: effects list = [0 1]\n"}
{"Time":"2026-10-03T22:48:01.696154-03:00","Action":"output","Package":"golang.org/x/tools/internal/refactor/inline","Test":"TestPrecedenceParens/Addition_in_call_context_(no_parens).","Output":"    falcon.go:189: falcon: emit type int۰0 int // \"int\"\n"}
{"Time":"2026-10-03T22:48:01.696162-03:00","Action":"output","Package":"golang.org/x/tools/internal/refactor/inline","Test":"TestPrecedenceParens/Addition_in_call_context_(no_parens).","Output":"    falcon.go:210: falcon: emit constraint x + y\n"}
{"Time":"2026-10-03T22:48:01.696328-03:00","Action":"output","Package":"golang.org/x/tools/internal/refactor/inline","Test":"TestPrecedenceParens/Addition_in_call_context_(no_parens).","Output":"    inline.go:108: inline f(1, 2) @ caller.go:2:21\n"}
{"Time":"2026-10-03T22:48:01.696337-03:00","Action":"output","Package":"golang.org/x/tools/internal/refactor/inline","Test":"TestPrecedenceParens/Addition_in_call_context_(no_parens).","Output":"    inline.go:657: multiple-assignment vars: map[]\n"}
{"Time":"2026-10-03T22:48:01.696343-03:00","Action":"output","Package":"golang.org/x/tools/internal/refactor/inline","Test":"TestPrecedenceParens/Addition_in_call_context_(no_parens).","Output":"    inline.go:839: arg #0: 1 pure=true effects=false duplicable=true free=map[] type=untyped int\n"}
{"Time":"2026-10-03T22:48:01.696349-03:00","Action":"output","Package":"golang.org/x/tools/internal/refactor/inline","Test":"TestPrecedenceParens/Addition_in_call_context_(no_parens).","Output":"    inline.go:839: arg #1: 2 pure=true effects=false duplicable=true free=map[] type=untyped int\n"}
{"Time":"2026-10-03T22:48:01.696355-03:00","Action":"output","Package":"golang.org/x/tools/internal/refactor/inline","Test":"TestPrecedenceParens/Addition_in_call_context_(no_parens).","Output":"    inline.go:1985: falcon env: type int۰0 int\n"}
{"Time":"2026-10-03T22:48:01.696361-03:00","Action":"output","Package":"golang.org/x/tools/internal/refactor/inline","Test":"TestPrecedenceParens/Addition_in_call_context_(no_parens).","Output":"    inline.go:2000: falcon env: const x int۰0 = 1\n"}
{"Time":"2026-10-03T22:48:01.696367-03:00","Action":"output","Package":"golang.org/x/tools/internal/refactor/inline","Test":"TestPrecedenceParens/Addition_in_call_context_(no_parens).","Output":"    inline.go:2000: falcon env: const y int۰0 = 2\n"}
{"Time":"2026-10-03T22:48:01.696372-03:00","Action":"output","Package":"golang.org/x/tools/internal/refactor/inline","Test":"TestPrecedenceParens/Addition_in_call_context_(no_parens).","Output":"    inline.go:2031: falcon: constraint x + y satisfied\n"}
{"Time":"2026-10-03T22:48:01.696378-03:00","Action":"output","Package":"golang.org/x/tools/internal/refactor/inline","Test":"TestPrecedenceParens/Addition_in_call_context_(no_parens).","Output":"    inline.go:1844: replacing parameter \"x\" by argument \"1\"\n"}
{"Time":"2026-10-03T22:48:01.696383-03:00","Action":"output","Package":"golang.org/x/tools/internal/refactor/inline","Test":"TestPrecedenceParens/Addition_in_call_context_(no_parens).","Output":"    inline.go:686: - replace id \"x\" @ #30 to \"1\"\n"}
{"Time":"2026-10-03T22:48:01.696389-03:00","Action":"output","Package":"golang.org/x/tools/internal/refactor/inline","Test":"TestPrecedenceParens/Addition_in_call_context_(no_parens).","Output":"    inline.go:1844: replacing parameter \"y\" by argument \"2\"\n"}
{"Time":"2026-10-03T22:48:01.696395-03:00","Action":"output","Package":"golang.org/x/tools/internal/refactor/inline","Test":"TestPrecedenceParens/Addition_in_call_context_(no_parens).","Output":"    inline.go:686: - replace id \"y\" @ #34 to \"2\"\n"}
{"Time":"2026-10-03T22:48:01.696402-03:00","Action":"output","Package":"golang.org/x/tools/internal/refactor/inline","Test":"TestPrecedenceParens/Addition_in_call_context_(no_parens).","Output":"    inline.go:2436: binding decl not needed: all parameters substituted\n"}
{"Time":"2026-10-03T22:48:01.696416-03:00","Action":"output","Package":"golang.org/x/tools/internal/refactor/inline","Test":"TestPrecedenceParens/Addition_in_call_context_(no_parens).","Output":"    inline.go:1075: strategy: reduce expr-context call to { return expr }\n"}
{"Time":"2026-10-03T22:48:01.696447-03:00","Action":"output","Package":"golang.org/x/tools/internal/refactor/inline","Test":"TestPrecedenceParens/Addition_in_call_context_(no_parens).","Output":"--- PASS: TestPrecedenceParens/Addition_in_call_context_(no_parens). (0.00s)\n","OutputType":"frame"}
{"Time":"2026-10-03T22:48:01.696453-03:00","Action":"pass","Package":"golang.org/x/tools/internal/refactor/inline","Test":"TestPrecedenceParens/Addition_in_call_context_(no_parens).","Elapsed":0}
{"Time":"2026-10-03T22:48:01.696462-03:00","Action":"run","Package":"golang.org/x/tools/internal/refactor/inline","Test":"TestPrecedenceParens/Addition_in_slice_operand_context_(parens)."}
{"Time":"2026-10-03T22:48:01.696467-03:00","Action":"output","Package":"golang.org/x/tools/internal/refactor/inline","Test":"TestPrecedenceParens/Addition_in_slice_operand_context_(parens).","Output":"=== RUN   TestPrecedenceParens/Addition_in_slice_operand_context_(parens).\n","OutputType":"frame"}
{"Time":"2026-10-03T22:48:01.696506-03:00","Action":"output","Package":"golang.org/x/tools/internal/refactor/inline","Test":"TestPrecedenceParens/Addition_in_slice_operand_context_(parens).","Output":"    callee.go:126: analyzeCallee func p.f(x string, y string) string @ callee.go:2:1\n"}
{"Time":"2026-10-03T22:48:01.696514-03:00","Action":"output","Package":"golang.org/x/tools/internal/refactor/inline","Test":"TestPrecedenceParens/Addition_in_slice_operand_context_(parens).","Output":"    callee.go:529: effects list = [0 1]\n"}
{"Time":"2026-10-03T22:48:01.69652-03:00","Action":"output","Package":"golang.org/x/tools/internal/refactor/inline","Test":"TestPrecedenceParens/Addition_in_slice_operand_context_(parens).","Output":"    falcon.go:189: falcon: emit type int۰0 int // \"int\"\n"}
{"Time":"2026-10-03T22:48:01.696527-03:00","Action":"output","Package":"golang.org/x/tools/internal/refactor/inline","Test":"TestPrecedenceParens/Addition_in_slice_operand_context_(parens).","Output":"    falcon.go:189: falcon: emit type string۰1 string // \"string\"\n"}
{"Time":"2026-10-03T22:48:01.696534-03:00","Action":"output","Package":"golang.org/x/tools/internal/refactor/inline","Test":"TestPrecedenceParens/Addition_in_slice_operand_context_(parens).","Output":"    falcon.go:210: falcon: emit constraint x + y\n"}
{"Time":"2026-10-03T22:48:01.696687-03:00","Action":"output","Package":"golang.org/x/tools/internal/refactor/inline","Test":"TestPrecedenceParens/Addition_in_slice_operand_context_(parens).","Output":"    inline.go:108: inline f(\"x\", \"y\") @ caller.go:2:17\n"}
{"Time":"2026-10-03T22:48:01.696696-03:00","Action":"output","Package":"golang.org/x/tools/internal/refactor/inline","Test":"TestPrecedenceParens/Addition_in_slice_operand_context_(parens).","Output":"    inline.go:657: multiple-assignment vars: map[]\n"}
{"Time":"2026-10-03T22:48:01.696708-03:00","Action":"output","Package":"golang.org/x/tools/internal/refactor/inline","Test":"TestPrecedenceParens/Addition_in_slice_operand_context_(parens).","Output":"    inline.go:839: arg #0: \"x\" pure=true effects=false duplicable=false free=map[] type=untyped string\n"}
{"Time":"2026-10-03T22:48:01.696724-03:00","Action":"output","Package":"golang.org/x/tools/internal/refactor/inline","Test":"TestPrecedenceParens/Addition_in_slice_operand_context_(parens).","Output":"    inline.go:839: arg #1: \"y\" pure=true effects=false duplicable=false free=map[] type=untyped string\n"}
{"Time":"2026-10-03T22:48:01.696729-03:00","Action":"output","Package":"golang.org/x/tools/internal/refactor/inline","Test":"TestPrecedenceParens/Addition_in_slice_operand_context_(parens).","Output":"    inline.go:1985: falcon env: type int۰0 int\n"}
{"Time":"2026-10-03T22:48:01.696734-03:00","Action":"output","Package":"golang.org/x/tools/internal/refactor/inline","Test":"TestPrecedenceParens/Addition_in_slice_operand_context_(parens).","Output":"    inline.go:1985: falcon env: type string۰1 string\n"}
{"Time":"2026-10-03T22:48:01.69674-03:00","Action":"output","Package":"golang.org/x/tools/internal/refactor/inline","Test":"TestPrecedenceParens/Addition_in_slice_operand_context_(parens).","Output":"    inline.go:2000: falcon env: const x string۰1 = \"x\"\n"}
{"Time":"2026-10-03T22:48:01.696746-03:00","Action":"output","Package":"golang.org/x/tools/internal/refactor/inline","Test":"TestPrecedenceParens/Addition_in_slice_operand_context_(parens).","Output":"    inline.go:2000: falcon env: const y string۰1 = \"y\"\n"}
{"Time":"2026-10-03T22:48:01.696751-03:00","Action":"output","Package":"golang.org/x/tools/internal/refactor/inline","Test":"TestPrecedenceParens/Addition_in_slice_operand_context_(parens).","Output":"    inline.go:2031: falcon: constraint x + y satisfied\n"}
{"Time":"2026-10-03T22:48:01.696768-03:00","Action":"output","Package":"golang.org/x/tools/internal/refactor/inline","Test":"TestPrecedenceParens/Addition_in_slice_operand_context_(parens).","Output":"    inline.go:1844: replacing parameter \"x\" by argument \"\\\"x\\\"\"\n"}
{"Time":"2026-10-03T22:48:01.696774-03:00","Action":"output","Package":"golang.org/x/tools/internal/refactor/inline","Test":"TestPrecedenceParens/Addition_in_slice_operand_context_(parens).","Output":"    inline.go:686: - replace id \"x\" @ #36 to \"\\\"x\\\"\"\n"}
{"Time":"2026-10-03T22:48:01.696779-03:00","Action":"output","Package":"golang.org/x/tools/internal/refactor/inline","Test":"TestPrecedenceParens/Addition_in_slice_operand_context_(parens).","Output":"    inline.go:1844: replacing parameter \"y\" by argument \"\\\"y\\\"\"\n"}
{"Time":"2026-10-03T22:48:01.696784-03:00","Action":"output","Package":"golang.org/x/tools/internal/refactor/inline","Test":"TestPrecedenceParens/Addition_in_slice_operand_context_(parens).","Output":"    inline.go:686: - replace id \"y\" @ #40 to \"\\\"y\\\"\"\n"}
{"Time":"2026-10-03T22:48:01.69679-03:00","Action":"output","Package":"golang.org/x/tools/internal/refactor/inline","Test":"TestPrecedenceParens/Addition_in_slice_operand_context_(parens).","Output":"    inline.go:2436: binding decl not needed: all parameters substituted\n"}
{"Time":"2026-10-03T22:48:01.696795-03:00","Action":"output","Package":"golang.org/x/tools/internal/refactor/inline","Test":"TestPrecedenceParens/Addition_in_slice_operand_context_(parens).","Output":"    inline.go:1075: strategy: reduce expr-context call to { return expr }\n"}
{"Time":"2026-10-03T22:48:01.696817-03:00","Action":"output","Package":"golang.org/x/tools/internal/refactor/inline","Test":"TestPrecedenceParens/Addition_in_slice_operand_context_(parens).","Output":"--- PASS: TestPrecedenceParens/Addition_in_slice_operand_context_(parens). (0.00s)\n","OutputType":"frame"}
{"Time":"2026-10-03T22:48:01.696825-03:00","Action":"pass","Package":"golang.org/x/tools/internal/refactor/inline","Test":"TestPrecedenceParens/Addition_in_slice_operand_context_(parens).","Elapsed":0}
{"Time":"2026-10-03T22:48:01.69683-03:00","Action":"run","Package":"golang.org/x/tools/internal/refactor/inline","Test":"TestPrecedenceParens/String_literal_in_slice_operand_context_(no_parens)."}
{"Time":"2026-10-03T22:48:01.696835-03:00","Action":"output","Package":"golang.org/x/tools/internal/refactor/inline","Test":"TestPrecedenceParens/String_literal_in_slice_operand_context_(no_parens).","Output":"=== RUN   TestPrecedenceParens/String_literal_in_slice_operand_context_(no_parens).\n","OutputType":"frame"}
{"Time":"2026-10-03T22:48:01.696865-03:00","Action":"output","Package":"golang.org/x/tools/internal/refactor/inline","Test":"TestPrecedenceParens/String_literal_in_slice_operand_context_(no_parens).","Output":"    callee.go:126: analyzeCallee func p.f(x string) string @ callee.go:2:1\n"}
{"Time":"2026-10-03T22:48:01.69688-03:00","Action":"output","Package":"golang.org/x/tools/internal/refactor/inline","Test":"TestPrecedenceParens/String_literal_in_slice_operand_context_(no_parens).","Output":"    callee.go:529: effects list = [0]\n"}
{"Time":"2026-10-03T22:48:01.696887-03:00","Action":"output","Package":"golang.org/x/tools/internal/refactor/inline","Test":"TestPrecedenceParens/String_literal_in_slice_operand_context_(no_parens).","Output":"    falcon.go:189: falcon: emit type int۰0 int // \"int\"\n"}
{"Time":"2026-10-03T22:48:01.696894-03:00","Action":"output","Package":"golang.org/x/tools/internal/refactor/inline","Test":"TestPrecedenceParens/String_literal_in_slice_operand_context_(no_parens).","Output":"    falcon.go:189: falcon: emit type string۰1 string // \"string\"\n"}
{"Time":"2026-10-03T22:48:01.69703-03:00","Action":"output","Package":"golang.org/x/tools/internal/refactor/inline","Test":"TestPrecedenceParens/String_literal_in_slice_operand_context_(no_parens).","Output":"    inline.go:108: inline f(\"xy\") @ caller.go:2:17\n"}
{"Time":"2026-10-03T22:48:01.697038-03:00","Action":"output","Package":"golang.org/x/tools/internal/refactor/inline","Test":"TestPrecedenceParens/String_literal_in_slice_operand_context_(no_parens).","Output":"    inline.go:657: multiple-assignment vars: map[]\n"}
{"Time":"2026-10-03T22:48:01.697045-03:00","Action":"output","Package":"golang.org/x/tools/internal/refactor/inline","Test":"TestPrecedenceParens/String_literal_in_slice_operand_context_(no_parens).","Output":"    inline.go:839: arg #0: \"xy\" pure=true effects=false duplicable=false free=map[] type=untyped string\n"}
{"Time":"2026-10-03T22:48:01.697051-03:00","Action":"output","Package":"golang.org/x/tools/internal/refactor/inline","Test":"TestPrecedenceParens/String_literal_in_slice_operand_context_(no_parens).","Output":"    inline.go:1985: falcon env: type int۰0 int\n"}
{"Time":"2026-10-03T22:48:01.697056-03:00","Action":"output","Package":"golang.org/x/tools/internal/refactor/inline","Test":"TestPrecedenceParens/String_literal_in_slice_operand_context_(no_parens).","Output":"    inline.go:1985: falcon env: type string۰1 string\n"}
{"Time":"2026-10-03T22:48:01.697062-03:00","Action":"output","Package":"golang.org/x/tools/internal/refactor/inline","Test":"TestPrecedenceParens/String_literal_in_slice_operand_context_(no_parens).","Output":"    inline.go:2000: falcon env: const x string۰1 = \"xy\"\n"}
{"Time":"2026-10-03T22:48:01.697068-03:00","Action":"output","Package":"golang.org/x/tools/internal/refactor/inline","Test":"TestPrecedenceParens/String_literal_in_slice_operand_context_(no_parens).","Output":"    inline.go:1844: replacing parameter \"x\" by argument \"\\\"xy\\\"\"\n"}
{"Time":"2026-10-03T22:48:01.697074-03:00","Action":"output","Package":"golang.org/x/tools/internal/refactor/inline","Test":"TestPrecedenceParens/String_literal_in_slice_operand_context_(no_parens).","Output":"    inline.go:686: - replace id \"x\" @ #33 to \"\\\"xy\\\"\"\n"}
{"Time":"2026-10-03T22:48:01.697086-03:00","Action":"output","Package":"golang.org/x/tools/internal/refactor/inline","Test":"TestPrecedenceParens/String_literal_in_slice_operand_context_(no_parens).","Output":"    inline.go:2436: binding decl not needed: all parameters substituted\n"}
{"Time":"2026-10-03T22:48:01.697093-03:00","Action":"output","Package":"golang.org/x/tools/internal/refactor/inline","Test":"TestPrecedenceParens/String_literal_in_slice_operand_context_(no_parens).","Output":"    inline.go:1075: strategy: reduce expr-context call to { return expr }\n"}
{"Time":"2026-10-03T22:48:01.697127-03:00","Action":"output","Package":"golang.org/x/tools/internal/refactor/inline","Test":"TestPrecedenceParens/String_literal_in_slice_operand_context_(no_parens).","Output":"--- PASS: TestPrecedenceParens/String_literal_in_slice_operand_context_(no_parens). (0.00s)\n","OutputType":"frame"}
{"Time":"2026-10-03T22:48:01.697135-03:00","Action":"pass","Package":"golang.org/x/tools/internal/refactor/inline","Test":"TestPrecedenceParens/String_literal_in_slice_operand_context_(no_parens).","Elapsed":0}
{"Time":"2026-10-03T22:48:01.697148-03:00","Action":"output","Package":"golang.org/x/tools/internal/refactor/inline","Test":"TestPrecedenceParens","Output":"--- PASS: TestPrecedenceParens (0.00s)\n","OutputType":"frame"}
{"Time":"2026-10-03T22:48:01.697154-03:00","Action":"pass","Package":"golang.org/x/tools/internal/refactor/inline","Test":"TestPrecedenceParens","Elapsed":0}
{"Time":"2026-10-03T22:48:01.69716-03:00","Action":"output","Package":"golang.org/x/tools/internal/refactor/inline","Output":"PASS\n","OutputType":"frame"}
{"Time":"2026-10-03T22:48:01.698218-03:00","Action":"output","Package":"golang.org/x/tools/internal/refactor/inline","Output":"ok  \tgolang.org/x/tools/internal/refactor/inline\t1.888s\n"}
{"Time":"2026-10-03T22:48:01.698228-03:00","Action":"pass","Package":"golang.org/x/tools/internal/refactor/inline","Elapsed":1.888}
