{"Time":"2026-10-03T11:32:06.893359-03:00","Action":"start","Package":"golang.org/x/tools/internal/refactor/inline"}
{"Time":"2026-10-03T11:32:07.119401-03:00","Action":"run","Package":"golang.org/x/tools/internal/refactor/inline","Test":"TestCalleeEffects"}
{"Time":"2026-10-03T11:32:07.119456-03:00","Action":"output","Package":"golang.org/x/tools/internal/refactor/inline","Test":"TestCalleeEffects","Output":"=== RUN   TestCalleeEffects\n","OutputType":"frame"}
{"Time":"2026-10-03T11:32:07.119491-03:00","Action":"run","Package":"golang.org/x/tools/internal/refactor/inline","Test":"TestCalleeEffects/Assignments_have_unknown_effects."}
{"Time":"2026-10-03T11:32:07.1195-03:00","Action":"output","Package":"golang.org/x/tools/internal/refactor/inline","Test":"TestCalleeEffects/Assignments_have_unknown_effects.","Output":"=== RUN   TestCalleeEffects/Assignments_have_unknown_effects.\n","OutputType":"frame"}
{"Time":"2026-10-03T11:32:07.119683-03:00","Action":"output","Package":"golang.org/x/tools/internal/refactor/inline","Test":"TestCalleeEffects/Assignments_have_unknown_effects.","Output":"    callee.go:123: analyzeCallee func p.f(x int, y int) @ callee.go:2:1\n"}
{"Time":"2026-10-03T11:32:07.119766-03:00","Action":"output","Package":"golang.org/x/tools/internal/refactor/inline","Test":"TestCalleeEffects/Assignments_have_unknown_effects.","Output":"    callee.go:526: effects list = [0 1 -2]\n"}
{"Time":"2026-10-03T11:32:07.119776-03:00","Action":"output","Package":"golang.org/x/tools/internal/refactor/inline","Test":"TestCalleeEffects/Assignments_have_unknown_effects.","Output":"    falcon.go:189: falcon: emit type int۰0 int // \"int\"\n"}
{"Time":"2026-10-03T11:32:07.119788-03:00","Action":"output","Package":"golang.org/x/tools/internal/refactor/inline","Test":"TestCalleeEffects/Assignments_have_unknown_effects.","Output":"--- PASS: TestCalleeEffects/Assignments_have_unknown_effects. (0.00s)\n","OutputType":"frame"}
{"Time":"2026-10-03T11:32:07.119794-03:00","Action":"pass","Package":"golang.org/x/tools/internal/refactor/inline","Test":"TestCalleeEffects/Assignments_have_unknown_effects.","Elapsed":0}
{"Time":"2026-10-03T11:32:07.119802-03:00","Action":"run","Package":"golang.org/x/tools/internal/refactor/inline","Test":"TestCalleeEffects/Reads_from_globals_are_impure."}
{"Time":"2026-10-03T11:32:07.119806-03:00","Action":"output","Package":"golang.org/x/tools/internal/refactor/inline","Test":"TestCalleeEffects/Reads_from_globals_are_impure.","Output":"=== RUN   TestCalleeEffects/Reads_from_globals_are_impure.\n","OutputType":"frame"}
{"Time":"2026-10-03T11:32:07.11981-03:00","Action":"output","Package":"golang.org/x/tools/internal/refactor/inline","Test":"TestCalleeEffects/Reads_from_globals_are_impure.","Output":"    callee.go:123: analyzeCallee func p.f() @ callee.go:2:1\n"}
{"Time":"2026-10-03T11:32:07.119816-03:00","Action":"output","Package":"golang.org/x/tools/internal/refactor/inline","Test":"TestCalleeEffects/Reads_from_globals_are_impure.","Output":"    callee.go:526: effects list = [-1]\n"}
{"Time":"2026-10-03T11:32:07.119821-03:00","Action":"output","Package":"golang.org/x/tools/internal/refactor/inline","Test":"TestCalleeEffects/Reads_from_globals_are_impure.","Output":"    falcon.go:189: falcon: emit type int۰0 int // \"int\"\n"}
{"Time":"2026-10-03T11:32:07.119825-03:00","Action":"output","Package":"golang.org/x/tools/internal/refactor/inline","Test":"TestCalleeEffects/Reads_from_globals_are_impure.","Output":"--- PASS: TestCalleeEffects/Reads_from_globals_are_impure. (0.00s)\n","OutputType":"frame"}
{"Time":"2026-10-03T11:32:07.119829-03:00","Action":"pass","Package":"golang.org/x/tools/internal/refactor/inline","Test":"TestCalleeEffects/Reads_from_globals_are_impure.","Elapsed":0}
{"Time":"2026-10-03T11:32:07.119834-03:00","Action":"run","Package":"golang.org/x/tools/internal/refactor/inline","Test":"TestCalleeEffects/Writes_to_globals_have_effects."}
{"Time":"2026-10-03T11:32:07.119838-03:00","Action":"output","Package":"golang.org/x/tools/internal/refactor/inline","Test":"TestCalleeEffects/Writes_to_globals_have_effects.","Output":"=== RUN   TestCalleeEffects/Writes_to_globals_have_effects.\n","OutputType":"frame"}
{"Time":"2026-10-03T11:32:07.119859-03:00","Action":"output","Package":"golang.org/x/tools/internal/refactor/inline","Test":"TestCalleeEffects/Writes_to_globals_have_effects.","Output":"    callee.go:123: analyzeCallee func p.f() @ callee.go:2:1\n"}
{"Time":"2026-10-03T11:32:07.119865-03:00","Action":"output","Package":"golang.org/x/tools/internal/refactor/inline","Test":"TestCalleeEffects/Writes_to_globals_have_effects.","Output":"    callee.go:526: effects list = [-1 -2]\n"}
{"Time":"2026-10-03T11:32:07.11987-03:00","Action":"output","Package":"golang.org/x/tools/internal/refactor/inline","Test":"TestCalleeEffects/Writes_to_globals_have_effects.","Output":"    falcon.go:189: falcon: emit type int۰0 int // \"int\"\n"}
{"Time":"2026-10-03T11:32:07.119874-03:00","Action":"output","Package":"golang.org/x/tools/internal/refactor/inline","Test":"TestCalleeEffects/Writes_to_globals_have_effects.","Output":"--- PASS: TestCalleeEffects/Writes_to_globals_have_effects. (0.00s)\n","OutputType":"frame"}
{"Time":"2026-10-03T11:32:07.119878-03:00","Action":"pass","Package":"golang.org/x/tools/internal/refactor/inline","Test":"TestCalleeEffects/Writes_to_globals_have_effects.","Elapsed":0}
{"Time":"2026-10-03T11:32:07.119881-03:00","Action":"run","Package":"golang.org/x/tools/internal/refactor/inline","Test":"TestCalleeEffects/Blank_assign_has_no_effect."}
{"Time":"2026-10-03T11:32:07.119883-03:00","Action":"output","Package":"golang.org/x/tools/internal/refactor/inline","Test":"TestCalleeEffects/Blank_assign_has_no_effect.","Output":"=== RUN   TestCalleeEffects/Blank_assign_has_no_effect.\n","OutputType":"frame"}
{"Time":"2026-10-03T11:32:07.119887-03:00","Action":"output","Package":"golang.org/x/tools/internal/refactor/inline","Test":"TestCalleeEffects/Blank_assign_has_no_effect.","Output":"    callee.go:123: analyzeCallee func p.f(x int) @ callee.go:2:1\n"}
{"Time":"2026-10-03T11:32:07.11989-03:00","Action":"output","Package":"golang.org/x/tools/internal/refactor/inline","Test":"TestCalleeEffects/Blank_assign_has_no_effect.","Output":"    callee.go:526: effects list = [0]\n"}
{"Time":"2026-10-03T11:32:07.119899-03:00","Action":"output","Package":"golang.org/x/tools/internal/refactor/inline","Test":"TestCalleeEffects/Blank_assign_has_no_effect.","Output":"    falcon.go:189: falcon: emit type int۰0 int // \"int\"\n"}
{"Time":"2026-10-03T11:32:07.119903-03:00","Action":"output","Package":"golang.org/x/tools/internal/refactor/inline","Test":"TestCalleeEffects/Blank_assign_has_no_effect.","Output":"--- PASS: TestCalleeEffects/Blank_assign_has_no_effect. (0.00s)\n","OutputType":"frame"}
{"Time":"2026-10-03T11:32:07.119906-03:00","Action":"pass","Package":"golang.org/x/tools/internal/refactor/inline","Test":"TestCalleeEffects/Blank_assign_has_no_effect.","Elapsed":0}
{"Time":"2026-10-03T11:32:07.119909-03:00","Action":"run","Package":"golang.org/x/tools/internal/refactor/inline","Test":"TestCalleeEffects/Short_decl_of_new_var_has_has_no_effect."}
{"Time":"2026-10-03T11:32:07.119912-03:00","Action":"output","Package":"golang.org/x/tools/internal/refactor/inline","Test":"TestCalleeEffects/Short_decl_of_new_var_has_has_no_effect.","Output":"=== RUN   TestCalleeEffects/Short_decl_of_new_var_has_has_no_effect.\n","OutputType":"frame"}
{"Time":"2026-10-03T11:32:07.119917-03:00","Action":"output","Package":"golang.org/x/tools/internal/refactor/inline","Test":"TestCalleeEffects/Short_decl_of_new_var_has_has_no_effect.","Output":"    callee.go:123: analyzeCallee func p.f(x int) @ callee.go:2:1\n"}
{"Time":"2026-10-03T11:32:07.119925-03:00","Action":"output","Package":"golang.org/x/tools/internal/refactor/inline","Test":"TestCalleeEffects/Short_decl_of_new_var_has_has_no_effect.","Output":"    callee.go:526: effects list = [0]\n"}
{"Time":"2026-10-03T11:32:07.119929-03:00","Action":"output","Package":"golang.org/x/tools/internal/refactor/inline","Test":"TestCalleeEffects/Short_decl_of_new_var_has_has_no_effect.","Output":"    falcon.go:189: falcon: emit type int۰0 int // \"int\"\n"}
{"Time":"2026-10-03T11:32:07.119944-03:00","Action":"output","Package":"golang.org/x/tools/internal/refactor/inline","Test":"TestCalleeEffects/Short_decl_of_new_var_has_has_no_effect.","Output":"--- PASS: TestCalleeEffects/Short_decl_of_new_var_has_has_no_effect. (0.00s)\n","OutputType":"frame"}
{"Time":"2026-10-03T11:32:07.119951-03:00","Action":"pass","Package":"golang.org/x/tools/internal/refactor/inline","Test":"TestCalleeEffects/Short_decl_of_new_var_has_has_no_effect.","Elapsed":0}
{"Time":"2026-10-03T11:32:07.119954-03:00","Action":"run","Package":"golang.org/x/tools/internal/refactor/inline","Test":"TestCalleeEffects/Short_decl_of_existing_var_(y)_is_an_assignment."}
{"Time":"2026-10-03T11:32:07.119958-03:00","Action":"output","Package":"golang.org/x/tools/internal/refactor/inline","Test":"TestCalleeEffects/Short_decl_of_existing_var_(y)_is_an_assignment.","Output":"=== RUN   TestCalleeEffects/Short_decl_of_existing_var_(y)_is_an_assignment.\n","OutputType":"frame"}
{"Time":"2026-10-03T11:32:07.119961-03:00","Action":"output","Package":"golang.org/x/tools/internal/refactor/inline","Test":"TestCalleeEffects/Short_decl_of_existing_var_(y)_is_an_assignment.","Output":"    callee.go:123: analyzeCallee func p.f(x int) @ callee.go:2:1\n"}
{"Time":"2026-10-03T11:32:07.119965-03:00","Action":"output","Package":"golang.org/x/tools/internal/refactor/inline","Test":"TestCalleeEffects/Short_decl_of_existing_var_(y)_is_an_assignment.","Output":"    callee.go:526: effects list = [0 -2]\n"}
{"Time":"2026-10-03T11:32:07.119968-03:00","Action":"output","Package":"golang.org/x/tools/internal/refactor/inline","Test":"TestCalleeEffects/Short_decl_of_existing_var_(y)_is_an_assignment.","Output":"    falcon.go:189: falcon: emit type int۰0 int // \"int\"\n"}
{"Time":"2026-10-03T11:32:07.119972-03:00","Action":"output","Package":"golang.org/x/tools/internal/refactor/inline","Test":"TestCalleeEffects/Short_decl_of_existing_var_(y)_is_an_assignment.","Output":"--- PASS: TestCalleeEffects/Short_decl_of_existing_var_(y)_is_an_assignment. (0.00s)\n","OutputType":"frame"}
{"Time":"2026-10-03T11:32:07.119975-03:00","Action":"pass","Package":"golang.org/x/tools/internal/refactor/inline","Test":"TestCalleeEffects/Short_decl_of_existing_var_(y)_is_an_assignment.","Elapsed":0}
{"Time":"2026-10-03T11:32:07.119978-03:00","Action":"run","Package":"golang.org/x/tools/internal/refactor/inline","Test":"TestCalleeEffects/Unreferenced_parameters_are_excluded."}
{"Time":"2026-10-03T11:32:07.119981-03:00","Action":"output","Package":"golang.org/x/tools/internal/refactor/inline","Test":"TestCalleeEffects/Unreferenced_parameters_are_excluded.","Output":"=== RUN   TestCalleeEffects/Unreferenced_parameters_are_excluded.\n","OutputType":"frame"}
{"Time":"2026-10-03T11:32:07.119985-03:00","Action":"output","Package":"golang.org/x/tools/internal/refactor/inline","Test":"TestCalleeEffects/Unreferenced_parameters_are_excluded.","Output":"    callee.go:123: analyzeCallee func p.f(x int, y int, z int) @ callee.go:2:1\n"}
{"Time":"2026-10-03T11:32:07.119988-03:00","Action":"output","Package":"golang.org/x/tools/internal/refactor/inline","Test":"TestCalleeEffects/Unreferenced_parameters_are_excluded.","Output":"    callee.go:526: effects list = [2 0]\n"}
{"Time":"2026-10-03T11:32:07.119991-03:00","Action":"output","Package":"golang.org/x/tools/internal/refactor/inline","Test":"TestCalleeEffects/Unreferenced_parameters_are_excluded.","Output":"    falcon.go:189: falcon: emit type int۰0 int // \"int\"\n"}
{"Time":"2026-10-03T11:32:07.120083-03:00","Action":"output","Package":"golang.org/x/tools/internal/refactor/inline","Test":"TestCalleeEffects/Unreferenced_parameters_are_excluded.","Output":"    falcon.go:210: falcon: emit constraint z + x\n"}
{"Time":"2026-10-03T11:32:07.120094-03:00","Action":"output","Package":"golang.org/x/tools/internal/refactor/inline","Test":"TestCalleeEffects/Unreferenced_parameters_are_excluded.","Output":"--- PASS: TestCalleeEffects/Unreferenced_parameters_are_excluded. (0.00s)\n","OutputType":"frame"}
{"Time":"2026-10-03T11:32:07.120105-03:00","Action":"pass","Package":"golang.org/x/tools/internal/refactor/inline","Test":"TestCalleeEffects/Unreferenced_parameters_are_excluded.","Elapsed":0}
{"Time":"2026-10-03T11:32:07.120115-03:00","Action":"run","Package":"golang.org/x/tools/internal/refactor/inline","Test":"TestCalleeEffects/Built-in_len_has_no_effect."}
{"Time":"2026-10-03T11:32:07.120119-03:00","Action":"output","Package":"golang.org/x/tools/internal/refactor/inline","Test":"TestCalleeEffects/Built-in_len_has_no_effect.","Output":"=== RUN   TestCalleeEffects/Built-in_len_has_no_effect.\n","OutputType":"frame"}
{"Time":"2026-10-03T11:32:07.120331-03:00","Action":"output","Package":"golang.org/x/tools/internal/refactor/inline","Test":"TestCalleeEffects/Built-in_len_has_no_effect.","Output":"    callee.go:123: analyzeCallee func p.f(x string, y string) @ callee.go:2:1\n"}
{"Time":"2026-10-03T11:32:07.120342-03:00","Action":"output","Package":"golang.org/x/tools/internal/refactor/inline","Test":"TestCalleeEffects/Built-in_len_has_no_effect.","Output":"    callee.go:526: effects list = [1 0]\n"}
{"Time":"2026-10-03T11:32:07.120348-03:00","Action":"output","Package":"golang.org/x/tools/internal/refactor/inline","Test":"TestCalleeEffects/Built-in_len_has_no_effect.","Output":"    falcon.go:189: falcon: emit type int۰0 int // \"int\"\n"}
{"Time":"2026-10-03T11:32:07.120354-03:00","Action":"output","Package":"golang.org/x/tools/internal/refactor/inline","Test":"TestCalleeEffects/Built-in_len_has_no_effect.","Output":"    falcon.go:189: falcon: emit type string۰1 string // \"string\"\n"}
{"Time":"2026-10-03T11:32:07.120373-03:00","Action":"output","Package":"golang.org/x/tools/internal/refactor/inline","Test":"TestCalleeEffects/Built-in_len_has_no_effect.","Output":"    falcon.go:210: falcon: emit constraint len(y) + len(x)\n"}
{"Time":"2026-10-03T11:32:07.12038-03:00","Action":"output","Package":"golang.org/x/tools/internal/refactor/inline","Test":"TestCalleeEffects/Built-in_len_has_no_effect.","Output":"--- PASS: TestCalleeEffects/Built-in_len_has_no_effect. (0.00s)\n","OutputType":"frame"}
{"Time":"2026-10-03T11:32:07.120384-03:00","Action":"pass","Package":"golang.org/x/tools/internal/refactor/inline","Test":"TestCalleeEffects/Built-in_len_has_no_effect.","Elapsed":0}
{"Time":"2026-10-03T11:32:07.120389-03:00","Action":"run","Package":"golang.org/x/tools/internal/refactor/inline","Test":"TestCalleeEffects/Built-in_println_has_effects."}
{"Time":"2026-10-03T11:32:07.120394-03:00","Action":"output","Package":"golang.org/x/tools/internal/refactor/inline","Test":"TestCalleeEffects/Built-in_println_has_effects.","Output":"=== RUN   TestCalleeEffects/Built-in_println_has_effects.\n","OutputType":"frame"}
{"Time":"2026-10-03T11:32:07.12041-03:00","Action":"output","Package":"golang.org/x/tools/internal/refactor/inline","Test":"TestCalleeEffects/Built-in_println_has_effects.","Output":"    callee.go:123: analyzeCallee func p.f(x int, y int) @ callee.go:2:1\n"}
{"Time":"2026-10-03T11:32:07.120524-03:00","Action":"output","Package":"golang.org/x/tools/internal/refactor/inline","Test":"TestCalleeEffects/Built-in_println_has_effects.","Output":"    callee.go:526: effects list = [1 0 -2]\n"}
{"Time":"2026-10-03T11:32:07.120529-03:00","Action":"output","Package":"golang.org/x/tools/internal/refactor/inline","Test":"TestCalleeEffects/Built-in_println_has_effects.","Output":"    falcon.go:189: falcon: emit type int۰0 int // \"int\"\n"}
{"Time":"2026-10-03T11:32:07.120533-03:00","Action":"output","Package":"golang.org/x/tools/internal/refactor/inline","Test":"TestCalleeEffects/Built-in_println_has_effects.","Output":"--- PASS: TestCalleeEffects/Built-in_println_has_effects. (0.00s)\n","OutputType":"frame"}
{"Time":"2026-10-03T11:32:07.120537-03:00","Action":"pass","Package":"golang.org/x/tools/internal/refactor/inline","Test":"TestCalleeEffects/Built-in_println_has_effects.","Elapsed":0}
{"Time":"2026-10-03T11:32:07.120541-03:00","Action":"run","Package":"golang.org/x/tools/internal/refactor/inline","Test":"TestCalleeEffects/Return_has_no_effect,_and_no_control_successor."}
{"Time":"2026-10-03T11:32:07.120551-03:00","Action":"output","Package":"golang.org/x/tools/internal/refactor/inline","Test":"TestCalleeEffects/Return_has_no_effect,_and_no_control_successor.","Output":"=== RUN   TestCalleeEffects/Return_has_no_effect,_and_no_control_successor.\n","OutputType":"frame"}
{"Time":"2026-10-03T11:32:07.120555-03:00","Action":"output","Package":"golang.org/x/tools/internal/refactor/inline","Test":"TestCalleeEffects/Return_has_no_effect,_and_no_control_successor.","Output":"    callee.go:123: analyzeCallee func p.f(x int, y int) int @ callee.go:2:1\n"}
{"Time":"2026-10-03T11:32:07.120559-03:00","Action":"output","Package":"golang.org/x/tools/internal/refactor/inline","Test":"TestCalleeEffects/Return_has_no_effect,_and_no_control_successor.","Output":"    callee.go:526: effects list = [0 1]\n"}
{"Time":"2026-10-03T11:32:07.120563-03:00","Action":"output","Package":"golang.org/x/tools/internal/refactor/inline","Test":"TestCalleeEffects/Return_has_no_effect,_and_no_control_successor.","Output":"    falcon.go:189: falcon: emit type int۰0 int // \"int\"\n"}
{"Time":"2026-10-03T11:32:07.120566-03:00","Action":"output","Package":"golang.org/x/tools/internal/refactor/inline","Test":"TestCalleeEffects/Return_has_no_effect,_and_no_control_successor.","Output":"    falcon.go:210: falcon: emit constraint x + y\n"}
{"Time":"2026-10-03T11:32:07.12057-03:00","Action":"output","Package":"golang.org/x/tools/internal/refactor/inline","Test":"TestCalleeEffects/Return_has_no_effect,_and_no_control_successor.","Output":"--- PASS: TestCalleeEffects/Return_has_no_effect,_and_no_control_successor. (0.00s)\n","OutputType":"frame"}
{"Time":"2026-10-03T11:32:07.120575-03:00","Action":"pass","Package":"golang.org/x/tools/internal/refactor/inline","Test":"TestCalleeEffects/Return_has_no_effect,_and_no_control_successor.","Elapsed":0}
{"Time":"2026-10-03T11:32:07.120582-03:00","Action":"run","Package":"golang.org/x/tools/internal/refactor/inline","Test":"TestCalleeEffects/Loops_(etc)_have_unknown_effects."}
{"Time":"2026-10-03T11:32:07.120586-03:00","Action":"output","Package":"golang.org/x/tools/internal/refactor/inline","Test":"TestCalleeEffects/Loops_(etc)_have_unknown_effects.","Output":"=== RUN   TestCalleeEffects/Loops_(etc)_have_unknown_effects.\n","OutputType":"frame"}
{"Time":"2026-10-03T11:32:07.120594-03:00","Action":"output","Package":"golang.org/x/tools/internal/refactor/inline","Test":"TestCalleeEffects/Loops_(etc)_have_unknown_effects.","Output":"    callee.go:123: analyzeCallee func p.f(x bool, y bool) @ callee.go:2:1\n"}
{"Time":"2026-10-03T11:32:07.1206-03:00","Action":"output","Package":"golang.org/x/tools/internal/refactor/inline","Test":"TestCalleeEffects/Loops_(etc)_have_unknown_effects.","Output":"    callee.go:526: effects list = [0 -2 1]\n"}
{"Time":"2026-10-03T11:32:07.120604-03:00","Action":"output","Package":"golang.org/x/tools/internal/refactor/inline","Test":"TestCalleeEffects/Loops_(etc)_have_unknown_effects.","Output":"    falcon.go:189: falcon: emit type int۰0 int // \"int\"\n"}
{"Time":"2026-10-03T11:32:07.120607-03:00","Action":"output","Package":"golang.org/x/tools/internal/refactor/inline","Test":"TestCalleeEffects/Loops_(etc)_have_unknown_effects.","Output":"    falcon.go:189: falcon: emit type bool۰1 bool // \"bool\"\n"}
{"Time":"2026-10-03T11:32:07.12061-03:00","Action":"output","Package":"golang.org/x/tools/internal/refactor/inline","Test":"TestCalleeEffects/Loops_(etc)_have_unknown_effects.","Output":"--- PASS: TestCalleeEffects/Loops_(etc)_have_unknown_effects. (0.00s)\n","OutputType":"frame"}
{"Time":"2026-10-03T11:32:07.120614-03:00","Action":"pass","Package":"golang.org/x/tools/internal/refactor/inline","Test":"TestCalleeEffects/Loops_(etc)_have_unknown_effects.","Elapsed":0}
{"Time":"2026-10-03T11:32:07.120617-03:00","Action":"run","Package":"golang.org/x/tools/internal/refactor/inline","Test":"TestCalleeEffects/Calls_have_unknown_effects."}
{"Time":"2026-10-03T11:32:07.12062-03:00","Action":"output","Package":"golang.org/x/tools/internal/refactor/inline","Test":"TestCalleeEffects/Calls_have_unknown_effects.","Output":"=== RUN   TestCalleeEffects/Calls_have_unknown_effects.\n","OutputType":"frame"}
{"Time":"2026-10-03T11:32:07.120628-03:00","Action":"output","Package":"golang.org/x/tools/internal/refactor/inline","Test":"TestCalleeEffects/Calls_have_unknown_effects.","Output":"    callee.go:123: analyzeCallee func p.f(x int, y int) @ callee.go:2:1\n"}
{"Time":"2026-10-03T11:32:07.120632-03:00","Action":"output","Package":"golang.org/x/tools/internal/refactor/inline","Test":"TestCalleeEffects/Calls_have_unknown_effects.","Output":"    callee.go:526: effects list = [0 -2 1]\n"}
{"Time":"2026-10-03T11:32:07.120635-03:00","Action":"output","Package":"golang.org/x/tools/internal/refactor/inline","Test":"TestCalleeEffects/Calls_have_unknown_effects.","Output":"    falcon.go:189: falcon: emit type int۰0 int // \"int\"\n"}
{"Time":"2026-10-03T11:32:07.12064-03:00","Action":"output","Package":"golang.org/x/tools/internal/refactor/inline","Test":"TestCalleeEffects/Calls_have_unknown_effects.","Output":"--- PASS: TestCalleeEffects/Calls_have_unknown_effects. (0.00s)\n","OutputType":"frame"}
{"Time":"2026-10-03T11:32:07.120643-03:00","Action":"pass","Package":"golang.org/x/tools/internal/refactor/inline","Test":"TestCalleeEffects/Calls_have_unknown_effects.","Elapsed":0}
{"Time":"2026-10-03T11:32:07.120646-03:00","Action":"run","Package":"golang.org/x/tools/internal/refactor/inline","Test":"TestCalleeEffects/Calls_to_some_built-ins_are_pure."}
{"Time":"2026-10-03T11:32:07.120649-03:00","Action":"output","Package":"golang.org/x/tools/internal/refactor/inline","Test":"TestCalleeEffects/Calls_to_some_built-ins_are_pure.","Output":"=== RUN   TestCalleeEffects/Calls_to_some_built-ins_are_pure.\n","OutputType":"frame"}
{"Time":"2026-10-03T11:32:07.120653-03:00","Action":"output","Package":"golang.org/x/tools/internal/refactor/inline","Test":"TestCalleeEffects/Calls_to_some_built-ins_are_pure.","Output":"    callee.go:123: analyzeCallee func p.f(x int, y int) @ callee.go:2:1\n"}
{"Time":"2026-10-03T11:32:07.120657-03:00","Action":"output","Package":"golang.org/x/tools/internal/refactor/inline","Test":"TestCalleeEffects/Calls_to_some_built-ins_are_pure.","Output":"    callee.go:526: effects list = [0 1]\n"}
{"Time":"2026-10-03T11:32:07.12066-03:00","Action":"output","Package":"golang.org/x/tools/internal/refactor/inline","Test":"TestCalleeEffects/Calls_to_some_built-ins_are_pure.","Output":"    falcon.go:189: falcon: emit type int۰0 int // \"int\"\n"}
{"Time":"2026-10-03T11:32:07.120664-03:00","Action":"output","Package":"golang.org/x/tools/internal/refactor/inline","Test":"TestCalleeEffects/Calls_to_some_built-ins_are_pure.","Output":"--- PASS: TestCalleeEffects/Calls_to_some_built-ins_are_pure. (0.00s)\n","OutputType":"frame"}
{"Time":"2026-10-03T11:32:07.120666-03:00","Action":"pass","Package":"golang.org/x/tools/internal/refactor/inline","Test":"TestCalleeEffects/Calls_to_some_built-ins_are_pure.","Elapsed":0}
{"Time":"2026-10-03T11:32:07.120669-03:00","Action":"run","Package":"golang.org/x/tools/internal/refactor/inline","Test":"TestCalleeEffects/Calls_to_some_built-ins_are_pure_(variant)."}
{"Time":"2026-10-03T11:32:07.120671-03:00","Action":"output","Package":"golang.org/x/tools/internal/refactor/inline","Test":"TestCalleeEffects/Calls_to_some_built-ins_are_pure_(variant).","Output":"=== RUN   TestCalleeEffects/Calls_to_some_built-ins_are_pure_(variant).\n","OutputType":"frame"}
{"Time":"2026-10-03T11:32:07.120674-03:00","Action":"output","Package":"golang.org/x/tools/internal/refactor/inline","Test":"TestCalleeEffects/Calls_to_some_built-ins_are_pure_(variant).","Output":"    callee.go:123: analyzeCallee func p.f(x int, y int) @ callee.go:2:1\n"}
{"Time":"2026-10-03T11:32:07.1207-03:00","Action":"output","Package":"golang.org/x/tools/internal/refactor/inline","Test":"TestCalleeEffects/Calls_to_some_built-ins_are_pure_(variant).","Output":"    callee.go:526: effects list = [0 1 -2]\n"}
{"Time":"2026-10-03T11:32:07.120732-03:00","Action":"output","Package":"golang.org/x/tools/internal/refactor/inline","Test":"TestCalleeEffects/Calls_to_some_built-ins_are_pure_(variant).","Output":"    falcon.go:189: falcon: emit type int۰0 int // \"int\"\n"}
{"Time":"2026-10-03T11:32:07.120758-03:00","Action":"output","Package":"golang.org/x/tools/internal/refactor/inline","Test":"TestCalleeEffects/Calls_to_some_built-ins_are_pure_(variant).","Output":"--- PASS: TestCalleeEffects/Calls_to_some_built-ins_are_pure_(variant). (0.00s)\n","OutputType":"frame"}
{"Time":"2026-10-03T11:32:07.120771-03:00","Action":"pass","Package":"golang.org/x/tools/internal/refactor/inline","Test":"TestCalleeEffects/Calls_to_some_built-ins_are_pure_(variant).","Elapsed":0}
{"Time":"2026-10-03T11:32:07.120782-03:00","Action":"run","Package":"golang.org/x/tools/internal/refactor/inline","Test":"TestCalleeEffects/Calls_to_some_built-ins_are_pure_(another_variants)."}
{"Time":"2026-10-03T11:32:07.120791-03:00","Action":"output","Package":"golang.org/x/tools/internal/refactor/inline","Test":"TestCalleeEffects/Calls_to_some_built-ins_are_pure_(another_variants).","Output":"=== RUN   TestCalleeEffects/Calls_to_some_built-ins_are_pure_(another_variants).\n","OutputType":"frame"}
{"Time":"2026-10-03T11:32:07.1208-03:00","Action":"output","Package":"golang.org/x/tools/internal/refactor/inline","Test":"TestCalleeEffects/Calls_to_some_built-ins_are_pure_(another_variants).","Output":"    callee.go:123: analyzeCallee func p.f(x int, y int) @ callee.go:2:1\n"}
{"Time":"2026-10-03T11:32:07.120809-03:00","Action":"output","Package":"golang.org/x/tools/internal/refactor/inline","Test":"TestCalleeEffects/Calls_to_some_built-ins_are_pure_(another_variants).","Output":"    callee.go:526: effects list = [0 1]\n"}
{"Time":"2026-10-03T11:32:07.120818-03:00","Action":"output","Package":"golang.org/x/tools/internal/refactor/inline","Test":"TestCalleeEffects/Calls_to_some_built-ins_are_pure_(another_variants).","Output":"    falcon.go:189: falcon: emit type int۰0 int // \"int\"\n"}
{"Time":"2026-10-03T11:32:07.120827-03:00","Action":"output","Package":"golang.org/x/tools/internal/refactor/inline","Test":"TestCalleeEffects/Calls_to_some_built-ins_are_pure_(another_variants).","Output":"--- PASS: TestCalleeEffects/Calls_to_some_built-ins_are_pure_(another_variants). (0.00s)\n","OutputType":"frame"}
{"Time":"2026-10-03T11:32:07.120841-03:00","Action":"pass","Package":"golang.org/x/tools/internal/refactor/inline","Test":"TestCalleeEffects/Calls_to_some_built-ins_are_pure_(another_variants).","Elapsed":0}
{"Time":"2026-10-03T11:32:07.120849-03:00","Action":"run","Package":"golang.org/x/tools/internal/refactor/inline","Test":"TestCalleeEffects/Reading_a_local_var_is_impure_but_does_not_have_effects."}
{"Time":"2026-10-03T11:32:07.120857-03:00","Action":"output","Package":"golang.org/x/tools/internal/refactor/inline","Test":"TestCalleeEffects/Reading_a_local_var_is_impure_but_does_not_have_effects.","Output":"=== RUN   TestCalleeEffects/Reading_a_local_var_is_impure_but_does_not_have_effects.\n","OutputType":"frame"}
{"Time":"2026-10-03T11:32:07.120878-03:00","Action":"output","Package":"golang.org/x/tools/internal/refactor/inline","Test":"TestCalleeEffects/Reading_a_local_var_is_impure_but_does_not_have_effects.","Output":"    callee.go:123: analyzeCallee func p.f(x bool, y bool) @ callee.go:2:1\n"}
{"Time":"2026-10-03T11:32:07.120888-03:00","Action":"output","Package":"golang.org/x/tools/internal/refactor/inline","Test":"TestCalleeEffects/Reading_a_local_var_is_impure_but_does_not_have_effects.","Output":"    callee.go:526: effects list = [0 -2 1]\n"}
{"Time":"2026-10-03T11:32:07.120897-03:00","Action":"output","Package":"golang.org/x/tools/internal/refactor/inline","Test":"TestCalleeEffects/Reading_a_local_var_is_impure_but_does_not_have_effects.","Output":"    falcon.go:189: falcon: emit type int۰0 int // \"int\"\n"}
{"Time":"2026-10-03T11:32:07.120905-03:00","Action":"output","Package":"golang.org/x/tools/internal/refactor/inline","Test":"TestCalleeEffects/Reading_a_local_var_is_impure_but_does_not_have_effects.","Output":"    falcon.go:189: falcon: emit type bool۰1 bool // \"bool\"\n"}
{"Time":"2026-10-03T11:32:07.120921-03:00","Action":"output","Package":"golang.org/x/tools/internal/refactor/inline","Test":"TestCalleeEffects/Reading_a_local_var_is_impure_but_does_not_have_effects.","Output":"--- PASS: TestCalleeEffects/Reading_a_local_var_is_impure_but_does_not_have_effects. (0.00s)\n","OutputType":"frame"}
{"Time":"2026-10-03T11:32:07.120936-03:00","Action":"pass","Package":"golang.org/x/tools/internal/refactor/inline","Test":"TestCalleeEffects/Reading_a_local_var_is_impure_but_does_not_have_effects.","Elapsed":0}
{"Time":"2026-10-03T11:32:07.120946-03:00","Action":"output","Package":"golang.org/x/tools/internal/refactor/inline","Test":"TestCalleeEffects","Output":"--- PASS: TestCalleeEffects (0.00s)\n","OutputType":"frame"}
{"Time":"2026-10-03T11:32:07.120954-03:00","Action":"pass","Package":"golang.org/x/tools/internal/refactor/inline","Test":"TestCalleeEffects","Elapsed":0}
{"Time":"2026-10-03T11:32:07.120969-03:00","Action":"run","Package":"golang.org/x/tools/internal/refactor/inline","Test":"TestGonCalleeSafety"}
{"Time":"2026-10-03T11:32:07.120978-03:00","Action":"output","Package":"golang.org/x/tools/internal/refactor/inline","Test":"TestGonCalleeSafety","Output":"=== RUN   TestGonCalleeSafety\n","OutputType":"frame"}
{"Time":"2026-10-03T11:32:07.120987-03:00","Action":"run","Package":"golang.org/x/tools/internal/refactor/inline","Test":"TestGonCalleeSafety/return_if_c_{_1_}_else_{_2_},_nil"}
{"Time":"2026-10-03T11:32:07.120996-03:00","Action":"output","Package":"golang.org/x/tools/internal/refactor/inline","Test":"TestGonCalleeSafety/return_if_c_{_1_}_else_{_2_},_nil","Output":"=== RUN   TestGonCalleeSafety/return_if_c_{_1_}_else_{_2_},_nil\n","OutputType":"frame"}
{"Time":"2026-10-03T11:32:07.121005-03:00","Action":"output","Package":"golang.org/x/tools/internal/refactor/inline","Test":"TestGonCalleeSafety/return_if_c_{_1_}_else_{_2_},_nil","Output":"--- PASS: TestGonCalleeSafety/return_if_c_{_1_}_else_{_2_},_nil (0.00s)\n","OutputType":"frame"}
{"Time":"2026-10-03T11:32:07.121014-03:00","Action":"pass","Package":"golang.org/x/tools/internal/refactor/inline","Test":"TestGonCalleeSafety/return_if_c_{_1_}_else_{_2_},_nil","Elapsed":0}
{"Time":"2026-10-03T11:32:07.121025-03:00","Action":"run","Package":"golang.org/x/tools/internal/refactor/inline","Test":"TestGonCalleeSafety/return_read()!,_nil"}
{"Time":"2026-10-03T11:32:07.121033-03:00","Action":"output","Package":"golang.org/x/tools/internal/refactor/inline","Test":"TestGonCalleeSafety/return_read()!,_nil","Output":"=== RUN   TestGonCalleeSafety/return_read()!,_nil\n","OutputType":"frame"}
{"Time":"2026-10-03T11:32:07.121042-03:00","Action":"output","Package":"golang.org/x/tools/internal/refactor/inline","Test":"TestGonCalleeSafety/return_read()!,_nil","Output":"--- PASS: TestGonCalleeSafety/return_read()!,_nil (0.00s)\n","OutputType":"frame"}
{"Time":"2026-10-03T11:32:07.12105-03:00","Action":"pass","Package":"golang.org/x/tools/internal/refactor/inline","Test":"TestGonCalleeSafety/return_read()!,_nil","Elapsed":0}
{"Time":"2026-10-03T11:32:07.121059-03:00","Action":"run","Package":"golang.org/x/tools/internal/refactor/inline","Test":"TestGonCalleeSafety/return_read()_or_err_{_return_0,_err_},_nil"}
{"Time":"2026-10-03T11:32:07.121067-03:00","Action":"output","Package":"golang.org/x/tools/internal/refactor/inline","Test":"TestGonCalleeSafety/return_read()_or_err_{_return_0,_err_},_nil","Output":"=== RUN   TestGonCalleeSafety/return_read()_or_err_{_return_0,_err_},_nil\n","OutputType":"frame"}
{"Time":"2026-10-03T11:32:07.121076-03:00","Action":"output","Package":"golang.org/x/tools/internal/refactor/inline","Test":"TestGonCalleeSafety/return_read()_or_err_{_return_0,_err_},_nil","Output":"--- PASS: TestGonCalleeSafety/return_read()_or_err_{_return_0,_err_},_nil (0.00s)\n","OutputType":"frame"}
{"Time":"2026-10-03T11:32:07.121084-03:00","Action":"pass","Package":"golang.org/x/tools/internal/refactor/inline","Test":"TestGonCalleeSafety/return_read()_or_err_{_return_0,_err_},_nil","Elapsed":0}
{"Time":"2026-10-03T11:32:07.121099-03:00","Action":"run","Package":"golang.org/x/tools/internal/refactor/inline","Test":"TestGonCalleeSafety/var_cb_func()_int_=_()_=\u003e_1;_return_cb(),_nil"}
{"Time":"2026-10-03T11:32:07.121107-03:00","Action":"output","Package":"golang.org/x/tools/internal/refactor/inline","Test":"TestGonCalleeSafety/var_cb_func()_int_=_()_=\u003e_1;_return_cb(),_nil","Output":"=== RUN   TestGonCalleeSafety/var_cb_func()_int_=_()_=\u003e_1;_return_cb(),_nil\n","OutputType":"frame"}
{"Time":"2026-10-03T11:32:07.121116-03:00","Action":"output","Package":"golang.org/x/tools/internal/refactor/inline","Test":"TestGonCalleeSafety/var_cb_func()_int_=_()_=\u003e_1;_return_cb(),_nil","Output":"--- PASS: TestGonCalleeSafety/var_cb_func()_int_=_()_=\u003e_1;_return_cb(),_nil (0.00s)\n","OutputType":"frame"}
{"Time":"2026-10-03T11:32:07.121124-03:00","Action":"pass","Package":"golang.org/x/tools/internal/refactor/inline","Test":"TestGonCalleeSafety/var_cb_func()_int_=_()_=\u003e_1;_return_cb(),_nil","Elapsed":0}
{"Time":"2026-10-03T11:32:07.121132-03:00","Action":"run","Package":"golang.org/x/tools/internal/refactor/inline","Test":"TestGonCalleeSafety/var_p_*int;_return_*p_??_1,_nil"}
{"Time":"2026-10-03T11:32:07.121141-03:00","Action":"output","Package":"golang.org/x/tools/internal/refactor/inline","Test":"TestGonCalleeSafety/var_p_*int;_return_*p_??_1,_nil","Output":"=== RUN   TestGonCalleeSafety/var_p_*int;_return_*p_??_1,_nil\n","OutputType":"frame"}
{"Time":"2026-10-03T11:32:07.121149-03:00","Action":"output","Package":"golang.org/x/tools/internal/refactor/inline","Test":"TestGonCalleeSafety/var_p_*int;_return_*p_??_1,_nil","Output":"--- PASS: TestGonCalleeSafety/var_p_*int;_return_*p_??_1,_nil (0.00s)\n","OutputType":"frame"}
{"Time":"2026-10-03T11:32:07.121158-03:00","Action":"pass","Package":"golang.org/x/tools/internal/refactor/inline","Test":"TestGonCalleeSafety/var_p_*int;_return_*p_??_1,_nil","Elapsed":0}
{"Time":"2026-10-03T11:32:07.121166-03:00","Action":"run","Package":"golang.org/x/tools/internal/refactor/inline","Test":"TestGonCalleeSafety/return_1,_nil"}
{"Time":"2026-10-03T11:32:07.121174-03:00","Action":"output","Package":"golang.org/x/tools/internal/refactor/inline","Test":"TestGonCalleeSafety/return_1,_nil","Output":"=== RUN   TestGonCalleeSafety/return_1,_nil\n","OutputType":"frame"}
{"Time":"2026-10-03T11:32:07.121183-03:00","Action":"output","Package":"golang.org/x/tools/internal/refactor/inline","Test":"TestGonCalleeSafety/return_1,_nil","Output":"    callee.go:123: analyzeCallee func p.f(c bool) (int, error) @ p.go:1:54\n"}
{"Time":"2026-10-03T11:32:07.121192-03:00","Action":"output","Package":"golang.org/x/tools/internal/refactor/inline","Test":"TestGonCalleeSafety/return_1,_nil","Output":"    callee.go:526: effects list = []\n"}
{"Time":"2026-10-03T11:32:07.121201-03:00","Action":"output","Package":"golang.org/x/tools/internal/refactor/inline","Test":"TestGonCalleeSafety/return_1,_nil","Output":"    falcon.go:189: falcon: emit type int۰0 int // \"int\"\n"}
{"Time":"2026-10-03T11:32:07.121209-03:00","Action":"output","Package":"golang.org/x/tools/internal/refactor/inline","Test":"TestGonCalleeSafety/return_1,_nil","Output":"    falcon.go:189: falcon: emit type bool۰1 bool // \"bool\"\n"}
{"Time":"2026-10-03T11:32:07.121219-03:00","Action":"output","Package":"golang.org/x/tools/internal/refactor/inline","Test":"TestGonCalleeSafety/return_1,_nil","Output":"--- PASS: TestGonCalleeSafety/return_1,_nil (0.00s)\n","OutputType":"frame"}
{"Time":"2026-10-03T11:32:07.121232-03:00","Action":"pass","Package":"golang.org/x/tools/internal/refactor/inline","Test":"TestGonCalleeSafety/return_1,_nil","Elapsed":0}
{"Time":"2026-10-03T11:32:07.12124-03:00","Action":"output","Package":"golang.org/x/tools/internal/refactor/inline","Test":"TestGonCalleeSafety","Output":"--- PASS: TestGonCalleeSafety (0.00s)\n","OutputType":"frame"}
{"Time":"2026-10-03T11:32:07.121248-03:00","Action":"pass","Package":"golang.org/x/tools/internal/refactor/inline","Test":"TestGonCalleeSafety","Elapsed":0}
{"Time":"2026-10-03T11:32:07.121256-03:00","Action":"run","Package":"golang.org/x/tools/internal/refactor/inline","Test":"TestGonCallerSafety"}
{"Time":"2026-10-03T11:32:07.121268-03:00","Action":"output","Package":"golang.org/x/tools/internal/refactor/inline","Test":"TestGonCallerSafety","Output":"=== RUN   TestGonCallerSafety\n","OutputType":"frame"}
{"Time":"2026-10-03T11:32:07.121277-03:00","Action":"run","Package":"golang.org/x/tools/internal/refactor/inline","Test":"TestGonCallerSafety/lambda_argument"}
{"Time":"2026-10-03T11:32:07.121286-03:00","Action":"output","Package":"golang.org/x/tools/internal/refactor/inline","Test":"TestGonCallerSafety/lambda_argument","Output":"=== RUN   TestGonCallerSafety/lambda_argument\n","OutputType":"frame"}
{"Time":"2026-10-03T11:32:07.121302-03:00","Action":"output","Package":"golang.org/x/tools/internal/refactor/inline","Test":"TestGonCallerSafety/lambda_argument","Output":"    callee.go:123: analyzeCallee func p.f(cb func(int) int) int @ callee.go:2:1\n"}
{"Time":"2026-10-03T11:32:07.12131-03:00","Action":"output","Package":"golang.org/x/tools/internal/refactor/inline","Test":"TestGonCallerSafety/lambda_argument","Output":"    callee.go:526: effects list = [0 -2]\n"}
{"Time":"2026-10-03T11:32:07.121321-03:00","Action":"output","Package":"golang.org/x/tools/internal/refactor/inline","Test":"TestGonCallerSafety/lambda_argument","Output":"    falcon.go:189: falcon: emit type int۰0 int // \"int\"\n"}
{"Time":"2026-10-03T11:32:07.12133-03:00","Action":"output","Package":"golang.org/x/tools/internal/refactor/inline","Test":"TestGonCallerSafety/lambda_argument","Output":"    inline.go:108: inline f((x) =\u003e x + 1) @ caller.go:2:24\n"}
{"Time":"2026-10-03T11:32:07.121339-03:00","Action":"output","Package":"golang.org/x/tools/internal/refactor/inline","Test":"TestGonCallerSafety/lambda_argument","Output":"--- PASS: TestGonCallerSafety/lambda_argument (0.00s)\n","OutputType":"frame"}
{"Time":"2026-10-03T11:32:07.121349-03:00","Action":"pass","Package":"golang.org/x/tools/internal/refactor/inline","Test":"TestGonCallerSafety/lambda_argument","Elapsed":0}
{"Time":"2026-10-03T11:32:07.121356-03:00","Action":"run","Package":"golang.org/x/tools/internal/refactor/inline","Test":"TestGonCallerSafety/coalesce_argument"}
{"Time":"2026-10-03T11:32:07.121365-03:00","Action":"output","Package":"golang.org/x/tools/internal/refactor/inline","Test":"TestGonCallerSafety/coalesce_argument","Output":"=== RUN   TestGonCallerSafety/coalesce_argument\n","OutputType":"frame"}
{"Time":"2026-10-03T11:32:07.121374-03:00","Action":"output","Package":"golang.org/x/tools/internal/refactor/inline","Test":"TestGonCallerSafety/coalesce_argument","Output":"    callee.go:123: analyzeCallee func p.f(x *int) *int @ callee.go:2:1\n"}
{"Time":"2026-10-03T11:32:07.121382-03:00","Action":"output","Package":"golang.org/x/tools/internal/refactor/inline","Test":"TestGonCallerSafety/coalesce_argument","Output":"    callee.go:526: effects list = [0]\n"}
{"Time":"2026-10-03T11:32:07.12139-03:00","Action":"output","Package":"golang.org/x/tools/internal/refactor/inline","Test":"TestGonCallerSafety/coalesce_argument","Output":"    falcon.go:189: falcon: emit type int۰0 int // \"int\"\n"}
{"Time":"2026-10-03T11:32:07.1214-03:00","Action":"output","Package":"golang.org/x/tools/internal/refactor/inline","Test":"TestGonCallerSafety/coalesce_argument","Output":"    inline.go:108: inline f(p ?? q) @ caller.go:2:34\n"}
{"Time":"2026-10-03T11:32:07.121417-03:00","Action":"output","Package":"golang.org/x/tools/internal/refactor/inline","Test":"TestGonCallerSafety/coalesce_argument","Output":"--- PASS: TestGonCallerSafety/coalesce_argument (0.00s)\n","OutputType":"frame"}
{"Time":"2026-10-03T11:32:07.121427-03:00","Action":"pass","Package":"golang.org/x/tools/internal/refactor/inline","Test":"TestGonCallerSafety/coalesce_argument","Elapsed":0}
{"Time":"2026-10-03T11:32:07.121435-03:00","Action":"run","Package":"golang.org/x/tools/internal/refactor/inline","Test":"TestGonCallerSafety/safe_navigation"}
{"Time":"2026-10-03T11:32:07.121443-03:00","Action":"output","Package":"golang.org/x/tools/internal/refactor/inline","Test":"TestGonCallerSafety/safe_navigation","Output":"=== RUN   TestGonCallerSafety/safe_navigation\n","OutputType":"frame"}
{"Time":"2026-10-03T11:32:07.121469-03:00","Action":"output","Package":"golang.org/x/tools/internal/refactor/inline","Test":"TestGonCallerSafety/safe_navigation","Output":"    callee.go:123: analyzeCallee func p.f() int @ callee.go:2:1\n"}
{"Time":"2026-10-03T11:32:07.121474-03:00","Action":"output","Package":"golang.org/x/tools/internal/refactor/inline","Test":"TestGonCallerSafety/safe_navigation","Output":"    callee.go:526: effects list = []\n"}
{"Time":"2026-10-03T11:32:07.121479-03:00","Action":"output","Package":"golang.org/x/tools/internal/refactor/inline","Test":"TestGonCallerSafety/safe_navigation","Output":"    falcon.go:189: falcon: emit type int۰0 int // \"int\"\n"}
{"Time":"2026-10-03T11:32:07.121484-03:00","Action":"output","Package":"golang.org/x/tools/internal/refactor/inline","Test":"TestGonCallerSafety/safe_navigation","Output":"    inline.go:108: inline f() @ caller.go:2:60\n"}
{"Time":"2026-10-03T11:32:07.121497-03:00","Action":"output","Package":"golang.org/x/tools/internal/refactor/inline","Test":"TestGonCallerSafety/safe_navigation","Output":"--- PASS: TestGonCallerSafety/safe_navigation (0.00s)\n","OutputType":"frame"}
{"Time":"2026-10-03T11:32:07.121503-03:00","Action":"pass","Package":"golang.org/x/tools/internal/refactor/inline","Test":"TestGonCallerSafety/safe_navigation","Elapsed":0}
{"Time":"2026-10-03T11:32:07.121509-03:00","Action":"run","Package":"golang.org/x/tools/internal/refactor/inline","Test":"TestGonCallerSafety/conditional_argument"}
{"Time":"2026-10-03T11:32:07.121513-03:00","Action":"output","Package":"golang.org/x/tools/internal/refactor/inline","Test":"TestGonCallerSafety/conditional_argument","Output":"=== RUN   TestGonCallerSafety/conditional_argument\n","OutputType":"frame"}
{"Time":"2026-10-03T11:32:07.121533-03:00","Action":"output","Package":"golang.org/x/tools/internal/refactor/inline","Test":"TestGonCallerSafety/conditional_argument","Output":"    callee.go:123: analyzeCallee func p.f(x int) int @ callee.go:2:1\n"}
{"Time":"2026-10-03T11:32:07.121546-03:00","Action":"output","Package":"golang.org/x/tools/internal/refactor/inline","Test":"TestGonCallerSafety/conditional_argument","Output":"    callee.go:526: effects list = [0]\n"}
{"Time":"2026-10-03T11:32:07.121557-03:00","Action":"output","Package":"golang.org/x/tools/internal/refactor/inline","Test":"TestGonCallerSafety/conditional_argument","Output":"    falcon.go:189: falcon: emit type int۰0 int // \"int\"\n"}
{"Time":"2026-10-03T11:32:07.121566-03:00","Action":"output","Package":"golang.org/x/tools/internal/refactor/inline","Test":"TestGonCallerSafety/conditional_argument","Output":"    falcon.go:210: falcon: emit constraint x + x\n"}
{"Time":"2026-10-03T11:32:07.12162-03:00","Action":"output","Package":"golang.org/x/tools/internal/refactor/inline","Test":"TestGonCallerSafety/conditional_argument","Output":"    inline.go:108: inline f(if c { 1 } else { 2 }) @ caller.go:2:30\n"}
{"Time":"2026-10-03T11:32:07.121634-03:00","Action":"output","Package":"golang.org/x/tools/internal/refactor/inline","Test":"TestGonCallerSafety/conditional_argument","Output":"--- PASS: TestGonCallerSafety/conditional_argument (0.00s)\n","OutputType":"frame"}
{"Time":"2026-10-03T11:32:07.121642-03:00","Action":"pass","Package":"golang.org/x/tools/internal/refactor/inline","Test":"TestGonCallerSafety/conditional_argument","Elapsed":0}
{"Time":"2026-10-03T11:32:07.12165-03:00","Action":"run","Package":"golang.org/x/tools/internal/refactor/inline","Test":"TestGonCallerSafety/nil_target_argument"}
{"Time":"2026-10-03T11:32:07.121658-03:00","Action":"output","Package":"golang.org/x/tools/internal/refactor/inline","Test":"TestGonCallerSafety/nil_target_argument","Output":"=== RUN   TestGonCallerSafety/nil_target_argument\n","OutputType":"frame"}
{"Time":"2026-10-03T11:32:07.121667-03:00","Action":"output","Package":"golang.org/x/tools/internal/refactor/inline","Test":"TestGonCallerSafety/nil_target_argument","Output":"    callee.go:123: analyzeCallee func p.f(x *int) *int @ callee.go:2:1\n"}
{"Time":"2026-10-03T11:32:07.121687-03:00","Action":"output","Package":"golang.org/x/tools/internal/refactor/inline","Test":"TestGonCallerSafety/nil_target_argument","Output":"    callee.go:526: effects list = [0]\n"}
{"Time":"2026-10-03T11:32:07.121695-03:00","Action":"output","Package":"golang.org/x/tools/internal/refactor/inline","Test":"TestGonCallerSafety/nil_target_argument","Output":"    falcon.go:189: falcon: emit type int۰0 int // \"int\"\n"}
{"Time":"2026-10-03T11:32:07.121744-03:00","Action":"output","Package":"golang.org/x/tools/internal/refactor/inline","Test":"TestGonCallerSafety/nil_target_argument","Output":"    inline.go:108: inline f(if c { nil } else { nil }) @ caller.go:2:31\n"}
{"Time":"2026-10-03T11:32:07.121753-03:00","Action":"output","Package":"golang.org/x/tools/internal/refactor/inline","Test":"TestGonCallerSafety/nil_target_argument","Output":"--- PASS: TestGonCallerSafety/nil_target_argument (0.00s)\n","OutputType":"frame"}
{"Time":"2026-10-03T11:32:07.121758-03:00","Action":"pass","Package":"golang.org/x/tools/internal/refactor/inline","Test":"TestGonCallerSafety/nil_target_argument","Elapsed":0}
{"Time":"2026-10-03T11:32:07.121763-03:00","Action":"run","Package":"golang.org/x/tools/internal/refactor/inline","Test":"TestGonCallerSafety/then_branch"}
{"Time":"2026-10-03T11:32:07.121768-03:00","Action":"output","Package":"golang.org/x/tools/internal/refactor/inline","Test":"TestGonCallerSafety/then_branch","Output":"=== RUN   TestGonCallerSafety/then_branch\n","OutputType":"frame"}
{"Time":"2026-10-03T11:32:07.121773-03:00","Action":"output","Package":"golang.org/x/tools/internal/refactor/inline","Test":"TestGonCallerSafety/then_branch","Output":"    callee.go:123: analyzeCallee func p.f() int @ callee.go:2:1\n"}
{"Time":"2026-10-03T11:32:07.121778-03:00","Action":"output","Package":"golang.org/x/tools/internal/refactor/inline","Test":"TestGonCallerSafety/then_branch","Output":"    callee.go:526: effects list = []\n"}
{"Time":"2026-10-03T11:32:07.121785-03:00","Action":"output","Package":"golang.org/x/tools/internal/refactor/inline","Test":"TestGonCallerSafety/then_branch","Output":"    falcon.go:189: falcon: emit type int۰0 int // \"int\"\n"}
{"Time":"2026-10-03T11:32:07.121848-03:00","Action":"output","Package":"golang.org/x/tools/internal/refactor/inline","Test":"TestGonCallerSafety/then_branch","Output":"    inline.go:108: inline f() @ caller.go:2:37\n"}
{"Time":"2026-10-03T11:32:07.121856-03:00","Action":"output","Package":"golang.org/x/tools/internal/refactor/inline","Test":"TestGonCallerSafety/then_branch","Output":"--- PASS: TestGonCallerSafety/then_branch (0.00s)\n","OutputType":"frame"}
{"Time":"2026-10-03T11:32:07.12186-03:00","Action":"pass","Package":"golang.org/x/tools/internal/refactor/inline","Test":"TestGonCallerSafety/then_branch","Elapsed":0}
{"Time":"2026-10-03T11:32:07.121864-03:00","Action":"run","Package":"golang.org/x/tools/internal/refactor/inline","Test":"TestGonCallerSafety/else_branch"}
{"Time":"2026-10-03T11:32:07.121867-03:00","Action":"output","Package":"golang.org/x/tools/internal/refactor/inline","Test":"TestGonCallerSafety/else_branch","Output":"=== RUN   TestGonCallerSafety/else_branch\n","OutputType":"frame"}
{"Time":"2026-10-03T11:32:07.121879-03:00","Action":"output","Package":"golang.org/x/tools/internal/refactor/inline","Test":"TestGonCallerSafety/else_branch","Output":"    callee.go:123: analyzeCallee func p.f() int @ callee.go:2:1\n"}
{"Time":"2026-10-03T11:32:07.121884-03:00","Action":"output","Package":"golang.org/x/tools/internal/refactor/inline","Test":"TestGonCallerSafety/else_branch","Output":"    callee.go:526: effects list = []\n"}
{"Time":"2026-10-03T11:32:07.121888-03:00","Action":"output","Package":"golang.org/x/tools/internal/refactor/inline","Test":"TestGonCallerSafety/else_branch","Output":"    falcon.go:189: falcon: emit type int۰0 int // \"int\"\n"}
{"Time":"2026-10-03T11:32:07.12195-03:00","Action":"output","Package":"golang.org/x/tools/internal/refactor/inline","Test":"TestGonCallerSafety/else_branch","Output":"    inline.go:108: inline f() @ caller.go:2:48\n"}
{"Time":"2026-10-03T11:32:07.121964-03:00","Action":"output","Package":"golang.org/x/tools/internal/refactor/inline","Test":"TestGonCallerSafety/else_branch","Output":"--- PASS: TestGonCallerSafety/else_branch (0.00s)\n","OutputType":"frame"}
{"Time":"2026-10-03T11:32:07.121968-03:00","Action":"pass","Package":"golang.org/x/tools/internal/refactor/inline","Test":"TestGonCallerSafety/else_branch","Elapsed":0}
{"Time":"2026-10-03T11:32:07.121972-03:00","Action":"run","Package":"golang.org/x/tools/internal/refactor/inline","Test":"TestGonCallerSafety/condition"}
{"Time":"2026-10-03T11:32:07.121975-03:00","Action":"output","Package":"golang.org/x/tools/internal/refactor/inline","Test":"TestGonCallerSafety/condition","Output":"=== RUN   TestGonCallerSafety/condition\n","OutputType":"frame"}
{"Time":"2026-10-03T11:32:07.121979-03:00","Action":"output","Package":"golang.org/x/tools/internal/refactor/inline","Test":"TestGonCallerSafety/condition","Output":"    callee.go:123: analyzeCallee func p.f() bool @ callee.go:2:1\n"}
{"Time":"2026-10-03T11:32:07.121982-03:00","Action":"output","Package":"golang.org/x/tools/internal/refactor/inline","Test":"TestGonCallerSafety/condition","Output":"    callee.go:526: effects list = []\n"}
{"Time":"2026-10-03T11:32:07.121985-03:00","Action":"output","Package":"golang.org/x/tools/internal/refactor/inline","Test":"TestGonCallerSafety/condition","Output":"    falcon.go:189: falcon: emit type int۰0 int // \"int\"\n"}
{"Time":"2026-10-03T11:32:07.121989-03:00","Action":"output","Package":"golang.org/x/tools/internal/refactor/inline","Test":"TestGonCallerSafety/condition","Output":"    falcon.go:189: falcon: emit type bool۰1 bool // \"bool\"\n"}
{"Time":"2026-10-03T11:32:07.122109-03:00","Action":"output","Package":"golang.org/x/tools/internal/refactor/inline","Test":"TestGonCallerSafety/condition","Output":"    inline.go:108: inline f() @ caller.go:2:27\n"}
{"Time":"2026-10-03T11:32:07.122116-03:00","Action":"output","Package":"golang.org/x/tools/internal/refactor/inline","Test":"TestGonCallerSafety/condition","Output":"--- PASS: TestGonCallerSafety/condition (0.00s)\n","OutputType":"frame"}
{"Time":"2026-10-03T11:32:07.122122-03:00","Action":"pass","Package":"golang.org/x/tools/internal/refactor/inline","Test":"TestGonCallerSafety/condition","Elapsed":0}
{"Time":"2026-10-03T11:32:07.122126-03:00","Action":"run","Package":"golang.org/x/tools/internal/refactor/inline","Test":"TestGonCallerSafety/sibling_operand"}
{"Time":"2026-10-03T11:32:07.122129-03:00","Action":"output","Package":"golang.org/x/tools/internal/refactor/inline","Test":"TestGonCallerSafety/sibling_operand","Output":"=== RUN   TestGonCallerSafety/sibling_operand\n","OutputType":"frame"}
{"Time":"2026-10-03T11:32:07.122133-03:00","Action":"output","Package":"golang.org/x/tools/internal/refactor/inline","Test":"TestGonCallerSafety/sibling_operand","Output":"    callee.go:123: analyzeCallee func p.f() int @ callee.go:2:1\n"}
{"Time":"2026-10-03T11:32:07.122137-03:00","Action":"output","Package":"golang.org/x/tools/internal/refactor/inline","Test":"TestGonCallerSafety/sibling_operand","Output":"    callee.go:526: effects list = []\n"}
{"Time":"2026-10-03T11:32:07.122142-03:00","Action":"output","Package":"golang.org/x/tools/internal/refactor/inline","Test":"TestGonCallerSafety/sibling_operand","Output":"    falcon.go:189: falcon: emit type int۰0 int // \"int\"\n"}
{"Time":"2026-10-03T11:32:07.122186-03:00","Action":"output","Package":"golang.org/x/tools/internal/refactor/inline","Test":"TestGonCallerSafety/sibling_operand","Output":"    inline.go:108: inline f() @ caller.go:2:30\n"}
{"Time":"2026-10-03T11:32:07.122215-03:00","Action":"output","Package":"golang.org/x/tools/internal/refactor/inline","Test":"TestGonCallerSafety/sibling_operand","Output":"--- PASS: TestGonCallerSafety/sibling_operand (0.00s)\n","OutputType":"frame"}
{"Time":"2026-10-03T11:32:07.122227-03:00","Action":"pass","Package":"golang.org/x/tools/internal/refactor/inline","Test":"TestGonCallerSafety/sibling_operand","Elapsed":0}
{"Time":"2026-10-03T11:32:07.122248-03:00","Action":"run","Package":"golang.org/x/tools/internal/refactor/inline","Test":"TestGonCallerSafety/package_initializer"}
{"Time":"2026-10-03T11:32:07.122257-03:00","Action":"output","Package":"golang.org/x/tools/internal/refactor/inline","Test":"TestGonCallerSafety/package_initializer","Output":"=== RUN   TestGonCallerSafety/package_initializer\n","OutputType":"frame"}
{"Time":"2026-10-03T11:32:07.122268-03:00","Action":"output","Package":"golang.org/x/tools/internal/refactor/inline","Test":"TestGonCallerSafety/package_initializer","Output":"    callee.go:123: analyzeCallee func p.f(x int) int @ callee.go:2:1\n"}
{"Time":"2026-10-03T11:32:07.122276-03:00","Action":"output","Package":"golang.org/x/tools/internal/refactor/inline","Test":"TestGonCallerSafety/package_initializer","Output":"    callee.go:526: effects list = [0]\n"}
{"Time":"2026-10-03T11:32:07.122284-03:00","Action":"output","Package":"golang.org/x/tools/internal/refactor/inline","Test":"TestGonCallerSafety/package_initializer","Output":"    falcon.go:189: falcon: emit type int۰0 int // \"int\"\n"}
{"Time":"2026-10-03T11:32:07.122294-03:00","Action":"output","Package":"golang.org/x/tools/internal/refactor/inline","Test":"TestGonCallerSafety/package_initializer","Output":"    inline.go:108: inline f(if c { 1 } else { 2 }) @ caller.go:2:22\n"}
{"Time":"2026-10-03T11:32:07.122304-03:00","Action":"output","Package":"golang.org/x/tools/internal/refactor/inline","Test":"TestGonCallerSafety/package_initializer","Output":"--- PASS: TestGonCallerSafety/package_initializer (0.00s)\n","OutputType":"frame"}
{"Time":"2026-10-03T11:32:07.122312-03:00","Action":"pass","Package":"golang.org/x/tools/internal/refactor/inline","Test":"TestGonCallerSafety/package_initializer","Elapsed":0}
{"Time":"2026-10-03T11:32:07.12232-03:00","Action":"run","Package":"golang.org/x/tools/internal/refactor/inline","Test":"TestGonCallerSafety/propagation_argument"}
{"Time":"2026-10-03T11:32:07.122329-03:00","Action":"output","Package":"golang.org/x/tools/internal/refactor/inline","Test":"TestGonCallerSafety/propagation_argument","Output":"=== RUN   TestGonCallerSafety/propagation_argument\n","OutputType":"frame"}
{"Time":"2026-10-03T11:32:07.12234-03:00","Action":"output","Package":"golang.org/x/tools/internal/refactor/inline","Test":"TestGonCallerSafety/propagation_argument","Output":"    callee.go:123: analyzeCallee func p.f(x int) int @ callee.go:2:1\n"}
{"Time":"2026-10-03T11:32:07.122349-03:00","Action":"output","Package":"golang.org/x/tools/internal/refactor/inline","Test":"TestGonCallerSafety/propagation_argument","Output":"    callee.go:526: effects list = [0]\n"}
{"Time":"2026-10-03T11:32:07.122357-03:00","Action":"output","Package":"golang.org/x/tools/internal/refactor/inline","Test":"TestGonCallerSafety/propagation_argument","Output":"    falcon.go:189: falcon: emit type int۰0 int // \"int\"\n"}
{"Time":"2026-10-03T11:32:07.122402-03:00","Action":"output","Package":"golang.org/x/tools/internal/refactor/inline","Test":"TestGonCallerSafety/propagation_argument","Output":"    inline.go:108: inline f(read()!) @ caller.go:2:77\n"}
{"Time":"2026-10-03T11:32:07.12241-03:00","Action":"output","Package":"golang.org/x/tools/internal/refactor/inline","Test":"TestGonCallerSafety/propagation_argument","Output":"--- PASS: TestGonCallerSafety/propagation_argument (0.00s)\n","OutputType":"frame"}
{"Time":"2026-10-03T11:32:07.122415-03:00","Action":"pass","Package":"golang.org/x/tools/internal/refactor/inline","Test":"TestGonCallerSafety/propagation_argument","Elapsed":0}
{"Time":"2026-10-03T11:32:07.122419-03:00","Action":"run","Package":"golang.org/x/tools/internal/refactor/inline","Test":"TestGonCallerSafety/propagated_call"}
{"Time":"2026-10-03T11:32:07.122423-03:00","Action":"output","Package":"golang.org/x/tools/internal/refactor/inline","Test":"TestGonCallerSafety/propagated_call","Output":"=== RUN   TestGonCallerSafety/propagated_call\n","OutputType":"frame"}
{"Time":"2026-10-03T11:32:07.122438-03:00","Action":"output","Package":"golang.org/x/tools/internal/refactor/inline","Test":"TestGonCallerSafety/propagated_call","Output":"    callee.go:123: analyzeCallee func p.f() (int, error) @ callee.go:2:1\n"}
{"Time":"2026-10-03T11:32:07.122444-03:00","Action":"output","Package":"golang.org/x/tools/internal/refactor/inline","Test":"TestGonCallerSafety/propagated_call","Output":"    callee.go:526: effects list = []\n"}
{"Time":"2026-10-03T11:32:07.122447-03:00","Action":"output","Package":"golang.org/x/tools/internal/refactor/inline","Test":"TestGonCallerSafety/propagated_call","Output":"    falcon.go:189: falcon: emit type int۰0 int // \"int\"\n"}
{"Time":"2026-10-03T11:32:07.122535-03:00","Action":"output","Package":"golang.org/x/tools/internal/refactor/inline","Test":"TestGonCallerSafety/propagated_call","Output":"    inline.go:108: inline f() @ caller.go:2:33\n"}
{"Time":"2026-10-03T11:32:07.122554-03:00","Action":"output","Package":"golang.org/x/tools/internal/refactor/inline","Test":"TestGonCallerSafety/propagated_call","Output":"--- PASS: TestGonCallerSafety/propagated_call (0.00s)\n","OutputType":"frame"}
{"Time":"2026-10-03T11:32:07.12257-03:00","Action":"pass","Package":"golang.org/x/tools/internal/refactor/inline","Test":"TestGonCallerSafety/propagated_call","Elapsed":0}
{"Time":"2026-10-03T11:32:07.122591-03:00","Action":"run","Package":"golang.org/x/tools/internal/refactor/inline","Test":"TestGonCallerSafety/handler_call"}
{"Time":"2026-10-03T11:32:07.122601-03:00","Action":"output","Package":"golang.org/x/tools/internal/refactor/inline","Test":"TestGonCallerSafety/handler_call","Output":"=== RUN   TestGonCallerSafety/handler_call\n","OutputType":"frame"}
{"Time":"2026-10-03T11:32:07.122613-03:00","Action":"output","Package":"golang.org/x/tools/internal/refactor/inline","Test":"TestGonCallerSafety/handler_call","Output":"    callee.go:123: analyzeCallee func p.f() int @ callee.go:2:1\n"}
{"Time":"2026-10-03T11:32:07.122623-03:00","Action":"output","Package":"golang.org/x/tools/internal/refactor/inline","Test":"TestGonCallerSafety/handler_call","Output":"    callee.go:526: effects list = []\n"}
{"Time":"2026-10-03T11:32:07.122652-03:00","Action":"output","Package":"golang.org/x/tools/internal/refactor/inline","Test":"TestGonCallerSafety/handler_call","Output":"    falcon.go:189: falcon: emit type int۰0 int // \"int\"\n"}
{"Time":"2026-10-03T11:32:07.122864-03:00","Action":"output","Package":"golang.org/x/tools/internal/refactor/inline","Test":"TestGonCallerSafety/handler_call","Output":"    inline.go:108: inline f() @ caller.go:2:91\n"}
{"Time":"2026-10-03T11:32:07.123024-03:00","Action":"output","Package":"golang.org/x/tools/internal/refactor/inline","Test":"TestGonCallerSafety/handler_call","Output":"--- PASS: TestGonCallerSafety/handler_call (0.00s)\n","OutputType":"frame"}
{"Time":"2026-10-03T11:32:07.123031-03:00","Action":"pass","Package":"golang.org/x/tools/internal/refactor/inline","Test":"TestGonCallerSafety/handler_call","Elapsed":0}
{"Time":"2026-10-03T11:32:07.123035-03:00","Action":"run","Package":"golang.org/x/tools/internal/refactor/inline","Test":"TestGonCallerSafety/unrelated_conditional"}
{"Time":"2026-10-03T11:32:07.123038-03:00","Action":"output","Package":"golang.org/x/tools/internal/refactor/inline","Test":"TestGonCallerSafety/unrelated_conditional","Output":"=== RUN   TestGonCallerSafety/unrelated_conditional\n","OutputType":"frame"}
{"Time":"2026-10-03T11:32:07.123041-03:00","Action":"output","Package":"golang.org/x/tools/internal/refactor/inline","Test":"TestGonCallerSafety/unrelated_conditional","Output":"    callee.go:123: analyzeCallee func p.f() int @ callee.go:2:1\n"}
{"Time":"2026-10-03T11:32:07.123043-03:00","Action":"output","Package":"golang.org/x/tools/internal/refactor/inline","Test":"TestGonCallerSafety/unrelated_conditional","Output":"    callee.go:526: effects list = []\n"}
{"Time":"2026-10-03T11:32:07.123046-03:00","Action":"output","Package":"golang.org/x/tools/internal/refactor/inline","Test":"TestGonCallerSafety/unrelated_conditional","Output":"    falcon.go:189: falcon: emit type int۰0 int // \"int\"\n"}
{"Time":"2026-10-03T11:32:07.123192-03:00","Action":"output","Package":"golang.org/x/tools/internal/refactor/inline","Test":"TestGonCallerSafety/unrelated_conditional","Output":"    inline.go:108: inline f() @ caller.go:2:62\n"}
{"Time":"2026-10-03T11:32:07.123197-03:00","Action":"output","Package":"golang.org/x/tools/internal/refactor/inline","Test":"TestGonCallerSafety/unrelated_conditional","Output":"    inline.go:654: multiple-assignment vars: map[]\n"}
{"Time":"2026-10-03T11:32:07.123199-03:00","Action":"output","Package":"golang.org/x/tools/internal/refactor/inline","Test":"TestGonCallerSafety/unrelated_conditional","Output":"    inline.go:1982: falcon env: type int۰0 int\n"}
{"Time":"2026-10-03T11:32:07.123203-03:00","Action":"output","Package":"golang.org/x/tools/internal/refactor/inline","Test":"TestGonCallerSafety/unrelated_conditional","Output":"    inline.go:2433: binding decl not needed: all parameters substituted\n"}
{"Time":"2026-10-03T11:32:07.123208-03:00","Action":"output","Package":"golang.org/x/tools/internal/refactor/inline","Test":"TestGonCallerSafety/unrelated_conditional","Output":"    inline.go:1072: strategy: reduce expr-context call to { return expr }\n"}
{"Time":"2026-10-03T11:32:07.123263-03:00","Action":"output","Package":"golang.org/x/tools/internal/refactor/inline","Test":"TestGonCallerSafety/unrelated_conditional","Output":"--- PASS: TestGonCallerSafety/unrelated_conditional (0.00s)\n","OutputType":"frame"}
{"Time":"2026-10-03T11:32:07.123268-03:00","Action":"pass","Package":"golang.org/x/tools/internal/refactor/inline","Test":"TestGonCallerSafety/unrelated_conditional","Elapsed":0}
{"Time":"2026-10-03T11:32:07.123272-03:00","Action":"output","Package":"golang.org/x/tools/internal/refactor/inline","Test":"TestGonCallerSafety","Output":"--- PASS: TestGonCallerSafety (0.00s)\n","OutputType":"frame"}
{"Time":"2026-10-03T11:32:07.123277-03:00","Action":"pass","Package":"golang.org/x/tools/internal/refactor/inline","Test":"TestGonCallerSafety","Elapsed":0}
{"Time":"2026-10-03T11:32:07.123281-03:00","Action":"run","Package":"golang.org/x/tools/internal/refactor/inline","Test":"TestGonCallerExecution"}
{"Time":"2026-10-03T11:32:07.123284-03:00","Action":"output","Package":"golang.org/x/tools/internal/refactor/inline","Test":"TestGonCallerExecution","Output":"=== RUN   TestGonCallerExecution\n","OutputType":"frame"}
{"Time":"2026-10-03T11:32:07.123288-03:00","Action":"run","Package":"golang.org/x/tools/internal/refactor/inline","Test":"TestGonCallerExecution/legacy"}
{"Time":"2026-10-03T11:32:07.123292-03:00","Action":"output","Package":"golang.org/x/tools/internal/refactor/inline","Test":"TestGonCallerExecution/legacy","Output":"=== RUN   TestGonCallerExecution/legacy\n","OutputType":"frame"}
{"Time":"2026-10-03T11:32:07.123416-03:00","Action":"output","Package":"golang.org/x/tools/internal/refactor/inline","Test":"TestGonCallerExecution/legacy","Output":"    callee.go:123: analyzeCallee func main.f(x int) int @ main.go:7:1\n"}
{"Time":"2026-10-03T11:32:07.123421-03:00","Action":"output","Package":"golang.org/x/tools/internal/refactor/inline","Test":"TestGonCallerExecution/legacy","Output":"    callee.go:526: effects list = [0]\n"}
{"Time":"2026-10-03T11:32:07.123425-03:00","Action":"output","Package":"golang.org/x/tools/internal/refactor/inline","Test":"TestGonCallerExecution/legacy","Output":"    falcon.go:189: falcon: emit type int۰0 int // \"int\"\n"}
{"Time":"2026-10-03T11:32:07.123428-03:00","Action":"output","Package":"golang.org/x/tools/internal/refactor/inline","Test":"TestGonCallerExecution/legacy","Output":"    falcon.go:210: falcon: emit constraint x + x\n"}
{"Time":"2026-10-03T11:32:08.327277-03:00","Action":"output","Package":"golang.org/x/tools/internal/refactor/inline","Test":"TestGonCallerExecution/legacy","Output":"--- PASS: TestGonCallerExecution/legacy (1.20s)\n","OutputType":"frame"}
{"Time":"2026-10-03T11:32:08.327313-03:00","Action":"pass","Package":"golang.org/x/tools/internal/refactor/inline","Test":"TestGonCallerExecution/legacy","Elapsed":1.2}
{"Time":"2026-10-03T11:32:08.327334-03:00","Action":"run","Package":"golang.org/x/tools/internal/refactor/inline","Test":"TestGonCallerExecution/modern"}
{"Time":"2026-10-03T11:32:08.32734-03:00","Action":"output","Package":"golang.org/x/tools/internal/refactor/inline","Test":"TestGonCallerExecution/modern","Output":"=== RUN   TestGonCallerExecution/modern\n","OutputType":"frame"}
{"Time":"2026-10-03T11:32:08.327561-03:00","Action":"output","Package":"golang.org/x/tools/internal/refactor/inline","Test":"TestGonCallerExecution/modern","Output":"    callee.go:123: analyzeCallee func main.f(x int) int @ main.go:7:1\n"}
{"Time":"2026-10-03T11:32:08.327573-03:00","Action":"output","Package":"golang.org/x/tools/internal/refactor/inline","Test":"TestGonCallerExecution/modern","Output":"    callee.go:526: effects list = [0]\n"}
{"Time":"2026-10-03T11:32:08.327581-03:00","Action":"output","Package":"golang.org/x/tools/internal/refactor/inline","Test":"TestGonCallerExecution/modern","Output":"    falcon.go:189: falcon: emit type int۰0 int // \"int\"\n"}
{"Time":"2026-10-03T11:32:08.327611-03:00","Action":"output","Package":"golang.org/x/tools/internal/refactor/inline","Test":"TestGonCallerExecution/modern","Output":"    falcon.go:210: falcon: emit constraint x + x\n"}
{"Time":"2026-10-03T11:32:08.643111-03:00","Action":"output","Package":"golang.org/x/tools/internal/refactor/inline","Test":"TestGonCallerExecution/modern","Output":"--- PASS: TestGonCallerExecution/modern (0.32s)\n","OutputType":"frame"}
{"Time":"2026-10-03T11:32:08.643157-03:00","Action":"pass","Package":"golang.org/x/tools/internal/refactor/inline","Test":"TestGonCallerExecution/modern","Elapsed":0.32}
{"Time":"2026-10-03T11:32:08.643172-03:00","Action":"output","Package":"golang.org/x/tools/internal/refactor/inline","Test":"TestGonCallerExecution","Output":"--- PASS: TestGonCallerExecution (1.52s)\n","OutputType":"frame"}
{"Time":"2026-10-03T11:32:08.643187-03:00","Action":"pass","Package":"golang.org/x/tools/internal/refactor/inline","Test":"TestGonCallerExecution","Elapsed":1.52}
{"Time":"2026-10-03T11:32:08.643203-03:00","Action":"run","Package":"golang.org/x/tools/internal/refactor/inline","Test":"TestBasics"}
{"Time":"2026-10-03T11:32:08.643216-03:00","Action":"output","Package":"golang.org/x/tools/internal/refactor/inline","Test":"TestBasics","Output":"=== RUN   TestBasics\n","OutputType":"frame"}
{"Time":"2026-10-03T11:32:08.643231-03:00","Action":"run","Package":"golang.org/x/tools/internal/refactor/inline","Test":"TestBasics/Basic"}
{"Time":"2026-10-03T11:32:08.64324-03:00","Action":"output","Package":"golang.org/x/tools/internal/refactor/inline","Test":"TestBasics/Basic","Output":"=== RUN   TestBasics/Basic\n","OutputType":"frame"}
{"Time":"2026-10-03T11:32:08.643321-03:00","Action":"output","Package":"golang.org/x/tools/internal/refactor/inline","Test":"TestBasics/Basic","Output":"    callee.go:123: analyzeCallee func p.f(x int) int @ callee.go:2:1\n"}
{"Time":"2026-10-03T11:32:08.643358-03:00","Action":"output","Package":"golang.org/x/tools/internal/refactor/inline","Test":"TestBasics/Basic","Output":"    callee.go:526: effects list = [0]\n"}
{"Time":"2026-10-03T11:32:08.643374-03:00","Action":"output","Package":"golang.org/x/tools/internal/refactor/inline","Test":"TestBasics/Basic","Output":"    falcon.go:189: falcon: emit type int۰0 int // \"int\"\n"}
{"Time":"2026-10-03T11:32:08.643742-03:00","Action":"output","Package":"golang.org/x/tools/internal/refactor/inline","Test":"TestBasics/Basic","Output":"    inline.go:108: inline f(0) @ caller.go:2:10\n"}
{"Time":"2026-10-03T11:32:08.643773-03:00","Action":"output","Package":"golang.org/x/tools/internal/refactor/inline","Test":"TestBasics/Basic","Output":"    inline.go:836: arg #0: 0 pure=true effects=false duplicable=true free=map[] type=untyped int\n"}
{"Time":"2026-10-03T11:32:08.643786-03:00","Action":"output","Package":"golang.org/x/tools/internal/refactor/inline","Test":"TestBasics/Basic","Output":"    inline.go:1982: falcon env: type int۰0 int\n"}
{"Time":"2026-10-03T11:32:08.643806-03:00","Action":"output","Package":"golang.org/x/tools/internal/refactor/inline","Test":"TestBasics/Basic","Output":"    inline.go:1997: falcon env: const x int۰0 = 0\n"}
{"Time":"2026-10-03T11:32:08.643815-03:00","Action":"output","Package":"golang.org/x/tools/internal/refactor/inline","Test":"TestBasics/Basic","Output":"    inline.go:1841: replacing parameter \"x\" by argument \"0\"\n"}
{"Time":"2026-10-03T11:32:08.643824-03:00","Action":"output","Package":"golang.org/x/tools/internal/refactor/inline","Test":"TestBasics/Basic","Output":"    inline.go:683: - replace id \"x\" @ #27 to \"0\"\n"}
{"Time":"2026-10-03T11:32:08.643832-03:00","Action":"output","Package":"golang.org/x/tools/internal/refactor/inline","Test":"TestBasics/Basic","Output":"    inline.go:2433: binding decl not needed: all parameters substituted\n"}
{"Time":"2026-10-03T11:32:08.643841-03:00","Action":"output","Package":"golang.org/x/tools/internal/refactor/inline","Test":"TestBasics/Basic","Output":"    inline.go:1072: strategy: reduce expr-context call to { return expr }\n"}
{"Time":"2026-10-03T11:32:08.643893-03:00","Action":"output","Package":"golang.org/x/tools/internal/refactor/inline","Test":"TestBasics/Basic","Output":"--- PASS: TestBasics/Basic (0.00s)\n","OutputType":"frame"}
{"Time":"2026-10-03T11:32:08.643905-03:00","Action":"pass","Package":"golang.org/x/tools/internal/refactor/inline","Test":"TestBasics/Basic","Elapsed":0}
{"Time":"2026-10-03T11:32:08.643915-03:00","Action":"run","Package":"golang.org/x/tools/internal/refactor/inline","Test":"TestBasics/Empty_body,_no_arg_effects."}
{"Time":"2026-10-03T11:32:08.643923-03:00","Action":"output","Package":"golang.org/x/tools/internal/refactor/inline","Test":"TestBasics/Empty_body,_no_arg_effects.","Output":"=== RUN   TestBasics/Empty_body,_no_arg_effects.\n","OutputType":"frame"}
{"Time":"2026-10-03T11:32:08.643988-03:00","Action":"output","Package":"golang.org/x/tools/internal/refactor/inline","Test":"TestBasics/Empty_body,_no_arg_effects.","Output":"    callee.go:123: analyzeCallee func p.f(x int, y int) @ callee.go:2:1\n"}
{"Time":"2026-10-03T11:32:08.644-03:00","Action":"output","Package":"golang.org/x/tools/internal/refactor/inline","Test":"TestBasics/Empty_body,_no_arg_effects.","Output":"    callee.go:526: effects list = []\n"}
{"Time":"2026-10-03T11:32:08.644009-03:00","Action":"output","Package":"golang.org/x/tools/internal/refactor/inline","Test":"TestBasics/Empty_body,_no_arg_effects.","Output":"    falcon.go:189: falcon: emit type int۰0 int // \"int\"\n"}
{"Time":"2026-10-03T11:32:08.644197-03:00","Action":"output","Package":"golang.org/x/tools/internal/refactor/inline","Test":"TestBasics/Empty_body,_no_arg_effects.","Output":"    inline.go:108: inline f(1, 2) @ caller.go:2:13\n"}
{"Time":"2026-10-03T11:32:08.644212-03:00","Action":"output","Package":"golang.org/x/tools/internal/refactor/inline","Test":"TestBasics/Empty_body,_no_arg_effects.","Output":"    inline.go:654: multiple-assignment vars: map[]\n"}
{"Time":"2026-10-03T11:32:08.644238-03:00","Action":"output","Package":"golang.org/x/tools/internal/refactor/inline","Test":"TestBasics/Empty_body,_no_arg_effects.","Output":"    inline.go:836: arg #0: 1 pure=true effects=false duplicable=true free=map[] type=untyped int\n"}
{"Time":"2026-10-03T11:32:08.644248-03:00","Action":"output","Package":"golang.org/x/tools/internal/refactor/inline","Test":"TestBasics/Empty_body,_no_arg_effects.","Output":"    inline.go:836: arg #1: 2 pure=true effects=false duplicable=true free=map[] type=untyped int\n"}
{"Time":"2026-10-03T11:32:08.644257-03:00","Action":"output","Package":"golang.org/x/tools/internal/refactor/inline","Test":"TestBasics/Empty_body,_no_arg_effects.","Output":"    inline.go:1982: falcon env: type int۰0 int\n"}
{"Time":"2026-10-03T11:32:08.644265-03:00","Action":"output","Package":"golang.org/x/tools/internal/refactor/inline","Test":"TestBasics/Empty_body,_no_arg_effects.","Output":"    inline.go:1997: falcon env: const x int۰0 = 1\n"}
{"Time":"2026-10-03T11:32:08.644274-03:00","Action":"output","Package":"golang.org/x/tools/internal/refactor/inline","Test":"TestBasics/Empty_body,_no_arg_effects.","Output":"    inline.go:1997: falcon env: const y int۰0 = 2\n"}
{"Time":"2026-10-03T11:32:08.644282-03:00","Action":"output","Package":"golang.org/x/tools/internal/refactor/inline","Test":"TestBasics/Empty_body,_no_arg_effects.","Output":"    inline.go:1841: replacing parameter \"x\" by argument \"1\"\n"}
{"Time":"2026-10-03T11:32:08.64429-03:00","Action":"output","Package":"golang.org/x/tools/internal/refactor/inline","Test":"TestBasics/Empty_body,_no_arg_effects.","Output":"    inline.go:1841: replacing parameter \"y\" by argument \"2\"\n"}
{"Time":"2026-10-03T11:32:08.644298-03:00","Action":"output","Package":"golang.org/x/tools/internal/refactor/inline","Test":"TestBasics/Empty_body,_no_arg_effects.","Output":"    inline.go:2433: binding decl not needed: all parameters substituted\n"}
{"Time":"2026-10-03T11:32:08.644306-03:00","Action":"output","Package":"golang.org/x/tools/internal/refactor/inline","Test":"TestBasics/Empty_body,_no_arg_effects.","Output":"    inline.go:886: strategy: reduce call to empty body\n"}
{"Time":"2026-10-03T11:32:08.644326-03:00","Action":"output","Package":"golang.org/x/tools/internal/refactor/inline","Test":"TestBasics/Empty_body,_no_arg_effects.","Output":"--- PASS: TestBasics/Empty_body,_no_arg_effects. (0.00s)\n","OutputType":"frame"}
{"Time":"2026-10-03T11:32:08.644336-03:00","Action":"pass","Package":"golang.org/x/tools/internal/refactor/inline","Test":"TestBasics/Empty_body,_no_arg_effects.","Elapsed":0}
{"Time":"2026-10-03T11:32:08.644345-03:00","Action":"run","Package":"golang.org/x/tools/internal/refactor/inline","Test":"TestBasics/Empty_body,_some_arg_effects."}
{"Time":"2026-10-03T11:32:08.644352-03:00","Action":"output","Package":"golang.org/x/tools/internal/refactor/inline","Test":"TestBasics/Empty_body,_some_arg_effects.","Output":"=== RUN   TestBasics/Empty_body,_some_arg_effects.\n","OutputType":"frame"}
{"Time":"2026-10-03T11:32:08.644385-03:00","Action":"output","Package":"golang.org/x/tools/internal/refactor/inline","Test":"TestBasics/Empty_body,_some_arg_effects.","Output":"    callee.go:123: analyzeCallee func p.f(x int, y int, z int) @ callee.go:2:1\n"}
{"Time":"2026-10-03T11:32:08.644408-03:00","Action":"output","Package":"golang.org/x/tools/internal/refactor/inline","Test":"TestBasics/Empty_body,_some_arg_effects.","Output":"    callee.go:526: effects list = []\n"}
{"Time":"2026-10-03T11:32:08.644419-03:00","Action":"output","Package":"golang.org/x/tools/internal/refactor/inline","Test":"TestBasics/Empty_body,_some_arg_effects.","Output":"    falcon.go:189: falcon: emit type int۰0 int // \"int\"\n"}
{"Time":"2026-10-03T11:32:08.645216-03:00","Action":"output","Package":"golang.org/x/tools/internal/refactor/inline","Test":"TestBasics/Empty_body,_some_arg_effects.","Output":"    inline.go:108: inline f(1, recover().(int), 3) @ caller.go:2:13\n"}
{"Time":"2026-10-03T11:32:08.645242-03:00","Action":"output","Package":"golang.org/x/tools/internal/refactor/inline","Test":"TestBasics/Empty_body,_some_arg_effects.","Output":"    inline.go:654: multiple-assignment vars: map[]\n"}
{"Time":"2026-10-03T11:32:08.645261-03:00","Action":"output","Package":"golang.org/x/tools/internal/refactor/inline","Test":"TestBasics/Empty_body,_some_arg_effects.","Output":"    inline.go:836: arg #0: 1 pure=true effects=false duplicable=true free=map[] type=untyped int\n"}
{"Time":"2026-10-03T11:32:08.645284-03:00","Action":"output","Package":"golang.org/x/tools/internal/refactor/inline","Test":"TestBasics/Empty_body,_some_arg_effects.","Output":"    inline.go:836: arg #1: recover().(int) pure=false effects=true duplicable=false free=map[int:true recover:true] type=int\n"}
{"Time":"2026-10-03T11:32:08.645295-03:00","Action":"output","Package":"golang.org/x/tools/internal/refactor/inline","Test":"TestBasics/Empty_body,_some_arg_effects.","Output":"    inline.go:836: arg #2: 3 pure=true effects=false duplicable=true free=map[] type=untyped int\n"}
{"Time":"2026-10-03T11:32:08.645303-03:00","Action":"output","Package":"golang.org/x/tools/internal/refactor/inline","Test":"TestBasics/Empty_body,_some_arg_effects.","Output":"    inline.go:1686: keeping param \"y\": though unreferenced, it has effects\n"}
{"Time":"2026-10-03T11:32:08.645313-03:00","Action":"output","Package":"golang.org/x/tools/internal/refactor/inline","Test":"TestBasics/Empty_body,_some_arg_effects.","Output":"    inline.go:1982: falcon env: type int۰0 int\n"}
{"Time":"2026-10-03T11:32:08.645321-03:00","Action":"output","Package":"golang.org/x/tools/internal/refactor/inline","Test":"TestBasics/Empty_body,_some_arg_effects.","Output":"    inline.go:1997: falcon env: const x int۰0 = 1\n"}
{"Time":"2026-10-03T11:32:08.645328-03:00","Action":"output","Package":"golang.org/x/tools/internal/refactor/inline","Test":"TestBasics/Empty_body,_some_arg_effects.","Output":"    inline.go:2003: falcon env: var y int\n"}
{"Time":"2026-10-03T11:32:08.645337-03:00","Action":"output","Package":"golang.org/x/tools/internal/refactor/inline","Test":"TestBasics/Empty_body,_some_arg_effects.","Output":"    inline.go:1997: falcon env: const z int۰0 = 3\n"}
{"Time":"2026-10-03T11:32:08.645345-03:00","Action":"output","Package":"golang.org/x/tools/internal/refactor/inline","Test":"TestBasics/Empty_body,_some_arg_effects.","Output":"    inline.go:1841: replacing parameter \"x\" by argument \"1\"\n"}
{"Time":"2026-10-03T11:32:08.645353-03:00","Action":"output","Package":"golang.org/x/tools/internal/refactor/inline","Test":"TestBasics/Empty_body,_some_arg_effects.","Output":"    inline.go:1841: replacing parameter \"z\" by argument \"3\"\n"}
{"Time":"2026-10-03T11:32:08.645361-03:00","Action":"output","Package":"golang.org/x/tools/internal/refactor/inline","Test":"TestBasics/Empty_body,_some_arg_effects.","Output":"    inline.go:2443: binding decl: var _ int = recover().(int)\n"}
{"Time":"2026-10-03T11:32:08.645368-03:00","Action":"output","Package":"golang.org/x/tools/internal/refactor/inline","Test":"TestBasics/Empty_body,_some_arg_effects.","Output":"    inline.go:886: strategy: reduce call to empty body\n"}
{"Time":"2026-10-03T11:32:08.645434-03:00","Action":"output","Package":"golang.org/x/tools/internal/refactor/inline","Test":"TestBasics/Empty_body,_some_arg_effects.","Output":"--- PASS: TestBasics/Empty_body,_some_arg_effects. (0.00s)\n","OutputType":"frame"}
{"Time":"2026-10-03T11:32:08.645455-03:00","Action":"pass","Package":"golang.org/x/tools/internal/refactor/inline","Test":"TestBasics/Empty_body,_some_arg_effects.","Elapsed":0}
{"Time":"2026-10-03T11:32:08.645472-03:00","Action":"run","Package":"golang.org/x/tools/internal/refactor/inline","Test":"TestBasics/Non-duplicable_arguments_are_not_substituted_even_if_pure."}
{"Time":"2026-10-03T11:32:08.645482-03:00","Action":"output","Package":"golang.org/x/tools/internal/refactor/inline","Test":"TestBasics/Non-duplicable_arguments_are_not_substituted_even_if_pure.","Output":"=== RUN   TestBasics/Non-duplicable_arguments_are_not_substituted_even_if_pure.\n","OutputType":"frame"}
{"Time":"2026-10-03T11:32:08.64555-03:00","Action":"output","Package":"golang.org/x/tools/internal/refactor/inline","Test":"TestBasics/Non-duplicable_arguments_are_not_substituted_even_if_pure.","Output":"    callee.go:123: analyzeCallee func p.f(s string, i int) @ callee.go:2:1\n"}
{"Time":"2026-10-03T11:32:08.645572-03:00","Action":"output","Package":"golang.org/x/tools/internal/refactor/inline","Test":"TestBasics/Non-duplicable_arguments_are_not_substituted_even_if_pure.","Output":"    callee.go:526: effects list = [0 1 -2]\n"}
{"Time":"2026-10-03T11:32:08.645593-03:00","Action":"output","Package":"golang.org/x/tools/internal/refactor/inline","Test":"TestBasics/Non-duplicable_arguments_are_not_substituted_even_if_pure.","Output":"    falcon.go:189: falcon: emit type int۰0 int // \"int\"\n"}
{"Time":"2026-10-03T11:32:08.645604-03:00","Action":"output","Package":"golang.org/x/tools/internal/refactor/inline","Test":"TestBasics/Non-duplicable_arguments_are_not_substituted_even_if_pure.","Output":"    falcon.go:189: falcon: emit type string۰1 string // \"string\"\n"}
{"Time":"2026-10-03T11:32:08.645823-03:00","Action":"output","Package":"golang.org/x/tools/internal/refactor/inline","Test":"TestBasics/Non-duplicable_arguments_are_not_substituted_even_if_pure.","Output":"    inline.go:108: inline f(\"hi\", 0) @ caller.go:2:13\n"}
{"Time":"2026-10-03T11:32:08.64584-03:00","Action":"output","Package":"golang.org/x/tools/internal/refactor/inline","Test":"TestBasics/Non-duplicable_arguments_are_not_substituted_even_if_pure.","Output":"    inline.go:654: multiple-assignment vars: map[]\n"}
{"Time":"2026-10-03T11:32:08.645853-03:00","Action":"output","Package":"golang.org/x/tools/internal/refactor/inline","Test":"TestBasics/Non-duplicable_arguments_are_not_substituted_even_if_pure.","Output":"    inline.go:836: arg #0: \"hi\" pure=true effects=false duplicable=false free=map[] type=untyped string\n"}
{"Time":"2026-10-03T11:32:08.645865-03:00","Action":"output","Package":"golang.org/x/tools/internal/refactor/inline","Test":"TestBasics/Non-duplicable_arguments_are_not_substituted_even_if_pure.","Output":"    inline.go:836: arg #1: 0 pure=true effects=false duplicable=true free=map[] type=untyped int\n"}
{"Time":"2026-10-03T11:32:08.645876-03:00","Action":"output","Package":"golang.org/x/tools/internal/refactor/inline","Test":"TestBasics/Non-duplicable_arguments_are_not_substituted_even_if_pure.","Output":"    inline.go:1681: keeping param \"s\": argument is not duplicable\n"}
{"Time":"2026-10-03T11:32:08.645886-03:00","Action":"output","Package":"golang.org/x/tools/internal/refactor/inline","Test":"TestBasics/Non-duplicable_arguments_are_not_substituted_even_if_pure.","Output":"    inline.go:1982: falcon env: type int۰0 int\n"}
{"Time":"2026-10-03T11:32:08.645896-03:00","Action":"output","Package":"golang.org/x/tools/internal/refactor/inline","Test":"TestBasics/Non-duplicable_arguments_are_not_substituted_even_if_pure.","Output":"    inline.go:1982: falcon env: type string۰1 string\n"}
{"Time":"2026-10-03T11:32:08.645905-03:00","Action":"output","Package":"golang.org/x/tools/internal/refactor/inline","Test":"TestBasics/Non-duplicable_arguments_are_not_substituted_even_if_pure.","Output":"    inline.go:2003: falcon env: var s untyped string\n"}
{"Time":"2026-10-03T11:32:08.645914-03:00","Action":"output","Package":"golang.org/x/tools/internal/refactor/inline","Test":"TestBasics/Non-duplicable_arguments_are_not_substituted_even_if_pure.","Output":"    inline.go:1997: falcon env: const i int۰0 = 0\n"}
{"Time":"2026-10-03T11:32:08.645925-03:00","Action":"output","Package":"golang.org/x/tools/internal/refactor/inline","Test":"TestBasics/Non-duplicable_arguments_are_not_substituted_even_if_pure.","Output":"    inline.go:1841: replacing parameter \"i\" by argument \"0\"\n"}
{"Time":"2026-10-03T11:32:08.645933-03:00","Action":"output","Package":"golang.org/x/tools/internal/refactor/inline","Test":"TestBasics/Non-duplicable_arguments_are_not_substituted_even_if_pure.","Output":"    inline.go:683: - replace id \"i\" @ #38 to \"0\"\n"}
{"Time":"2026-10-03T11:32:08.64594-03:00","Action":"output","Package":"golang.org/x/tools/internal/refactor/inline","Test":"TestBasics/Non-duplicable_arguments_are_not_substituted_even_if_pure.","Output":"    inline.go:683: - replace id \"i\" @ #41 to \"0\"\n"}
{"Time":"2026-10-03T11:32:08.645949-03:00","Action":"output","Package":"golang.org/x/tools/internal/refactor/inline","Test":"TestBasics/Non-duplicable_arguments_are_not_substituted_even_if_pure.","Output":"    inline.go:2443: binding decl: var s string = \"hi\"\n"}
{"Time":"2026-10-03T11:32:08.645959-03:00","Action":"output","Package":"golang.org/x/tools/internal/refactor/inline","Test":"TestBasics/Non-duplicable_arguments_are_not_substituted_even_if_pure.","Output":"    inline.go:1197: strategy: reduce stmt-context call to { stmts }\n"}
{"Time":"2026-10-03T11:32:08.646021-03:00","Action":"output","Package":"golang.org/x/tools/internal/refactor/inline","Test":"TestBasics/Non-duplicable_arguments_are_not_substituted_even_if_pure.","Output":"--- PASS: TestBasics/Non-duplicable_arguments_are_not_substituted_even_if_pure. (0.00s)\n","OutputType":"frame"}
{"Time":"2026-10-03T11:32:08.646036-03:00","Action":"pass","Package":"golang.org/x/tools/internal/refactor/inline","Test":"TestBasics/Non-duplicable_arguments_are_not_substituted_even_if_pure.","Elapsed":0}
{"Time":"2026-10-03T11:32:08.646045-03:00","Action":"run","Package":"golang.org/x/tools/internal/refactor/inline","Test":"TestBasics/Workaround_for_T(x)_misformatting_(#63362)."}
{"Time":"2026-10-03T11:32:08.646054-03:00","Action":"output","Package":"golang.org/x/tools/internal/refactor/inline","Test":"TestBasics/Workaround_for_T(x)_misformatting_(#63362).","Output":"=== RUN   TestBasics/Workaround_for_T(x)_misformatting_(#63362).\n","OutputType":"frame"}
{"Time":"2026-10-03T11:32:08.646083-03:00","Action":"output","Package":"golang.org/x/tools/internal/refactor/inline","Test":"TestBasics/Workaround_for_T(x)_misformatting_(#63362).","Output":"    callee.go:123: analyzeCallee func p.f(ch \u003c-chan int) @ callee.go:2:1\n"}
{"Time":"2026-10-03T11:32:08.646106-03:00","Action":"output","Package":"golang.org/x/tools/internal/refactor/inline","Test":"TestBasics/Workaround_for_T(x)_misformatting_(#63362).","Output":"    callee.go:526: effects list = [0 -2]\n"}
{"Time":"2026-10-03T11:32:08.646123-03:00","Action":"output","Package":"golang.org/x/tools/internal/refactor/inline","Test":"TestBasics/Workaround_for_T(x)_misformatting_(#63362).","Output":"    falcon.go:189: falcon: emit type int۰0 int // \"int\"\n"}
{"Time":"2026-10-03T11:32:08.646276-03:00","Action":"output","Package":"golang.org/x/tools/internal/refactor/inline","Test":"TestBasics/Workaround_for_T(x)_misformatting_(#63362).","Output":"    inline.go:108: inline f(ch) @ caller.go:2:24\n"}
{"Time":"2026-10-03T11:32:08.646296-03:00","Action":"output","Package":"golang.org/x/tools/internal/refactor/inline","Test":"TestBasics/Workaround_for_T(x)_misformatting_(#63362).","Output":"    inline.go:654: multiple-assignment vars: map[]\n"}
{"Time":"2026-10-03T11:32:08.646308-03:00","Action":"output","Package":"golang.org/x/tools/internal/refactor/inline","Test":"TestBasics/Workaround_for_T(x)_misformatting_(#63362).","Output":"    inline.go:836: arg #0: ch pure=true effects=false duplicable=true free=map[ch:true] type=chan int\n"}
{"Time":"2026-10-03T11:32:08.646318-03:00","Action":"output","Package":"golang.org/x/tools/internal/refactor/inline","Test":"TestBasics/Workaround_for_T(x)_misformatting_(#63362).","Output":"    inline.go:1982: falcon env: type int۰0 int\n"}
{"Time":"2026-10-03T11:32:08.646338-03:00","Action":"output","Package":"golang.org/x/tools/internal/refactor/inline","Test":"TestBasics/Workaround_for_T(x)_misformatting_(#63362).","Output":"    inline.go:2003: falcon env: var ch chan int\n"}
{"Time":"2026-10-03T11:32:08.646348-03:00","Action":"output","Package":"golang.org/x/tools/internal/refactor/inline","Test":"TestBasics/Workaround_for_T(x)_misformatting_(#63362).","Output":"    inline.go:1841: replacing parameter \"ch\" by argument \"ch\"\n"}
{"Time":"2026-10-03T11:32:08.646359-03:00","Action":"output","Package":"golang.org/x/tools/internal/refactor/inline","Test":"TestBasics/Workaround_for_T(x)_misformatting_(#63362).","Output":"    inline.go:1910: param \"ch\" (offset 26): adding explicit chan int -\u003e \u003c-chan int conversion around argument\n"}
{"Time":"2026-10-03T11:32:08.646368-03:00","Action":"output","Package":"golang.org/x/tools/internal/refactor/inline","Test":"TestBasics/Workaround_for_T(x)_misformatting_(#63362).","Output":"    inline.go:683: - replace id \"ch\" @ #26 to \"(\u003c-chan int)(ch)\"\n"}
{"Time":"2026-10-03T11:32:08.646377-03:00","Action":"output","Package":"golang.org/x/tools/internal/refactor/inline","Test":"TestBasics/Workaround_for_T(x)_misformatting_(#63362).","Output":"    inline.go:2433: binding decl not needed: all parameters substituted\n"}
{"Time":"2026-10-03T11:32:08.646387-03:00","Action":"output","Package":"golang.org/x/tools/internal/refactor/inline","Test":"TestBasics/Workaround_for_T(x)_misformatting_(#63362).","Output":"    inline.go:1197: strategy: reduce stmt-context call to { stmts }\n"}
{"Time":"2026-10-03T11:32:08.646419-03:00","Action":"output","Package":"golang.org/x/tools/internal/refactor/inline","Test":"TestBasics/Workaround_for_T(x)_misformatting_(#63362).","Output":"--- PASS: TestBasics/Workaround_for_T(x)_misformatting_(#63362). (0.00s)\n","OutputType":"frame"}
{"Time":"2026-10-03T11:32:08.646434-03:00","Action":"pass","Package":"golang.org/x/tools/internal/refactor/inline","Test":"TestBasics/Workaround_for_T(x)_misformatting_(#63362).","Elapsed":0}
{"Time":"2026-10-03T11:32:08.646444-03:00","Action":"run","Package":"golang.org/x/tools/internal/refactor/inline","Test":"TestBasics/In_block_elision,_blank_decls_don't_count_when_computing_name_conflicts."}
{"Time":"2026-10-03T11:32:08.646453-03:00","Action":"output","Package":"golang.org/x/tools/internal/refactor/inline","Test":"TestBasics/In_block_elision,_blank_decls_don't_count_when_computing_name_conflicts.","Output":"=== RUN   TestBasics/In_block_elision,_blank_decls_don't_count_when_computing_name_conflicts.\n","OutputType":"frame"}
{"Time":"2026-10-03T11:32:08.646482-03:00","Action":"output","Package":"golang.org/x/tools/internal/refactor/inline","Test":"TestBasics/In_block_elision,_blank_decls_don't_count_when_computing_name_conflicts.","Output":"    callee.go:123: analyzeCallee func p.f(x int) @ callee.go:2:1\n"}
{"Time":"2026-10-03T11:32:08.646507-03:00","Action":"output","Package":"golang.org/x/tools/internal/refactor/inline","Test":"TestBasics/In_block_elision,_blank_decls_don't_count_when_computing_name_conflicts.","Output":"    callee.go:526: effects list = [0]\n"}
{"Time":"2026-10-03T11:32:08.646523-03:00","Action":"output","Package":"golang.org/x/tools/internal/refactor/inline","Test":"TestBasics/In_block_elision,_blank_decls_don't_count_when_computing_name_conflicts.","Output":"    falcon.go:189: falcon: emit type int۰0 int // \"int\"\n"}
{"Time":"2026-10-03T11:32:08.646663-03:00","Action":"output","Package":"golang.org/x/tools/internal/refactor/inline","Test":"TestBasics/In_block_elision,_blank_decls_don't_count_when_computing_name_conflicts.","Output":"    inline.go:108: inline f(2) @ caller.go:2:24\n"}
{"Time":"2026-10-03T11:32:08.64668-03:00","Action":"output","Package":"golang.org/x/tools/internal/refactor/inline","Test":"TestBasics/In_block_elision,_blank_decls_don't_count_when_computing_name_conflicts.","Output":"    inline.go:654: multiple-assignment vars: map[]\n"}
{"Time":"2026-10-03T11:32:08.646693-03:00","Action":"output","Package":"golang.org/x/tools/internal/refactor/inline","Test":"TestBasics/In_block_elision,_blank_decls_don't_count_when_computing_name_conflicts.","Output":"    inline.go:836: arg #0: 2 pure=true effects=false duplicable=true free=map[] type=untyped int\n"}
{"Time":"2026-10-03T11:32:08.646704-03:00","Action":"output","Package":"golang.org/x/tools/internal/refactor/inline","Test":"TestBasics/In_block_elision,_blank_decls_don't_count_when_computing_name_conflicts.","Output":"    inline.go:1982: falcon env: type int۰0 int\n"}
{"Time":"2026-10-03T11:32:08.646714-03:00","Action":"output","Package":"golang.org/x/tools/internal/refactor/inline","Test":"TestBasics/In_block_elision,_blank_decls_don't_count_when_computing_name_conflicts.","Output":"    inline.go:1997: falcon env: const x int۰0 = 2\n"}
{"Time":"2026-10-03T11:32:08.646723-03:00","Action":"output","Package":"golang.org/x/tools/internal/refactor/inline","Test":"TestBasics/In_block_elision,_blank_decls_don't_count_when_computing_name_conflicts.","Output":"    inline.go:1841: replacing parameter \"x\" by argument \"2\"\n"}
{"Time":"2026-10-03T11:32:08.646734-03:00","Action":"output","Package":"golang.org/x/tools/internal/refactor/inline","Test":"TestBasics/In_block_elision,_blank_decls_don't_count_when_computing_name_conflicts.","Output":"    inline.go:683: - replace id \"x\" @ #24 to \"2\"\n"}
{"Time":"2026-10-03T11:32:08.646743-03:00","Action":"output","Package":"golang.org/x/tools/internal/refactor/inline","Test":"TestBasics/In_block_elision,_blank_decls_don't_count_when_computing_name_conflicts.","Output":"    inline.go:2433: binding decl not needed: all parameters substituted\n"}
{"Time":"2026-10-03T11:32:08.646763-03:00","Action":"output","Package":"golang.org/x/tools/internal/refactor/inline","Test":"TestBasics/In_block_elision,_blank_decls_don't_count_when_computing_name_conflicts.","Output":"    inline.go:1197: strategy: reduce stmt-context call to { stmts }\n"}
{"Time":"2026-10-03T11:32:08.646811-03:00","Action":"output","Package":"golang.org/x/tools/internal/refactor/inline","Test":"TestBasics/In_block_elision,_blank_decls_don't_count_when_computing_name_conflicts.","Output":"--- PASS: TestBasics/In_block_elision,_blank_decls_don't_count_when_computing_name_conflicts. (0.00s)\n","OutputType":"frame"}
{"Time":"2026-10-03T11:32:08.646833-03:00","Action":"pass","Package":"golang.org/x/tools/internal/refactor/inline","Test":"TestBasics/In_block_elision,_blank_decls_don't_count_when_computing_name_conflicts.","Elapsed":0}
{"Time":"2026-10-03T11:32:08.646845-03:00","Action":"run","Package":"golang.org/x/tools/internal/refactor/inline","Test":"TestBasics/Implicit_return_conversions_are_inserted_in_expr-context_reduction."}
{"Time":"2026-10-03T11:32:08.646867-03:00","Action":"output","Package":"golang.org/x/tools/internal/refactor/inline","Test":"TestBasics/Implicit_return_conversions_are_inserted_in_expr-context_reduction.","Output":"=== RUN   TestBasics/Implicit_return_conversions_are_inserted_in_expr-context_reduction.\n","OutputType":"frame"}
{"Time":"2026-10-03T11:32:08.64688-03:00","Action":"output","Package":"golang.org/x/tools/internal/refactor/inline","Test":"TestBasics/Implicit_return_conversions_are_inserted_in_expr-context_reduction.","Output":"    callee.go:123: analyzeCallee func p.f(x int) error @ callee.go:2:1\n"}
{"Time":"2026-10-03T11:32:08.646891-03:00","Action":"output","Package":"golang.org/x/tools/internal/refactor/inline","Test":"TestBasics/Implicit_return_conversions_are_inserted_in_expr-context_reduction.","Output":"    callee.go:526: effects list = []\n"}
{"Time":"2026-10-03T11:32:08.64691-03:00","Action":"output","Package":"golang.org/x/tools/internal/refactor/inline","Test":"TestBasics/Implicit_return_conversions_are_inserted_in_expr-context_reduction.","Output":"    falcon.go:189: falcon: emit type int۰0 int // \"int\"\n"}
{"Time":"2026-10-03T11:32:08.647104-03:00","Action":"output","Package":"golang.org/x/tools/internal/refactor/inline","Test":"TestBasics/Implicit_return_conversions_are_inserted_in_expr-context_reduction.","Output":"    inline.go:108: inline f(0) @ caller.go:2:23\n"}
{"Time":"2026-10-03T11:32:08.647121-03:00","Action":"output","Package":"golang.org/x/tools/internal/refactor/inline","Test":"TestBasics/Implicit_return_conversions_are_inserted_in_expr-context_reduction.","Output":"    inline.go:654: multiple-assignment vars: map[]\n"}
{"Time":"2026-10-03T11:32:08.647131-03:00","Action":"output","Package":"golang.org/x/tools/internal/refactor/inline","Test":"TestBasics/Implicit_return_conversions_are_inserted_in_expr-context_reduction.","Output":"    inline.go:836: arg #0: 0 pure=true effects=false duplicable=true free=map[] type=untyped int\n"}
{"Time":"2026-10-03T11:32:08.647142-03:00","Action":"output","Package":"golang.org/x/tools/internal/refactor/inline","Test":"TestBasics/Implicit_return_conversions_are_inserted_in_expr-context_reduction.","Output":"    inline.go:1982: falcon env: type int۰0 int\n"}
{"Time":"2026-10-03T11:32:08.647153-03:00","Action":"output","Package":"golang.org/x/tools/internal/refactor/inline","Test":"TestBasics/Implicit_return_conversions_are_inserted_in_expr-context_reduction.","Output":"    inline.go:1997: falcon env: const x int۰0 = 0\n"}
{"Time":"2026-10-03T11:32:08.647162-03:00","Action":"output","Package":"golang.org/x/tools/internal/refactor/inline","Test":"TestBasics/Implicit_return_conversions_are_inserted_in_expr-context_reduction.","Output":"    inline.go:1841: replacing parameter \"x\" by argument \"0\"\n"}
{"Time":"2026-10-03T11:32:08.647172-03:00","Action":"output","Package":"golang.org/x/tools/internal/refactor/inline","Test":"TestBasics/Implicit_return_conversions_are_inserted_in_expr-context_reduction.","Output":"    inline.go:2433: binding decl not needed: all parameters substituted\n"}
{"Time":"2026-10-03T11:32:08.647183-03:00","Action":"output","Package":"golang.org/x/tools/internal/refactor/inline","Test":"TestBasics/Implicit_return_conversions_are_inserted_in_expr-context_reduction.","Output":"    inline.go:1072: strategy: reduce expr-context call to { return expr }\n"}
{"Time":"2026-10-03T11:32:08.647233-03:00","Action":"output","Package":"golang.org/x/tools/internal/refactor/inline","Test":"TestBasics/Implicit_return_conversions_are_inserted_in_expr-context_reduction.","Output":"--- PASS: TestBasics/Implicit_return_conversions_are_inserted_in_expr-context_reduction. (0.00s)\n","OutputType":"frame"}
{"Time":"2026-10-03T11:32:08.647248-03:00","Action":"pass","Package":"golang.org/x/tools/internal/refactor/inline","Test":"TestBasics/Implicit_return_conversions_are_inserted_in_expr-context_reduction.","Elapsed":0}
{"Time":"2026-10-03T11:32:08.647261-03:00","Action":"run","Package":"golang.org/x/tools/internal/refactor/inline","Test":"TestBasics/Explicit_type_parameters."}
{"Time":"2026-10-03T11:32:08.647271-03:00","Action":"output","Package":"golang.org/x/tools/internal/refactor/inline","Test":"TestBasics/Explicit_type_parameters.","Output":"=== RUN   TestBasics/Explicit_type_parameters.\n","OutputType":"frame"}
{"Time":"2026-10-03T11:32:08.647328-03:00","Action":"output","Package":"golang.org/x/tools/internal/refactor/inline","Test":"TestBasics/Explicit_type_parameters.","Output":"    callee.go:123: analyzeCallee func p.f[T any](x T) T @ callee.go:2:1\n"}
{"Time":"2026-10-03T11:32:08.647343-03:00","Action":"output","Package":"golang.org/x/tools/internal/refactor/inline","Test":"TestBasics/Explicit_type_parameters.","Output":"    callee.go:526: effects list = [0]\n"}
{"Time":"2026-10-03T11:32:08.647354-03:00","Action":"output","Package":"golang.org/x/tools/internal/refactor/inline","Test":"TestBasics/Explicit_type_parameters.","Output":"    falcon.go:189: falcon: emit type int۰0 int // \"int\"\n"}
{"Time":"2026-10-03T11:32:08.647547-03:00","Action":"output","Package":"golang.org/x/tools/internal/refactor/inline","Test":"TestBasics/Explicit_type_parameters.","Output":"    inline.go:108: inline f[int](0) @ caller.go:2:15\n"}
{"Time":"2026-10-03T11:32:08.647563-03:00","Action":"output","Package":"golang.org/x/tools/internal/refactor/inline","Test":"TestBasics/Explicit_type_parameters.","Output":"    inline.go:1576: replacing type param T with int\n"}
{"Time":"2026-10-03T11:32:08.647578-03:00","Action":"output","Package":"golang.org/x/tools/internal/refactor/inline","Test":"TestBasics/Explicit_type_parameters.","Output":"    inline.go:683: - replace id \"T\" @ #16 to \"int\"\n"}
{"Time":"2026-10-03T11:32:08.647589-03:00","Action":"output","Package":"golang.org/x/tools/internal/refactor/inline","Test":"TestBasics/Explicit_type_parameters.","Output":"    inline.go:683: - replace id \"T\" @ #19 to \"int\"\n"}
{"Time":"2026-10-03T11:32:08.647601-03:00","Action":"output","Package":"golang.org/x/tools/internal/refactor/inline","Test":"TestBasics/Explicit_type_parameters.","Output":"    inline.go:836: arg #0: 0 pure=true effects=false duplicable=true free=map[] type=untyped int\n"}
{"Time":"2026-10-03T11:32:08.647612-03:00","Action":"output","Package":"golang.org/x/tools/internal/refactor/inline","Test":"TestBasics/Explicit_type_parameters.","Output":"    inline.go:1982: falcon env: type int۰0 int\n"}
{"Time":"2026-10-03T11:32:08.647624-03:00","Action":"output","Package":"golang.org/x/tools/internal/refactor/inline","Test":"TestBasics/Explicit_type_parameters.","Output":"    inline.go:2003: falcon env: var x untyped int\n"}
{"Time":"2026-10-03T11:32:08.647633-03:00","Action":"output","Package":"golang.org/x/tools/internal/refactor/inline","Test":"TestBasics/Explicit_type_parameters.","Output":"    inline.go:1841: replacing parameter \"x\" by argument \"0\"\n"}
{"Time":"2026-10-03T11:32:08.647644-03:00","Action":"output","Package":"golang.org/x/tools/internal/refactor/inline","Test":"TestBasics/Explicit_type_parameters.","Output":"    inline.go:1910: param \"x\" (offset 30): adding explicit untyped int -\u003e T conversion around argument\n"}
{"Time":"2026-10-03T11:32:08.647655-03:00","Action":"output","Package":"golang.org/x/tools/internal/refactor/inline","Test":"TestBasics/Explicit_type_parameters.","Output":"    inline.go:683: - replace id \"x\" @ #30 to \"int(0)\"\n"}
{"Time":"2026-10-03T11:32:08.647664-03:00","Action":"output","Package":"golang.org/x/tools/internal/refactor/inline","Test":"TestBasics/Explicit_type_parameters.","Output":"    inline.go:2433: binding decl not needed: all parameters substituted\n"}
{"Time":"2026-10-03T11:32:08.647674-03:00","Action":"output","Package":"golang.org/x/tools/internal/refactor/inline","Test":"TestBasics/Explicit_type_parameters.","Output":"    inline.go:1072: strategy: reduce expr-context call to { return expr }\n"}
{"Time":"2026-10-03T11:32:08.6477-03:00","Action":"output","Package":"golang.org/x/tools/internal/refactor/inline","Test":"TestBasics/Explicit_type_parameters.","Output":"--- PASS: TestBasics/Explicit_type_parameters. (0.00s)\n","OutputType":"frame"}
{"Time":"2026-10-03T11:32:08.647711-03:00","Action":"pass","Package":"golang.org/x/tools/internal/refactor/inline","Test":"TestBasics/Explicit_type_parameters.","Elapsed":0}
{"Time":"2026-10-03T11:32:08.647727-03:00","Action":"output","Package":"golang.org/x/tools/internal/refactor/inline","Test":"TestBasics","Output":"--- PASS: TestBasics (0.00s)\n","OutputType":"frame"}
{"Time":"2026-10-03T11:32:08.647737-03:00","Action":"pass","Package":"golang.org/x/tools/internal/refactor/inline","Test":"TestBasics","Elapsed":0}
{"Time":"2026-10-03T11:32:08.647746-03:00","Action":"run","Package":"golang.org/x/tools/internal/refactor/inline","Test":"TestPrecedenceParens"}
{"Time":"2026-10-03T11:32:08.647754-03:00","Action":"output","Package":"golang.org/x/tools/internal/refactor/inline","Test":"TestPrecedenceParens","Output":"=== RUN   TestPrecedenceParens\n","OutputType":"frame"}
{"Time":"2026-10-03T11:32:08.647762-03:00","Action":"run","Package":"golang.org/x/tools/internal/refactor/inline","Test":"TestPrecedenceParens/Multiplication_in_addition_context_(no_parens)."}
{"Time":"2026-10-03T11:32:08.64777-03:00","Action":"output","Package":"golang.org/x/tools/internal/refactor/inline","Test":"TestPrecedenceParens/Multiplication_in_addition_context_(no_parens).","Output":"=== RUN   TestPrecedenceParens/Multiplication_in_addition_context_(no_parens).\n","OutputType":"frame"}
{"Time":"2026-10-03T11:32:08.647782-03:00","Action":"output","Package":"golang.org/x/tools/internal/refactor/inline","Test":"TestPrecedenceParens/Multiplication_in_addition_context_(no_parens).","Output":"    callee.go:123: analyzeCallee func p.f(x int, y int) int @ callee.go:2:1\n"}
{"Time":"2026-10-03T11:32:08.647808-03:00","Action":"output","Package":"golang.org/x/tools/internal/refactor/inline","Test":"TestPrecedenceParens/Multiplication_in_addition_context_(no_parens).","Output":"    callee.go:526: effects list = [0 1]\n"}
{"Time":"2026-10-03T11:32:08.647819-03:00","Action":"output","Package":"golang.org/x/tools/internal/refactor/inline","Test":"TestPrecedenceParens/Multiplication_in_addition_context_(no_parens).","Output":"    falcon.go:189: falcon: emit type int۰0 int // \"int\"\n"}
{"Time":"2026-10-03T11:32:08.647842-03:00","Action":"output","Package":"golang.org/x/tools/internal/refactor/inline","Test":"TestPrecedenceParens/Multiplication_in_addition_context_(no_parens).","Output":"    falcon.go:210: falcon: emit constraint x * y\n"}
{"Time":"2026-10-03T11:32:08.648014-03:00","Action":"output","Package":"golang.org/x/tools/internal/refactor/inline","Test":"TestPrecedenceParens/Multiplication_in_addition_context_(no_parens).","Output":"    inline.go:108: inline f(2, 3) @ caller.go:2:21\n"}
{"Time":"2026-10-03T11:32:08.648028-03:00","Action":"output","Package":"golang.org/x/tools/internal/refactor/inline","Test":"TestPrecedenceParens/Multiplication_in_addition_context_(no_parens).","Output":"    inline.go:654: multiple-assignment vars: map[]\n"}
{"Time":"2026-10-03T11:32:08.648038-03:00","Action":"output","Package":"golang.org/x/tools/internal/refactor/inline","Test":"TestPrecedenceParens/Multiplication_in_addition_context_(no_parens).","Output":"    inline.go:836: arg #0: 2 pure=true effects=false duplicable=true free=map[] type=untyped int\n"}
{"Time":"2026-10-03T11:32:08.648047-03:00","Action":"output","Package":"golang.org/x/tools/internal/refactor/inline","Test":"TestPrecedenceParens/Multiplication_in_addition_context_(no_parens).","Output":"    inline.go:836: arg #1: 3 pure=true effects=false duplicable=true free=map[] type=untyped int\n"}
{"Time":"2026-10-03T11:32:08.648059-03:00","Action":"output","Package":"golang.org/x/tools/internal/refactor/inline","Test":"TestPrecedenceParens/Multiplication_in_addition_context_(no_parens).","Output":"    inline.go:1982: falcon env: type int۰0 int\n"}
{"Time":"2026-10-03T11:32:08.648068-03:00","Action":"output","Package":"golang.org/x/tools/internal/refactor/inline","Test":"TestPrecedenceParens/Multiplication_in_addition_context_(no_parens).","Output":"    inline.go:1997: falcon env: const x int۰0 = 2\n"}
{"Time":"2026-10-03T11:32:08.648076-03:00","Action":"output","Package":"golang.org/x/tools/internal/refactor/inline","Test":"TestPrecedenceParens/Multiplication_in_addition_context_(no_parens).","Output":"    inline.go:1997: falcon env: const y int۰0 = 3\n"}
{"Time":"2026-10-03T11:32:08.648084-03:00","Action":"output","Package":"golang.org/x/tools/internal/refactor/inline","Test":"TestPrecedenceParens/Multiplication_in_addition_context_(no_parens).","Output":"    inline.go:2028: falcon: constraint x * y satisfied\n"}
{"Time":"2026-10-03T11:32:08.648094-03:00","Action":"output","Package":"golang.org/x/tools/internal/refactor/inline","Test":"TestPrecedenceParens/Multiplication_in_addition_context_(no_parens).","Output":"    inline.go:1841: replacing parameter \"x\" by argument \"2\"\n"}
{"Time":"2026-10-03T11:32:08.648102-03:00","Action":"output","Package":"golang.org/x/tools/internal/refactor/inline","Test":"TestPrecedenceParens/Multiplication_in_addition_context_(no_parens).","Output":"    inline.go:683: - replace id \"x\" @ #30 to \"2\"\n"}
{"Time":"2026-10-03T11:32:08.64811-03:00","Action":"output","Package":"golang.org/x/tools/internal/refactor/inline","Test":"TestPrecedenceParens/Multiplication_in_addition_context_(no_parens).","Output":"    inline.go:1841: replacing parameter \"y\" by argument \"3\"\n"}
{"Time":"2026-10-03T11:32:08.648119-03:00","Action":"output","Package":"golang.org/x/tools/internal/refactor/inline","Test":"TestPrecedenceParens/Multiplication_in_addition_context_(no_parens).","Output":"    inline.go:683: - replace id \"y\" @ #34 to \"3\"\n"}
{"Time":"2026-10-03T11:32:08.648127-03:00","Action":"output","Package":"golang.org/x/tools/internal/refactor/inline","Test":"TestPrecedenceParens/Multiplication_in_addition_context_(no_parens).","Output":"    inline.go:2433: binding decl not needed: all parameters substituted\n"}
{"Time":"2026-10-03T11:32:08.648137-03:00","Action":"output","Package":"golang.org/x/tools/internal/refactor/inline","Test":"TestPrecedenceParens/Multiplication_in_addition_context_(no_parens).","Output":"    inline.go:1072: strategy: reduce expr-context call to { return expr }\n"}
{"Time":"2026-10-03T11:32:08.648162-03:00","Action":"output","Package":"golang.org/x/tools/internal/refactor/inline","Test":"TestPrecedenceParens/Multiplication_in_addition_context_(no_parens).","Output":"--- PASS: TestPrecedenceParens/Multiplication_in_addition_context_(no_parens). (0.00s)\n","OutputType":"frame"}
{"Time":"2026-10-03T11:32:08.648177-03:00","Action":"pass","Package":"golang.org/x/tools/internal/refactor/inline","Test":"TestPrecedenceParens/Multiplication_in_addition_context_(no_parens).","Elapsed":0}
{"Time":"2026-10-03T11:32:08.648187-03:00","Action":"run","Package":"golang.org/x/tools/internal/refactor/inline","Test":"TestPrecedenceParens/Addition_in_multiplication_context_(parens)."}
{"Time":"2026-10-03T11:32:08.648206-03:00","Action":"output","Package":"golang.org/x/tools/internal/refactor/inline","Test":"TestPrecedenceParens/Addition_in_multiplication_context_(parens).","Output":"=== RUN   TestPrecedenceParens/Addition_in_multiplication_context_(parens).\n","OutputType":"frame"}
{"Time":"2026-10-03T11:32:08.648295-03:00","Action":"output","Package":"golang.org/x/tools/internal/refactor/inline","Test":"TestPrecedenceParens/Addition_in_multiplication_context_(parens).","Output":"    callee.go:123: analyzeCallee func p.f(x int, y int) int @ callee.go:2:1\n"}
{"Time":"2026-10-03T11:32:08.648323-03:00","Action":"output","Package":"golang.org/x/tools/internal/refactor/inline","Test":"TestPrecedenceParens/Addition_in_multiplication_context_(parens).","Output":"    callee.go:526: effects list = [0 1]\n"}
{"Time":"2026-10-03T11:32:08.648344-03:00","Action":"output","Package":"golang.org/x/tools/internal/refactor/inline","Test":"TestPrecedenceParens/Addition_in_multiplication_context_(parens).","Output":"    falcon.go:189: falcon: emit type int۰0 int // \"int\"\n"}
{"Time":"2026-10-03T11:32:08.648356-03:00","Action":"output","Package":"golang.org/x/tools/internal/refactor/inline","Test":"TestPrecedenceParens/Addition_in_multiplication_context_(parens).","Output":"    falcon.go:210: falcon: emit constraint x + y\n"}
{"Time":"2026-10-03T11:32:08.648536-03:00","Action":"output","Package":"golang.org/x/tools/internal/refactor/inline","Test":"TestPrecedenceParens/Addition_in_multiplication_context_(parens).","Output":"    inline.go:108: inline f(2, 3) @ caller.go:2:21\n"}
{"Time":"2026-10-03T11:32:08.648554-03:00","Action":"output","Package":"golang.org/x/tools/internal/refactor/inline","Test":"TestPrecedenceParens/Addition_in_multiplication_context_(parens).","Output":"    inline.go:654: multiple-assignment vars: map[]\n"}
{"Time":"2026-10-03T11:32:08.648564-03:00","Action":"output","Package":"golang.org/x/tools/internal/refactor/inline","Test":"TestPrecedenceParens/Addition_in_multiplication_context_(parens).","Output":"    inline.go:836: arg #0: 2 pure=true effects=false duplicable=true free=map[] type=untyped int\n"}
{"Time":"2026-10-03T11:32:08.648574-03:00","Action":"output","Package":"golang.org/x/tools/internal/refactor/inline","Test":"TestPrecedenceParens/Addition_in_multiplication_context_(parens).","Output":"    inline.go:836: arg #1: 3 pure=true effects=false duplicable=true free=map[] type=untyped int\n"}
{"Time":"2026-10-03T11:32:08.648584-03:00","Action":"output","Package":"golang.org/x/tools/internal/refactor/inline","Test":"TestPrecedenceParens/Addition_in_multiplication_context_(parens).","Output":"    inline.go:1982: falcon env: type int۰0 int\n"}
{"Time":"2026-10-03T11:32:08.648594-03:00","Action":"output","Package":"golang.org/x/tools/internal/refactor/inline","Test":"TestPrecedenceParens/Addition_in_multiplication_context_(parens).","Output":"    inline.go:1997: falcon env: const x int۰0 = 2\n"}
{"Time":"2026-10-03T11:32:08.648602-03:00","Action":"output","Package":"golang.org/x/tools/internal/refactor/inline","Test":"TestPrecedenceParens/Addition_in_multiplication_context_(parens).","Output":"    inline.go:1997: falcon env: const y int۰0 = 3\n"}
{"Time":"2026-10-03T11:32:08.648612-03:00","Action":"output","Package":"golang.org/x/tools/internal/refactor/inline","Test":"TestPrecedenceParens/Addition_in_multiplication_context_(parens).","Output":"    inline.go:2028: falcon: constraint x + y satisfied\n"}
{"Time":"2026-10-03T11:32:08.648629-03:00","Action":"output","Package":"golang.org/x/tools/internal/refactor/inline","Test":"TestPrecedenceParens/Addition_in_multiplication_context_(parens).","Output":"    inline.go:1841: replacing parameter \"x\" by argument \"2\"\n"}
{"Time":"2026-10-03T11:32:08.648644-03:00","Action":"output","Package":"golang.org/x/tools/internal/refactor/inline","Test":"TestPrecedenceParens/Addition_in_multiplication_context_(parens).","Output":"    inline.go:683: - replace id \"x\" @ #30 to \"2\"\n"}
{"Time":"2026-10-03T11:32:08.648654-03:00","Action":"output","Package":"golang.org/x/tools/internal/refactor/inline","Test":"TestPrecedenceParens/Addition_in_multiplication_context_(parens).","Output":"    inline.go:1841: replacing parameter \"y\" by argument \"3\"\n"}
{"Time":"2026-10-03T11:32:08.648664-03:00","Action":"output","Package":"golang.org/x/tools/internal/refactor/inline","Test":"TestPrecedenceParens/Addition_in_multiplication_context_(parens).","Output":"    inline.go:683: - replace id \"y\" @ #34 to \"3\"\n"}
{"Time":"2026-10-03T11:32:08.648672-03:00","Action":"output","Package":"golang.org/x/tools/internal/refactor/inline","Test":"TestPrecedenceParens/Addition_in_multiplication_context_(parens).","Output":"    inline.go:2433: binding decl not needed: all parameters substituted\n"}
{"Time":"2026-10-03T11:32:08.648681-03:00","Action":"output","Package":"golang.org/x/tools/internal/refactor/inline","Test":"TestPrecedenceParens/Addition_in_multiplication_context_(parens).","Output":"    inline.go:1072: strategy: reduce expr-context call to { return expr }\n"}
{"Time":"2026-10-03T11:32:08.648707-03:00","Action":"output","Package":"golang.org/x/tools/internal/refactor/inline","Test":"TestPrecedenceParens/Addition_in_multiplication_context_(parens).","Output":"--- PASS: TestPrecedenceParens/Addition_in_multiplication_context_(parens). (0.00s)\n","OutputType":"frame"}
{"Time":"2026-10-03T11:32:08.648718-03:00","Action":"pass","Package":"golang.org/x/tools/internal/refactor/inline","Test":"TestPrecedenceParens/Addition_in_multiplication_context_(parens).","Elapsed":0}
{"Time":"2026-10-03T11:32:08.64873-03:00","Action":"run","Package":"golang.org/x/tools/internal/refactor/inline","Test":"TestPrecedenceParens/Addition_in_negation_context_(parens)."}
{"Time":"2026-10-03T11:32:08.648739-03:00","Action":"output","Package":"golang.org/x/tools/internal/refactor/inline","Test":"TestPrecedenceParens/Addition_in_negation_context_(parens).","Output":"=== RUN   TestPrecedenceParens/Addition_in_negation_context_(parens).\n","OutputType":"frame"}
{"Time":"2026-10-03T11:32:08.648785-03:00","Action":"output","Package":"golang.org/x/tools/internal/refactor/inline","Test":"TestPrecedenceParens/Addition_in_negation_context_(parens).","Output":"    callee.go:123: analyzeCallee func p.f(x int, y int) int @ callee.go:2:1\n"}
{"Time":"2026-10-03T11:32:08.648799-03:00","Action":"output","Package":"golang.org/x/tools/internal/refactor/inline","Test":"TestPrecedenceParens/Addition_in_negation_context_(parens).","Output":"    callee.go:526: effects list = [0 1]\n"}
{"Time":"2026-10-03T11:32:08.648808-03:00","Action":"output","Package":"golang.org/x/tools/internal/refactor/inline","Test":"TestPrecedenceParens/Addition_in_negation_context_(parens).","Output":"    falcon.go:189: falcon: emit type int۰0 int // \"int\"\n"}
{"Time":"2026-10-03T11:32:08.648829-03:00","Action":"output","Package":"golang.org/x/tools/internal/refactor/inline","Test":"TestPrecedenceParens/Addition_in_negation_context_(parens).","Output":"    falcon.go:210: falcon: emit constraint x + y\n"}
{"Time":"2026-10-03T11:32:08.648998-03:00","Action":"output","Package":"golang.org/x/tools/internal/refactor/inline","Test":"TestPrecedenceParens/Addition_in_negation_context_(parens).","Output":"    inline.go:108: inline f(1, 2) @ caller.go:2:18\n"}
{"Time":"2026-10-03T11:32:08.649008-03:00","Action":"output","Package":"golang.org/x/tools/internal/refactor/inline","Test":"TestPrecedenceParens/Addition_in_negation_context_(parens).","Output":"    inline.go:654: multiple-assignment vars: map[]\n"}
{"Time":"2026-10-03T11:32:08.649025-03:00","Action":"output","Package":"golang.org/x/tools/internal/refactor/inline","Test":"TestPrecedenceParens/Addition_in_negation_context_(parens).","Output":"    inline.go:836: arg #0: 1 pure=true effects=false duplicable=true free=map[] type=untyped int\n"}
{"Time":"2026-10-03T11:32:08.649035-03:00","Action":"output","Package":"golang.org/x/tools/internal/refactor/inline","Test":"TestPrecedenceParens/Addition_in_negation_context_(parens).","Output":"    inline.go:836: arg #1: 2 pure=true effects=false duplicable=true free=map[] type=untyped int\n"}
{"Time":"2026-10-03T11:32:08.649064-03:00","Action":"output","Package":"golang.org/x/tools/internal/refactor/inline","Test":"TestPrecedenceParens/Addition_in_negation_context_(parens).","Output":"    inline.go:1982: falcon env: type int۰0 int\n"}
{"Time":"2026-10-03T11:32:08.649072-03:00","Action":"output","Package":"golang.org/x/tools/internal/refactor/inline","Test":"TestPrecedenceParens/Addition_in_negation_context_(parens).","Output":"    inline.go:1997: falcon env: const x int۰0 = 1\n"}
{"Time":"2026-10-03T11:32:08.649081-03:00","Action":"output","Package":"golang.org/x/tools/internal/refactor/inline","Test":"TestPrecedenceParens/Addition_in_negation_context_(parens).","Output":"    inline.go:1997: falcon env: const y int۰0 = 2\n"}
{"Time":"2026-10-03T11:32:08.64909-03:00","Action":"output","Package":"golang.org/x/tools/internal/refactor/inline","Test":"TestPrecedenceParens/Addition_in_negation_context_(parens).","Output":"    inline.go:2028: falcon: constraint x + y satisfied\n"}
{"Time":"2026-10-03T11:32:08.649099-03:00","Action":"output","Package":"golang.org/x/tools/internal/refactor/inline","Test":"TestPrecedenceParens/Addition_in_negation_context_(parens).","Output":"    inline.go:1841: replacing parameter \"x\" by argument \"1\"\n"}
{"Time":"2026-10-03T11:32:08.649108-03:00","Action":"output","Package":"golang.org/x/tools/internal/refactor/inline","Test":"TestPrecedenceParens/Addition_in_negation_context_(parens).","Output":"    inline.go:683: - replace id \"x\" @ #30 to \"1\"\n"}
{"Time":"2026-10-03T11:32:08.649117-03:00","Action":"output","Package":"golang.org/x/tools/internal/refactor/inline","Test":"TestPrecedenceParens/Addition_in_negation_context_(parens).","Output":"    inline.go:1841: replacing parameter \"y\" by argument \"2\"\n"}
{"Time":"2026-10-03T11:32:08.649132-03:00","Action":"output","Package":"golang.org/x/tools/internal/refactor/inline","Test":"TestPrecedenceParens/Addition_in_negation_context_(parens).","Output":"    inline.go:683: - replace id \"y\" @ #34 to \"2\"\n"}
{"Time":"2026-10-03T11:32:08.64914-03:00","Action":"output","Package":"golang.org/x/tools/internal/refactor/inline","Test":"TestPrecedenceParens/Addition_in_negation_context_(parens).","Output":"    inline.go:2433: binding decl not needed: all parameters substituted\n"}
{"Time":"2026-10-03T11:32:08.649148-03:00","Action":"output","Package":"golang.org/x/tools/internal/refactor/inline","Test":"TestPrecedenceParens/Addition_in_negation_context_(parens).","Output":"    inline.go:1072: strategy: reduce expr-context call to { return expr }\n"}
{"Time":"2026-10-03T11:32:08.64916-03:00","Action":"output","Package":"golang.org/x/tools/internal/refactor/inline","Test":"TestPrecedenceParens/Addition_in_negation_context_(parens).","Output":"--- PASS: TestPrecedenceParens/Addition_in_negation_context_(parens). (0.00s)\n","OutputType":"frame"}
{"Time":"2026-10-03T11:32:08.649167-03:00","Action":"pass","Package":"golang.org/x/tools/internal/refactor/inline","Test":"TestPrecedenceParens/Addition_in_negation_context_(parens).","Elapsed":0}
{"Time":"2026-10-03T11:32:08.649175-03:00","Action":"run","Package":"golang.org/x/tools/internal/refactor/inline","Test":"TestPrecedenceParens/Addition_in_call_context_(no_parens)."}
{"Time":"2026-10-03T11:32:08.649182-03:00","Action":"output","Package":"golang.org/x/tools/internal/refactor/inline","Test":"TestPrecedenceParens/Addition_in_call_context_(no_parens).","Output":"=== RUN   TestPrecedenceParens/Addition_in_call_context_(no_parens).\n","OutputType":"frame"}
{"Time":"2026-10-03T11:32:08.649199-03:00","Action":"output","Package":"golang.org/x/tools/internal/refactor/inline","Test":"TestPrecedenceParens/Addition_in_call_context_(no_parens).","Output":"    callee.go:123: analyzeCallee func p.f(x int, y int) int @ callee.go:2:1\n"}
{"Time":"2026-10-03T11:32:08.649221-03:00","Action":"output","Package":"golang.org/x/tools/internal/refactor/inline","Test":"TestPrecedenceParens/Addition_in_call_context_(no_parens).","Output":"    callee.go:526: effects list = [0 1]\n"}
{"Time":"2026-10-03T11:32:08.649231-03:00","Action":"output","Package":"golang.org/x/tools/internal/refactor/inline","Test":"TestPrecedenceParens/Addition_in_call_context_(no_parens).","Output":"    falcon.go:189: falcon: emit type int۰0 int // \"int\"\n"}
{"Time":"2026-10-03T11:32:08.649242-03:00","Action":"output","Package":"golang.org/x/tools/internal/refactor/inline","Test":"TestPrecedenceParens/Addition_in_call_context_(no_parens).","Output":"    falcon.go:210: falcon: emit constraint x + y\n"}
{"Time":"2026-10-03T11:32:08.649421-03:00","Action":"output","Package":"golang.org/x/tools/internal/refactor/inline","Test":"TestPrecedenceParens/Addition_in_call_context_(no_parens).","Output":"    inline.go:108: inline f(1, 2) @ caller.go:2:21\n"}
{"Time":"2026-10-03T11:32:08.649432-03:00","Action":"output","Package":"golang.org/x/tools/internal/refactor/inline","Test":"TestPrecedenceParens/Addition_in_call_context_(no_parens).","Output":"    inline.go:654: multiple-assignment vars: map[]\n"}
{"Time":"2026-10-03T11:32:08.64944-03:00","Action":"output","Package":"golang.org/x/tools/internal/refactor/inline","Test":"TestPrecedenceParens/Addition_in_call_context_(no_parens).","Output":"    inline.go:836: arg #0: 1 pure=true effects=false duplicable=true free=map[] type=untyped int\n"}
{"Time":"2026-10-03T11:32:08.649448-03:00","Action":"output","Package":"golang.org/x/tools/internal/refactor/inline","Test":"TestPrecedenceParens/Addition_in_call_context_(no_parens).","Output":"    inline.go:836: arg #1: 2 pure=true effects=false duplicable=true free=map[] type=untyped int\n"}
{"Time":"2026-10-03T11:32:08.649457-03:00","Action":"output","Package":"golang.org/x/tools/internal/refactor/inline","Test":"TestPrecedenceParens/Addition_in_call_context_(no_parens).","Output":"    inline.go:1982: falcon env: type int۰0 int\n"}
{"Time":"2026-10-03T11:32:08.649477-03:00","Action":"output","Package":"golang.org/x/tools/internal/refactor/inline","Test":"TestPrecedenceParens/Addition_in_call_context_(no_parens).","Output":"    inline.go:1997: falcon env: const x int۰0 = 1\n"}
{"Time":"2026-10-03T11:32:08.649489-03:00","Action":"output","Package":"golang.org/x/tools/internal/refactor/inline","Test":"TestPrecedenceParens/Addition_in_call_context_(no_parens).","Output":"    inline.go:1997: falcon env: const y int۰0 = 2\n"}
{"Time":"2026-10-03T11:32:08.649501-03:00","Action":"output","Package":"golang.org/x/tools/internal/refactor/inline","Test":"TestPrecedenceParens/Addition_in_call_context_(no_parens).","Output":"    inline.go:2028: falcon: constraint x + y satisfied\n"}
{"Time":"2026-10-03T11:32:08.649512-03:00","Action":"output","Package":"golang.org/x/tools/internal/refactor/inline","Test":"TestPrecedenceParens/Addition_in_call_context_(no_parens).","Output":"    inline.go:1841: replacing parameter \"x\" by argument \"1\"\n"}
{"Time":"2026-10-03T11:32:08.649525-03:00","Action":"output","Package":"golang.org/x/tools/internal/refactor/inline","Test":"TestPrecedenceParens/Addition_in_call_context_(no_parens).","Output":"    inline.go:683: - replace id \"x\" @ #30 to \"1\"\n"}
{"Time":"2026-10-03T11:32:08.649536-03:00","Action":"output","Package":"golang.org/x/tools/internal/refactor/inline","Test":"TestPrecedenceParens/Addition_in_call_context_(no_parens).","Output":"    inline.go:1841: replacing parameter \"y\" by argument \"2\"\n"}
{"Time":"2026-10-03T11:32:08.649546-03:00","Action":"output","Package":"golang.org/x/tools/internal/refactor/inline","Test":"TestPrecedenceParens/Addition_in_call_context_(no_parens).","Output":"    inline.go:683: - replace id \"y\" @ #34 to \"2\"\n"}
{"Time":"2026-10-03T11:32:08.649555-03:00","Action":"output","Package":"golang.org/x/tools/internal/refactor/inline","Test":"TestPrecedenceParens/Addition_in_call_context_(no_parens).","Output":"    inline.go:2433: binding decl not needed: all parameters substituted\n"}
{"Time":"2026-10-03T11:32:08.649565-03:00","Action":"output","Package":"golang.org/x/tools/internal/refactor/inline","Test":"TestPrecedenceParens/Addition_in_call_context_(no_parens).","Output":"    inline.go:1072: strategy: reduce expr-context call to { return expr }\n"}
{"Time":"2026-10-03T11:32:08.649627-03:00","Action":"output","Package":"golang.org/x/tools/internal/refactor/inline","Test":"TestPrecedenceParens/Addition_in_call_context_(no_parens).","Output":"--- PASS: TestPrecedenceParens/Addition_in_call_context_(no_parens). (0.00s)\n","OutputType":"frame"}
{"Time":"2026-10-03T11:32:08.649649-03:00","Action":"pass","Package":"golang.org/x/tools/internal/refactor/inline","Test":"TestPrecedenceParens/Addition_in_call_context_(no_parens).","Elapsed":0}
{"Time":"2026-10-03T11:32:08.64968-03:00","Action":"run","Package":"golang.org/x/tools/internal/refactor/inline","Test":"TestPrecedenceParens/Addition_in_slice_operand_context_(parens)."}
{"Time":"2026-10-03T11:32:08.649687-03:00","Action":"output","Package":"golang.org/x/tools/internal/refactor/inline","Test":"TestPrecedenceParens/Addition_in_slice_operand_context_(parens).","Output":"=== RUN   TestPrecedenceParens/Addition_in_slice_operand_context_(parens).\n","OutputType":"frame"}
{"Time":"2026-10-03T11:32:08.649731-03:00","Action":"output","Package":"golang.org/x/tools/internal/refactor/inline","Test":"TestPrecedenceParens/Addition_in_slice_operand_context_(parens).","Output":"    callee.go:123: analyzeCallee func p.f(x string, y string) string @ callee.go:2:1\n"}
{"Time":"2026-10-03T11:32:08.649748-03:00","Action":"output","Package":"golang.org/x/tools/internal/refactor/inline","Test":"TestPrecedenceParens/Addition_in_slice_operand_context_(parens).","Output":"    callee.go:526: effects list = [0 1]\n"}
{"Time":"2026-10-03T11:32:08.64976-03:00","Action":"output","Package":"golang.org/x/tools/internal/refactor/inline","Test":"TestPrecedenceParens/Addition_in_slice_operand_context_(parens).","Output":"    falcon.go:189: falcon: emit type int۰0 int // \"int\"\n"}
{"Time":"2026-10-03T11:32:08.649767-03:00","Action":"output","Package":"golang.org/x/tools/internal/refactor/inline","Test":"TestPrecedenceParens/Addition_in_slice_operand_context_(parens).","Output":"    falcon.go:189: falcon: emit type string۰1 string // \"string\"\n"}
{"Time":"2026-10-03T11:32:08.649772-03:00","Action":"output","Package":"golang.org/x/tools/internal/refactor/inline","Test":"TestPrecedenceParens/Addition_in_slice_operand_context_(parens).","Output":"    falcon.go:210: falcon: emit constraint x + y\n"}
{"Time":"2026-10-03T11:32:08.649907-03:00","Action":"output","Package":"golang.org/x/tools/internal/refactor/inline","Test":"TestPrecedenceParens/Addition_in_slice_operand_context_(parens).","Output":"    inline.go:108: inline f(\"x\", \"y\") @ caller.go:2:17\n"}
{"Time":"2026-10-03T11:32:08.649922-03:00","Action":"output","Package":"golang.org/x/tools/internal/refactor/inline","Test":"TestPrecedenceParens/Addition_in_slice_operand_context_(parens).","Output":"    inline.go:654: multiple-assignment vars: map[]\n"}
{"Time":"2026-10-03T11:32:08.649931-03:00","Action":"output","Package":"golang.org/x/tools/internal/refactor/inline","Test":"TestPrecedenceParens/Addition_in_slice_operand_context_(parens).","Output":"    inline.go:836: arg #0: \"x\" pure=true effects=false duplicable=false free=map[] type=untyped string\n"}
{"Time":"2026-10-03T11:32:08.64994-03:00","Action":"output","Package":"golang.org/x/tools/internal/refactor/inline","Test":"TestPrecedenceParens/Addition_in_slice_operand_context_(parens).","Output":"    inline.go:836: arg #1: \"y\" pure=true effects=false duplicable=false free=map[] type=untyped string\n"}
{"Time":"2026-10-03T11:32:08.649948-03:00","Action":"output","Package":"golang.org/x/tools/internal/refactor/inline","Test":"TestPrecedenceParens/Addition_in_slice_operand_context_(parens).","Output":"    inline.go:1982: falcon env: type int۰0 int\n"}
{"Time":"2026-10-03T11:32:08.649956-03:00","Action":"output","Package":"golang.org/x/tools/internal/refactor/inline","Test":"TestPrecedenceParens/Addition_in_slice_operand_context_(parens).","Output":"    inline.go:1982: falcon env: type string۰1 string\n"}
{"Time":"2026-10-03T11:32:08.649963-03:00","Action":"output","Package":"golang.org/x/tools/internal/refactor/inline","Test":"TestPrecedenceParens/Addition_in_slice_operand_context_(parens).","Output":"    inline.go:1997: falcon env: const x string۰1 = \"x\"\n"}
{"Time":"2026-10-03T11:32:08.649972-03:00","Action":"output","Package":"golang.org/x/tools/internal/refactor/inline","Test":"TestPrecedenceParens/Addition_in_slice_operand_context_(parens).","Output":"    inline.go:1997: falcon env: const y string۰1 = \"y\"\n"}
{"Time":"2026-10-03T11:32:08.64998-03:00","Action":"output","Package":"golang.org/x/tools/internal/refactor/inline","Test":"TestPrecedenceParens/Addition_in_slice_operand_context_(parens).","Output":"    inline.go:2028: falcon: constraint x + y satisfied\n"}
{"Time":"2026-10-03T11:32:08.649987-03:00","Action":"output","Package":"golang.org/x/tools/internal/refactor/inline","Test":"TestPrecedenceParens/Addition_in_slice_operand_context_(parens).","Output":"    inline.go:1841: replacing parameter \"x\" by argument \"\\\"x\\\"\"\n"}
{"Time":"2026-10-03T11:32:08.649994-03:00","Action":"output","Package":"golang.org/x/tools/internal/refactor/inline","Test":"TestPrecedenceParens/Addition_in_slice_operand_context_(parens).","Output":"    inline.go:683: - replace id \"x\" @ #36 to \"\\\"x\\\"\"\n"}
{"Time":"2026-10-03T11:32:08.65-03:00","Action":"output","Package":"golang.org/x/tools/internal/refactor/inline","Test":"TestPrecedenceParens/Addition_in_slice_operand_context_(parens).","Output":"    inline.go:1841: replacing parameter \"y\" by argument \"\\\"y\\\"\"\n"}
{"Time":"2026-10-03T11:32:08.650007-03:00","Action":"output","Package":"golang.org/x/tools/internal/refactor/inline","Test":"TestPrecedenceParens/Addition_in_slice_operand_context_(parens).","Output":"    inline.go:683: - replace id \"y\" @ #40 to \"\\\"y\\\"\"\n"}
{"Time":"2026-10-03T11:32:08.650014-03:00","Action":"output","Package":"golang.org/x/tools/internal/refactor/inline","Test":"TestPrecedenceParens/Addition_in_slice_operand_context_(parens).","Output":"    inline.go:2433: binding decl not needed: all parameters substituted\n"}
{"Time":"2026-10-03T11:32:08.650021-03:00","Action":"output","Package":"golang.org/x/tools/internal/refactor/inline","Test":"TestPrecedenceParens/Addition_in_slice_operand_context_(parens).","Output":"    inline.go:1072: strategy: reduce expr-context call to { return expr }\n"}
{"Time":"2026-10-03T11:32:08.65003-03:00","Action":"output","Package":"golang.org/x/tools/internal/refactor/inline","Test":"TestPrecedenceParens/Addition_in_slice_operand_context_(parens).","Output":"--- PASS: TestPrecedenceParens/Addition_in_slice_operand_context_(parens). (0.00s)\n","OutputType":"frame"}
{"Time":"2026-10-03T11:32:08.650041-03:00","Action":"pass","Package":"golang.org/x/tools/internal/refactor/inline","Test":"TestPrecedenceParens/Addition_in_slice_operand_context_(parens).","Elapsed":0}
{"Time":"2026-10-03T11:32:08.650049-03:00","Action":"run","Package":"golang.org/x/tools/internal/refactor/inline","Test":"TestPrecedenceParens/String_literal_in_slice_operand_context_(no_parens)."}
{"Time":"2026-10-03T11:32:08.650055-03:00","Action":"output","Package":"golang.org/x/tools/internal/refactor/inline","Test":"TestPrecedenceParens/String_literal_in_slice_operand_context_(no_parens).","Output":"=== RUN   TestPrecedenceParens/String_literal_in_slice_operand_context_(no_parens).\n","OutputType":"frame"}
{"Time":"2026-10-03T11:32:08.650086-03:00","Action":"output","Package":"golang.org/x/tools/internal/refactor/inline","Test":"TestPrecedenceParens/String_literal_in_slice_operand_context_(no_parens).","Output":"    callee.go:123: analyzeCallee func p.f(x string) string @ callee.go:2:1\n"}
{"Time":"2026-10-03T11:32:08.650096-03:00","Action":"output","Package":"golang.org/x/tools/internal/refactor/inline","Test":"TestPrecedenceParens/String_literal_in_slice_operand_context_(no_parens).","Output":"    callee.go:526: effects list = [0]\n"}
{"Time":"2026-10-03T11:32:08.650104-03:00","Action":"output","Package":"golang.org/x/tools/internal/refactor/inline","Test":"TestPrecedenceParens/String_literal_in_slice_operand_context_(no_parens).","Output":"    falcon.go:189: falcon: emit type int۰0 int // \"int\"\n"}
{"Time":"2026-10-03T11:32:08.650124-03:00","Action":"output","Package":"golang.org/x/tools/internal/refactor/inline","Test":"TestPrecedenceParens/String_literal_in_slice_operand_context_(no_parens).","Output":"    falcon.go:189: falcon: emit type string۰1 string // \"string\"\n"}
{"Time":"2026-10-03T11:32:08.650219-03:00","Action":"output","Package":"golang.org/x/tools/internal/refactor/inline","Test":"TestPrecedenceParens/String_literal_in_slice_operand_context_(no_parens).","Output":"    inline.go:108: inline f(\"xy\") @ caller.go:2:17\n"}
{"Time":"2026-10-03T11:32:08.650233-03:00","Action":"output","Package":"golang.org/x/tools/internal/refactor/inline","Test":"TestPrecedenceParens/String_literal_in_slice_operand_context_(no_parens).","Output":"    inline.go:654: multiple-assignment vars: map[]\n"}
{"Time":"2026-10-03T11:32:08.650242-03:00","Action":"output","Package":"golang.org/x/tools/internal/refactor/inline","Test":"TestPrecedenceParens/String_literal_in_slice_operand_context_(no_parens).","Output":"    inline.go:836: arg #0: \"xy\" pure=true effects=false duplicable=false free=map[] type=untyped string\n"}
{"Time":"2026-10-03T11:32:08.650253-03:00","Action":"output","Package":"golang.org/x/tools/internal/refactor/inline","Test":"TestPrecedenceParens/String_literal_in_slice_operand_context_(no_parens).","Output":"    inline.go:1982: falcon env: type int۰0 int\n"}
{"Time":"2026-10-03T11:32:08.650262-03:00","Action":"output","Package":"golang.org/x/tools/internal/refactor/inline","Test":"TestPrecedenceParens/String_literal_in_slice_operand_context_(no_parens).","Output":"    inline.go:1982: falcon env: type string۰1 string\n"}
{"Time":"2026-10-03T11:32:08.65027-03:00","Action":"output","Package":"golang.org/x/tools/internal/refactor/inline","Test":"TestPrecedenceParens/String_literal_in_slice_operand_context_(no_parens).","Output":"    inline.go:1997: falcon env: const x string۰1 = \"xy\"\n"}
{"Time":"2026-10-03T11:32:08.650281-03:00","Action":"output","Package":"golang.org/x/tools/internal/refactor/inline","Test":"TestPrecedenceParens/String_literal_in_slice_operand_context_(no_parens).","Output":"    inline.go:1841: replacing parameter \"x\" by argument \"\\\"xy\\\"\"\n"}
{"Time":"2026-10-03T11:32:08.650291-03:00","Action":"output","Package":"golang.org/x/tools/internal/refactor/inline","Test":"TestPrecedenceParens/String_literal_in_slice_operand_context_(no_parens).","Output":"    inline.go:683: - replace id \"x\" @ #33 to \"\\\"xy\\\"\"\n"}
{"Time":"2026-10-03T11:32:08.6503-03:00","Action":"output","Package":"golang.org/x/tools/internal/refactor/inline","Test":"TestPrecedenceParens/String_literal_in_slice_operand_context_(no_parens).","Output":"    inline.go:2433: binding decl not needed: all parameters substituted\n"}
{"Time":"2026-10-03T11:32:08.650312-03:00","Action":"output","Package":"golang.org/x/tools/internal/refactor/inline","Test":"TestPrecedenceParens/String_literal_in_slice_operand_context_(no_parens).","Output":"    inline.go:1072: strategy: reduce expr-context call to { return expr }\n"}
{"Time":"2026-10-03T11:32:08.650328-03:00","Action":"output","Package":"golang.org/x/tools/internal/refactor/inline","Test":"TestPrecedenceParens/String_literal_in_slice_operand_context_(no_parens).","Output":"--- PASS: TestPrecedenceParens/String_literal_in_slice_operand_context_(no_parens). (0.00s)\n","OutputType":"frame"}
{"Time":"2026-10-03T11:32:08.650347-03:00","Action":"pass","Package":"golang.org/x/tools/internal/refactor/inline","Test":"TestPrecedenceParens/String_literal_in_slice_operand_context_(no_parens).","Elapsed":0}
{"Time":"2026-10-03T11:32:08.650359-03:00","Action":"output","Package":"golang.org/x/tools/internal/refactor/inline","Test":"TestPrecedenceParens","Output":"--- PASS: TestPrecedenceParens (0.00s)\n","OutputType":"frame"}
{"Time":"2026-10-03T11:32:08.650365-03:00","Action":"pass","Package":"golang.org/x/tools/internal/refactor/inline","Test":"TestPrecedenceParens","Elapsed":0}
{"Time":"2026-10-03T11:32:08.650371-03:00","Action":"output","Package":"golang.org/x/tools/internal/refactor/inline","Output":"PASS\n","OutputType":"frame"}
{"Time":"2026-10-03T11:32:08.651002-03:00","Action":"output","Package":"golang.org/x/tools/internal/refactor/inline","Output":"ok  \tgolang.org/x/tools/internal/refactor/inline\t1.757s\n"}
{"Time":"2026-10-03T11:32:08.651018-03:00","Action":"pass","Package":"golang.org/x/tools/internal/refactor/inline","Elapsed":1.758}
