{"Time":"2026-10-03T22:45:26.239148-03:00","Action":"start","Package":"cmd/compile/internal/ssacompile"}
{"Time":"2026-10-03T22:45:26.580479-03:00","Action":"run","Package":"cmd/compile/internal/ssacompile","Test":"TestBranchElimIf"}
{"Time":"2026-10-03T22:45:26.58057-03:00","Action":"output","Package":"cmd/compile/internal/ssacompile","Test":"TestBranchElimIf","Output":"=== RUN   TestBranchElimIf\n","OutputType":"frame"}
{"Time":"2026-10-03T22:45:26.580662-03:00","Action":"run","Package":"cmd/compile/internal/ssacompile","Test":"TestBranchElimIf/arm64/int32"}
{"Time":"2026-10-03T22:45:26.580674-03:00","Action":"output","Package":"cmd/compile/internal/ssacompile","Test":"TestBranchElimIf/arm64/int32","Output":"=== RUN   TestBranchElimIf/arm64/int32\n","OutputType":"frame"}
{"Time":"2026-10-03T22:45:26.583515-03:00","Action":"output","Package":"cmd/compile/internal/ssacompile","Test":"TestBranchElimIf/arm64/int32","Output":"--- PASS: TestBranchElimIf/arm64/int32 (0.00s)\n","OutputType":"frame"}
{"Time":"2026-10-03T22:45:26.583546-03:00","Action":"pass","Package":"cmd/compile/internal/ssacompile","Test":"TestBranchElimIf/arm64/int32","Elapsed":0}
{"Time":"2026-10-03T22:45:26.583563-03:00","Action":"run","Package":"cmd/compile/internal/ssacompile","Test":"TestBranchElimIf/amd64/int32"}
{"Time":"2026-10-03T22:45:26.583569-03:00","Action":"output","Package":"cmd/compile/internal/ssacompile","Test":"TestBranchElimIf/amd64/int32","Output":"=== RUN   TestBranchElimIf/amd64/int32\n","OutputType":"frame"}
{"Time":"2026-10-03T22:45:26.583992-03:00","Action":"output","Package":"cmd/compile/internal/ssacompile","Test":"TestBranchElimIf/amd64/int32","Output":"--- PASS: TestBranchElimIf/amd64/int32 (0.00s)\n","OutputType":"frame"}
{"Time":"2026-10-03T22:45:26.584005-03:00","Action":"pass","Package":"cmd/compile/internal/ssacompile","Test":"TestBranchElimIf/amd64/int32","Elapsed":0}
{"Time":"2026-10-03T22:45:26.584018-03:00","Action":"run","Package":"cmd/compile/internal/ssacompile","Test":"TestBranchElimIf/amd64/int8"}
{"Time":"2026-10-03T22:45:26.584024-03:00","Action":"output","Package":"cmd/compile/internal/ssacompile","Test":"TestBranchElimIf/amd64/int8","Output":"=== RUN   TestBranchElimIf/amd64/int8\n","OutputType":"frame"}
{"Time":"2026-10-03T22:45:26.584208-03:00","Action":"output","Package":"cmd/compile/internal/ssacompile","Test":"TestBranchElimIf/amd64/int8","Output":"--- PASS: TestBranchElimIf/amd64/int8 (0.00s)\n","OutputType":"frame"}
{"Time":"2026-10-03T22:45:26.584216-03:00","Action":"pass","Package":"cmd/compile/internal/ssacompile","Test":"TestBranchElimIf/amd64/int8","Elapsed":0}
{"Time":"2026-10-03T22:45:26.584222-03:00","Action":"output","Package":"cmd/compile/internal/ssacompile","Test":"TestBranchElimIf","Output":"--- PASS: TestBranchElimIf (0.00s)\n","OutputType":"frame"}
{"Time":"2026-10-03T22:45:26.584234-03:00","Action":"pass","Package":"cmd/compile/internal/ssacompile","Test":"TestBranchElimIf","Elapsed":0}
{"Time":"2026-10-03T22:45:26.58424-03:00","Action":"run","Package":"cmd/compile/internal/ssacompile","Test":"TestBranchElimIfElse"}
{"Time":"2026-10-03T22:45:26.584244-03:00","Action":"output","Package":"cmd/compile/internal/ssacompile","Test":"TestBranchElimIfElse","Output":"=== RUN   TestBranchElimIfElse\n","OutputType":"frame"}
{"Time":"2026-10-03T22:45:26.584249-03:00","Action":"run","Package":"cmd/compile/internal/ssacompile","Test":"TestBranchElimIfElse/arm64"}
{"Time":"2026-10-03T22:45:26.584253-03:00","Action":"output","Package":"cmd/compile/internal/ssacompile","Test":"TestBranchElimIfElse/arm64","Output":"=== RUN   TestBranchElimIfElse/arm64\n","OutputType":"frame"}
{"Time":"2026-10-03T22:45:26.586085-03:00","Action":"output","Package":"cmd/compile/internal/ssacompile","Test":"TestBranchElimIfElse/arm64","Output":"--- PASS: TestBranchElimIfElse/arm64 (0.00s)\n","OutputType":"frame"}
{"Time":"2026-10-03T22:45:26.586093-03:00","Action":"pass","Package":"cmd/compile/internal/ssacompile","Test":"TestBranchElimIfElse/arm64","Elapsed":0}
{"Time":"2026-10-03T22:45:26.586097-03:00","Action":"run","Package":"cmd/compile/internal/ssacompile","Test":"TestBranchElimIfElse/amd64"}
{"Time":"2026-10-03T22:45:26.58611-03:00","Action":"output","Package":"cmd/compile/internal/ssacompile","Test":"TestBranchElimIfElse/amd64","Output":"=== RUN   TestBranchElimIfElse/amd64\n","OutputType":"frame"}
{"Time":"2026-10-03T22:45:26.586294-03:00","Action":"output","Package":"cmd/compile/internal/ssacompile","Test":"TestBranchElimIfElse/amd64","Output":"--- PASS: TestBranchElimIfElse/amd64 (0.00s)\n","OutputType":"frame"}
{"Time":"2026-10-03T22:45:26.586303-03:00","Action":"pass","Package":"cmd/compile/internal/ssacompile","Test":"TestBranchElimIfElse/amd64","Elapsed":0}
{"Time":"2026-10-03T22:45:26.586308-03:00","Action":"output","Package":"cmd/compile/internal/ssacompile","Test":"TestBranchElimIfElse","Output":"--- PASS: TestBranchElimIfElse (0.00s)\n","OutputType":"frame"}
{"Time":"2026-10-03T22:45:26.586317-03:00","Action":"pass","Package":"cmd/compile/internal/ssacompile","Test":"TestBranchElimIfElse","Elapsed":0}
{"Time":"2026-10-03T22:45:26.586321-03:00","Action":"run","Package":"cmd/compile/internal/ssacompile","Test":"TestNoBranchElimLoop"}
{"Time":"2026-10-03T22:45:26.586324-03:00","Action":"output","Package":"cmd/compile/internal/ssacompile","Test":"TestNoBranchElimLoop","Output":"=== RUN   TestNoBranchElimLoop\n","OutputType":"frame"}
{"Time":"2026-10-03T22:45:26.586329-03:00","Action":"run","Package":"cmd/compile/internal/ssacompile","Test":"TestNoBranchElimLoop/arm64"}
{"Time":"2026-10-03T22:45:26.586331-03:00","Action":"output","Package":"cmd/compile/internal/ssacompile","Test":"TestNoBranchElimLoop/arm64","Output":"=== RUN   TestNoBranchElimLoop/arm64\n","OutputType":"frame"}
{"Time":"2026-10-03T22:45:26.588167-03:00","Action":"output","Package":"cmd/compile/internal/ssacompile","Test":"TestNoBranchElimLoop/arm64","Output":"--- PASS: TestNoBranchElimLoop/arm64 (0.00s)\n","OutputType":"frame"}
{"Time":"2026-10-03T22:45:26.588195-03:00","Action":"pass","Package":"cmd/compile/internal/ssacompile","Test":"TestNoBranchElimLoop/arm64","Elapsed":0}
{"Time":"2026-10-03T22:45:26.588201-03:00","Action":"run","Package":"cmd/compile/internal/ssacompile","Test":"TestNoBranchElimLoop/amd64"}
{"Time":"2026-10-03T22:45:26.588208-03:00","Action":"output","Package":"cmd/compile/internal/ssacompile","Test":"TestNoBranchElimLoop/amd64","Output":"=== RUN   TestNoBranchElimLoop/amd64\n","OutputType":"frame"}
{"Time":"2026-10-03T22:45:26.588314-03:00","Action":"output","Package":"cmd/compile/internal/ssacompile","Test":"TestNoBranchElimLoop/amd64","Output":"--- PASS: TestNoBranchElimLoop/amd64 (0.00s)\n","OutputType":"frame"}
{"Time":"2026-10-03T22:45:26.588324-03:00","Action":"pass","Package":"cmd/compile/internal/ssacompile","Test":"TestNoBranchElimLoop/amd64","Elapsed":0}
{"Time":"2026-10-03T22:45:26.588332-03:00","Action":"output","Package":"cmd/compile/internal/ssacompile","Test":"TestNoBranchElimLoop","Output":"--- PASS: TestNoBranchElimLoop (0.00s)\n","OutputType":"frame"}
{"Time":"2026-10-03T22:45:26.588338-03:00","Action":"pass","Package":"cmd/compile/internal/ssacompile","Test":"TestNoBranchElimLoop","Elapsed":0}
{"Time":"2026-10-03T22:45:26.588343-03:00","Action":"run","Package":"cmd/compile/internal/ssacompile","Test":"TestCSEAuxPartitionBug"}
{"Time":"2026-10-03T22:45:26.588347-03:00","Action":"output","Package":"cmd/compile/internal/ssacompile","Test":"TestCSEAuxPartitionBug","Output":"=== RUN   TestCSEAuxPartitionBug\n","OutputType":"frame"}
{"Time":"2026-10-03T22:45:26.588527-03:00","Action":"output","Package":"cmd/compile/internal/ssacompile","Test":"TestCSEAuxPartitionBug","Output":"--- PASS: TestCSEAuxPartitionBug (0.00s)\n","OutputType":"frame"}
{"Time":"2026-10-03T22:45:26.588533-03:00","Action":"pass","Package":"cmd/compile/internal/ssacompile","Test":"TestCSEAuxPartitionBug","Elapsed":0}
{"Time":"2026-10-03T22:45:26.588539-03:00","Action":"run","Package":"cmd/compile/internal/ssacompile","Test":"TestZCSE"}
{"Time":"2026-10-03T22:45:26.588544-03:00","Action":"output","Package":"cmd/compile/internal/ssacompile","Test":"TestZCSE","Output":"=== RUN   TestZCSE\n","OutputType":"frame"}
{"Time":"2026-10-03T22:45:26.588823-03:00","Action":"output","Package":"cmd/compile/internal/ssacompile","Test":"TestZCSE","Output":"--- PASS: TestZCSE (0.00s)\n","OutputType":"frame"}
{"Time":"2026-10-03T22:45:26.588974-03:00","Action":"pass","Package":"cmd/compile/internal/ssacompile","Test":"TestZCSE","Elapsed":0}
{"Time":"2026-10-03T22:45:26.588981-03:00","Action":"run","Package":"cmd/compile/internal/ssacompile","Test":"TestDeadLoop"}
{"Time":"2026-10-03T22:45:26.588985-03:00","Action":"output","Package":"cmd/compile/internal/ssacompile","Test":"TestDeadLoop","Output":"=== RUN   TestDeadLoop\n","OutputType":"frame"}
{"Time":"2026-10-03T22:45:26.589247-03:00","Action":"output","Package":"cmd/compile/internal/ssacompile","Test":"TestDeadLoop","Output":"--- PASS: TestDeadLoop (0.00s)\n","OutputType":"frame"}
{"Time":"2026-10-03T22:45:26.589259-03:00","Action":"pass","Package":"cmd/compile/internal/ssacompile","Test":"TestDeadLoop","Elapsed":0}
{"Time":"2026-10-03T22:45:26.589265-03:00","Action":"run","Package":"cmd/compile/internal/ssacompile","Test":"TestDeadValue"}
{"Time":"2026-10-03T22:45:26.589269-03:00","Action":"output","Package":"cmd/compile/internal/ssacompile","Test":"TestDeadValue","Output":"=== RUN   TestDeadValue\n","OutputType":"frame"}
{"Time":"2026-10-03T22:45:26.589394-03:00","Action":"output","Package":"cmd/compile/internal/ssacompile","Test":"TestDeadValue","Output":"--- PASS: TestDeadValue (0.00s)\n","OutputType":"frame"}
{"Time":"2026-10-03T22:45:26.5894-03:00","Action":"pass","Package":"cmd/compile/internal/ssacompile","Test":"TestDeadValue","Elapsed":0}
{"Time":"2026-10-03T22:45:26.589405-03:00","Action":"run","Package":"cmd/compile/internal/ssacompile","Test":"TestNeverTaken"}
{"Time":"2026-10-03T22:45:26.589409-03:00","Action":"output","Package":"cmd/compile/internal/ssacompile","Test":"TestNeverTaken","Output":"=== RUN   TestNeverTaken\n","OutputType":"frame"}
{"Time":"2026-10-03T22:45:26.589595-03:00","Action":"output","Package":"cmd/compile/internal/ssacompile","Test":"TestNeverTaken","Output":"--- PASS: TestNeverTaken (0.00s)\n","OutputType":"frame"}
{"Time":"2026-10-03T22:45:26.5896-03:00","Action":"pass","Package":"cmd/compile/internal/ssacompile","Test":"TestNeverTaken","Elapsed":0}
{"Time":"2026-10-03T22:45:26.589605-03:00","Action":"run","Package":"cmd/compile/internal/ssacompile","Test":"TestNestedDeadBlocks"}
{"Time":"2026-10-03T22:45:26.589609-03:00","Action":"output","Package":"cmd/compile/internal/ssacompile","Test":"TestNestedDeadBlocks","Output":"=== RUN   TestNestedDeadBlocks\n","OutputType":"frame"}
{"Time":"2026-10-03T22:45:26.58974-03:00","Action":"output","Package":"cmd/compile/internal/ssacompile","Test":"TestNestedDeadBlocks","Output":"--- PASS: TestNestedDeadBlocks (0.00s)\n","OutputType":"frame"}
{"Time":"2026-10-03T22:45:26.589745-03:00","Action":"pass","Package":"cmd/compile/internal/ssacompile","Test":"TestNestedDeadBlocks","Elapsed":0}
{"Time":"2026-10-03T22:45:26.58975-03:00","Action":"run","Package":"cmd/compile/internal/ssacompile","Test":"TestDeadStore"}
{"Time":"2026-10-03T22:45:26.589753-03:00","Action":"output","Package":"cmd/compile/internal/ssacompile","Test":"TestDeadStore","Output":"=== RUN   TestDeadStore\n","OutputType":"frame"}
{"Time":"2026-10-03T22:45:26.58992-03:00","Action":"output","Package":"cmd/compile/internal/ssacompile","Test":"TestDeadStore","Output":"    deadstore_test.go:16: PTRTYPE *uint8\n"}
{"Time":"2026-10-03T22:45:26.589936-03:00","Action":"output","Package":"cmd/compile/internal/ssacompile","Test":"TestDeadStore","Output":"--- PASS: TestDeadStore (0.00s)\n","OutputType":"frame"}
{"Time":"2026-10-03T22:45:26.589942-03:00","Action":"pass","Package":"cmd/compile/internal/ssacompile","Test":"TestDeadStore","Elapsed":0}
{"Time":"2026-10-03T22:45:26.589946-03:00","Action":"run","Package":"cmd/compile/internal/ssacompile","Test":"TestDeadStorePhi"}
{"Time":"2026-10-03T22:45:26.589949-03:00","Action":"output","Package":"cmd/compile/internal/ssacompile","Test":"TestDeadStorePhi","Output":"=== RUN   TestDeadStorePhi\n","OutputType":"frame"}
{"Time":"2026-10-03T22:45:26.590085-03:00","Action":"output","Package":"cmd/compile/internal/ssacompile","Test":"TestDeadStorePhi","Output":"--- PASS: TestDeadStorePhi (0.00s)\n","OutputType":"frame"}
{"Time":"2026-10-03T22:45:26.590091-03:00","Action":"pass","Package":"cmd/compile/internal/ssacompile","Test":"TestDeadStorePhi","Elapsed":0}
{"Time":"2026-10-03T22:45:26.590096-03:00","Action":"run","Package":"cmd/compile/internal/ssacompile","Test":"TestDeadStoreTypes"}
{"Time":"2026-10-03T22:45:26.5901-03:00","Action":"output","Package":"cmd/compile/internal/ssacompile","Test":"TestDeadStoreTypes","Output":"=== RUN   TestDeadStoreTypes\n","OutputType":"frame"}
{"Time":"2026-10-03T22:45:26.59025-03:00","Action":"output","Package":"cmd/compile/internal/ssacompile","Test":"TestDeadStoreTypes","Output":"--- PASS: TestDeadStoreTypes (0.00s)\n","OutputType":"frame"}
{"Time":"2026-10-03T22:45:26.590255-03:00","Action":"pass","Package":"cmd/compile/internal/ssacompile","Test":"TestDeadStoreTypes","Elapsed":0}
{"Time":"2026-10-03T22:45:26.59027-03:00","Action":"run","Package":"cmd/compile/internal/ssacompile","Test":"TestDeadStoreUnsafe"}
{"Time":"2026-10-03T22:45:26.590274-03:00","Action":"output","Package":"cmd/compile/internal/ssacompile","Test":"TestDeadStoreUnsafe","Output":"=== RUN   TestDeadStoreUnsafe\n","OutputType":"frame"}
{"Time":"2026-10-03T22:45:26.590491-03:00","Action":"output","Package":"cmd/compile/internal/ssacompile","Test":"TestDeadStoreUnsafe","Output":"--- PASS: TestDeadStoreUnsafe (0.00s)\n","OutputType":"frame"}
{"Time":"2026-10-03T22:45:26.590538-03:00","Action":"pass","Package":"cmd/compile/internal/ssacompile","Test":"TestDeadStoreUnsafe","Elapsed":0}
{"Time":"2026-10-03T22:45:26.590551-03:00","Action":"run","Package":"cmd/compile/internal/ssacompile","Test":"TestDeadStoreSmallStructInit"}
{"Time":"2026-10-03T22:45:26.590578-03:00","Action":"output","Package":"cmd/compile/internal/ssacompile","Test":"TestDeadStoreSmallStructInit","Output":"=== RUN   TestDeadStoreSmallStructInit\n","OutputType":"frame"}
{"Time":"2026-10-03T22:45:26.590778-03:00","Action":"output","Package":"cmd/compile/internal/ssacompile","Test":"TestDeadStoreSmallStructInit","Output":"--- PASS: TestDeadStoreSmallStructInit (0.00s)\n","OutputType":"frame"}
{"Time":"2026-10-03T22:45:26.590787-03:00","Action":"pass","Package":"cmd/compile/internal/ssacompile","Test":"TestDeadStoreSmallStructInit","Elapsed":0}
{"Time":"2026-10-03T22:45:26.590792-03:00","Action":"run","Package":"cmd/compile/internal/ssacompile","Test":"TestDeadStoreArrayGap"}
{"Time":"2026-10-03T22:45:26.590796-03:00","Action":"output","Package":"cmd/compile/internal/ssacompile","Test":"TestDeadStoreArrayGap","Output":"=== RUN   TestDeadStoreArrayGap\n","OutputType":"frame"}
{"Time":"2026-10-03T22:45:26.591179-03:00","Action":"output","Package":"cmd/compile/internal/ssacompile","Test":"TestDeadStoreArrayGap","Output":"--- PASS: TestDeadStoreArrayGap (0.00s)\n","OutputType":"frame"}
{"Time":"2026-10-03T22:45:26.591212-03:00","Action":"pass","Package":"cmd/compile/internal/ssacompile","Test":"TestDeadStoreArrayGap","Elapsed":0}
{"Time":"2026-10-03T22:45:26.591239-03:00","Action":"run","Package":"cmd/compile/internal/ssacompile","Test":"TestShadowRanges"}
{"Time":"2026-10-03T22:45:26.591258-03:00","Action":"output","Package":"cmd/compile/internal/ssacompile","Test":"TestShadowRanges","Output":"=== RUN   TestShadowRanges\n","OutputType":"frame"}
{"Time":"2026-10-03T22:45:26.591291-03:00","Action":"run","Package":"cmd/compile/internal/ssacompile","Test":"TestShadowRanges/simple_insert_\u0026_contains"}
{"Time":"2026-10-03T22:45:26.591311-03:00","Action":"output","Package":"cmd/compile/internal/ssacompile","Test":"TestShadowRanges/simple_insert_\u0026_contains","Output":"=== RUN   TestShadowRanges/simple_insert_\u0026_contains\n","OutputType":"frame"}
{"Time":"2026-10-03T22:45:26.591321-03:00","Action":"output","Package":"cmd/compile/internal/ssacompile","Test":"TestShadowRanges/simple_insert_\u0026_contains","Output":"--- PASS: TestShadowRanges/simple_insert_\u0026_contains (0.00s)\n","OutputType":"frame"}
{"Time":"2026-10-03T22:45:26.59134-03:00","Action":"pass","Package":"cmd/compile/internal/ssacompile","Test":"TestShadowRanges/simple_insert_\u0026_contains","Elapsed":0}
{"Time":"2026-10-03T22:45:26.591395-03:00","Action":"run","Package":"cmd/compile/internal/ssacompile","Test":"TestShadowRanges/merge_overlapping"}
{"Time":"2026-10-03T22:45:26.591404-03:00","Action":"output","Package":"cmd/compile/internal/ssacompile","Test":"TestShadowRanges/merge_overlapping","Output":"=== RUN   TestShadowRanges/merge_overlapping\n","OutputType":"frame"}
{"Time":"2026-10-03T22:45:26.591414-03:00","Action":"output","Package":"cmd/compile/internal/ssacompile","Test":"TestShadowRanges/merge_overlapping","Output":"--- PASS: TestShadowRanges/merge_overlapping (0.00s)\n","OutputType":"frame"}
{"Time":"2026-10-03T22:45:26.59142-03:00","Action":"pass","Package":"cmd/compile/internal/ssacompile","Test":"TestShadowRanges/merge_overlapping","Elapsed":0}
{"Time":"2026-10-03T22:45:26.591425-03:00","Action":"run","Package":"cmd/compile/internal/ssacompile","Test":"TestShadowRanges/merge_touching_boundary"}
{"Time":"2026-10-03T22:45:26.591431-03:00","Action":"output","Package":"cmd/compile/internal/ssacompile","Test":"TestShadowRanges/merge_touching_boundary","Output":"=== RUN   TestShadowRanges/merge_touching_boundary\n","OutputType":"frame"}
{"Time":"2026-10-03T22:45:26.591451-03:00","Action":"output","Package":"cmd/compile/internal/ssacompile","Test":"TestShadowRanges/merge_touching_boundary","Output":"--- PASS: TestShadowRanges/merge_touching_boundary (0.00s)\n","OutputType":"frame"}
{"Time":"2026-10-03T22:45:26.59146-03:00","Action":"pass","Package":"cmd/compile/internal/ssacompile","Test":"TestShadowRanges/merge_touching_boundary","Elapsed":0}
{"Time":"2026-10-03T22:45:26.591466-03:00","Action":"run","Package":"cmd/compile/internal/ssacompile","Test":"TestShadowRanges/union_across_several_ranges"}
{"Time":"2026-10-03T22:45:26.59147-03:00","Action":"output","Package":"cmd/compile/internal/ssacompile","Test":"TestShadowRanges/union_across_several_ranges","Output":"=== RUN   TestShadowRanges/union_across_several_ranges\n","OutputType":"frame"}
{"Time":"2026-10-03T22:45:26.591478-03:00","Action":"output","Package":"cmd/compile/internal/ssacompile","Test":"TestShadowRanges/union_across_several_ranges","Output":"--- PASS: TestShadowRanges/union_across_several_ranges (0.00s)\n","OutputType":"frame"}
{"Time":"2026-10-03T22:45:26.591483-03:00","Action":"pass","Package":"cmd/compile/internal/ssacompile","Test":"TestShadowRanges/union_across_several_ranges","Elapsed":0}
{"Time":"2026-10-03T22:45:26.591486-03:00","Action":"run","Package":"cmd/compile/internal/ssacompile","Test":"TestShadowRanges/disjoint_intervals_stay_separate"}
{"Time":"2026-10-03T22:45:26.59149-03:00","Action":"output","Package":"cmd/compile/internal/ssacompile","Test":"TestShadowRanges/disjoint_intervals_stay_separate","Output":"=== RUN   TestShadowRanges/disjoint_intervals_stay_separate\n","OutputType":"frame"}
{"Time":"2026-10-03T22:45:26.591495-03:00","Action":"output","Package":"cmd/compile/internal/ssacompile","Test":"TestShadowRanges/disjoint_intervals_stay_separate","Output":"--- PASS: TestShadowRanges/disjoint_intervals_stay_separate (0.00s)\n","OutputType":"frame"}
{"Time":"2026-10-03T22:45:26.591499-03:00","Action":"pass","Package":"cmd/compile/internal/ssacompile","Test":"TestShadowRanges/disjoint_intervals_stay_separate","Elapsed":0}
{"Time":"2026-10-03T22:45:26.591503-03:00","Action":"run","Package":"cmd/compile/internal/ssacompile","Test":"TestShadowRanges/large_uint16_offsets_still_work"}
{"Time":"2026-10-03T22:45:26.591508-03:00","Action":"output","Package":"cmd/compile/internal/ssacompile","Test":"TestShadowRanges/large_uint16_offsets_still_work","Output":"=== RUN   TestShadowRanges/large_uint16_offsets_still_work\n","OutputType":"frame"}
{"Time":"2026-10-03T22:45:26.591512-03:00","Action":"output","Package":"cmd/compile/internal/ssacompile","Test":"TestShadowRanges/large_uint16_offsets_still_work","Output":"--- PASS: TestShadowRanges/large_uint16_offsets_still_work (0.00s)\n","OutputType":"frame"}
{"Time":"2026-10-03T22:45:26.591522-03:00","Action":"pass","Package":"cmd/compile/internal/ssacompile","Test":"TestShadowRanges/large_uint16_offsets_still_work","Elapsed":0}
{"Time":"2026-10-03T22:45:26.591526-03:00","Action":"run","Package":"cmd/compile/internal/ssacompile","Test":"TestShadowRanges/out-of-bounds_inserts_ignored"}
{"Time":"2026-10-03T22:45:26.591529-03:00","Action":"output","Package":"cmd/compile/internal/ssacompile","Test":"TestShadowRanges/out-of-bounds_inserts_ignored","Output":"=== RUN   TestShadowRanges/out-of-bounds_inserts_ignored\n","OutputType":"frame"}
{"Time":"2026-10-03T22:45:26.591533-03:00","Action":"output","Package":"cmd/compile/internal/ssacompile","Test":"TestShadowRanges/out-of-bounds_inserts_ignored","Output":"--- PASS: TestShadowRanges/out-of-bounds_inserts_ignored (0.00s)\n","OutputType":"frame"}
{"Time":"2026-10-03T22:45:26.591537-03:00","Action":"pass","Package":"cmd/compile/internal/ssacompile","Test":"TestShadowRanges/out-of-bounds_inserts_ignored","Elapsed":0}
{"Time":"2026-10-03T22:45:26.591541-03:00","Action":"output","Package":"cmd/compile/internal/ssacompile","Test":"TestShadowRanges","Output":"--- PASS: TestShadowRanges (0.00s)\n","OutputType":"frame"}
{"Time":"2026-10-03T22:45:26.591545-03:00","Action":"pass","Package":"cmd/compile/internal/ssacompile","Test":"TestShadowRanges","Elapsed":0}
{"Time":"2026-10-03T22:45:26.591549-03:00","Action":"run","Package":"cmd/compile/internal/ssacompile","Test":"TestDominatorsSingleBlock"}
{"Time":"2026-10-03T22:45:26.591552-03:00","Action":"output","Package":"cmd/compile/internal/ssacompile","Test":"TestDominatorsSingleBlock","Output":"=== RUN   TestDominatorsSingleBlock\n","OutputType":"frame"}
{"Time":"2026-10-03T22:45:26.591685-03:00","Action":"output","Package":"cmd/compile/internal/ssacompile","Test":"TestDominatorsSingleBlock","Output":"--- PASS: TestDominatorsSingleBlock (0.00s)\n","OutputType":"frame"}
{"Time":"2026-10-03T22:45:26.591691-03:00","Action":"pass","Package":"cmd/compile/internal/ssacompile","Test":"TestDominatorsSingleBlock","Elapsed":0}
{"Time":"2026-10-03T22:45:26.591695-03:00","Action":"run","Package":"cmd/compile/internal/ssacompile","Test":"TestDominatorsSimple"}
{"Time":"2026-10-03T22:45:26.591699-03:00","Action":"output","Package":"cmd/compile/internal/ssacompile","Test":"TestDominatorsSimple","Output":"=== RUN   TestDominatorsSimple\n","OutputType":"frame"}
{"Time":"2026-10-03T22:45:26.591833-03:00","Action":"output","Package":"cmd/compile/internal/ssacompile","Test":"TestDominatorsSimple","Output":"--- PASS: TestDominatorsSimple (0.00s)\n","OutputType":"frame"}
{"Time":"2026-10-03T22:45:26.591839-03:00","Action":"pass","Package":"cmd/compile/internal/ssacompile","Test":"TestDominatorsSimple","Elapsed":0}
{"Time":"2026-10-03T22:45:26.591843-03:00","Action":"run","Package":"cmd/compile/internal/ssacompile","Test":"TestDominatorsMultPredFwd"}
{"Time":"2026-10-03T22:45:26.591846-03:00","Action":"output","Package":"cmd/compile/internal/ssacompile","Test":"TestDominatorsMultPredFwd","Output":"=== RUN   TestDominatorsMultPredFwd\n","OutputType":"frame"}
{"Time":"2026-10-03T22:45:26.591997-03:00","Action":"output","Package":"cmd/compile/internal/ssacompile","Test":"TestDominatorsMultPredFwd","Output":"--- PASS: TestDominatorsMultPredFwd (0.00s)\n","OutputType":"frame"}
{"Time":"2026-10-03T22:45:26.592002-03:00","Action":"pass","Package":"cmd/compile/internal/ssacompile","Test":"TestDominatorsMultPredFwd","Elapsed":0}
{"Time":"2026-10-03T22:45:26.592006-03:00","Action":"run","Package":"cmd/compile/internal/ssacompile","Test":"TestDominatorsDeadCode"}
{"Time":"2026-10-03T22:45:26.59201-03:00","Action":"output","Package":"cmd/compile/internal/ssacompile","Test":"TestDominatorsDeadCode","Output":"=== RUN   TestDominatorsDeadCode\n","OutputType":"frame"}
{"Time":"2026-10-03T22:45:26.592139-03:00","Action":"output","Package":"cmd/compile/internal/ssacompile","Test":"TestDominatorsDeadCode","Output":"--- PASS: TestDominatorsDeadCode (0.00s)\n","OutputType":"frame"}
{"Time":"2026-10-03T22:45:26.592149-03:00","Action":"pass","Package":"cmd/compile/internal/ssacompile","Test":"TestDominatorsDeadCode","Elapsed":0}
{"Time":"2026-10-03T22:45:26.592153-03:00","Action":"run","Package":"cmd/compile/internal/ssacompile","Test":"TestDominatorsMultPredRev"}
{"Time":"2026-10-03T22:45:26.592156-03:00","Action":"output","Package":"cmd/compile/internal/ssacompile","Test":"TestDominatorsMultPredRev","Output":"=== RUN   TestDominatorsMultPredRev\n","OutputType":"frame"}
{"Time":"2026-10-03T22:45:26.592287-03:00","Action":"output","Package":"cmd/compile/internal/ssacompile","Test":"TestDominatorsMultPredRev","Output":"--- PASS: TestDominatorsMultPredRev (0.00s)\n","OutputType":"frame"}
{"Time":"2026-10-03T22:45:26.592296-03:00","Action":"pass","Package":"cmd/compile/internal/ssacompile","Test":"TestDominatorsMultPredRev","Elapsed":0}
{"Time":"2026-10-03T22:45:26.592301-03:00","Action":"run","Package":"cmd/compile/internal/ssacompile","Test":"TestDominatorsMultPred"}
{"Time":"2026-10-03T22:45:26.592305-03:00","Action":"output","Package":"cmd/compile/internal/ssacompile","Test":"TestDominatorsMultPred","Output":"=== RUN   TestDominatorsMultPred\n","OutputType":"frame"}
{"Time":"2026-10-03T22:45:26.592427-03:00","Action":"output","Package":"cmd/compile/internal/ssacompile","Test":"TestDominatorsMultPred","Output":"--- PASS: TestDominatorsMultPred (0.00s)\n","OutputType":"frame"}
{"Time":"2026-10-03T22:45:26.592435-03:00","Action":"pass","Package":"cmd/compile/internal/ssacompile","Test":"TestDominatorsMultPred","Elapsed":0}
{"Time":"2026-10-03T22:45:26.592453-03:00","Action":"run","Package":"cmd/compile/internal/ssacompile","Test":"TestInfiniteLoop"}
{"Time":"2026-10-03T22:45:26.59246-03:00","Action":"output","Package":"cmd/compile/internal/ssacompile","Test":"TestInfiniteLoop","Output":"=== RUN   TestInfiniteLoop\n","OutputType":"frame"}
{"Time":"2026-10-03T22:45:26.59257-03:00","Action":"output","Package":"cmd/compile/internal/ssacompile","Test":"TestInfiniteLoop","Output":"--- PASS: TestInfiniteLoop (0.00s)\n","OutputType":"frame"}
{"Time":"2026-10-03T22:45:26.592577-03:00","Action":"pass","Package":"cmd/compile/internal/ssacompile","Test":"TestInfiniteLoop","Elapsed":0}
{"Time":"2026-10-03T22:45:26.592582-03:00","Action":"run","Package":"cmd/compile/internal/ssacompile","Test":"TestDomTricky"}
{"Time":"2026-10-03T22:45:26.592587-03:00","Action":"output","Package":"cmd/compile/internal/ssacompile","Test":"TestDomTricky","Output":"=== RUN   TestDomTricky\n","OutputType":"frame"}
{"Time":"2026-10-03T22:45:26.593979-03:00","Action":"output","Package":"cmd/compile/internal/ssacompile","Test":"TestDomTricky","Output":"--- PASS: TestDomTricky (0.00s)\n","OutputType":"frame"}
{"Time":"2026-10-03T22:45:26.594004-03:00","Action":"pass","Package":"cmd/compile/internal/ssacompile","Test":"TestDomTricky","Elapsed":0}
{"Time":"2026-10-03T22:45:26.594014-03:00","Action":"run","Package":"cmd/compile/internal/ssacompile","Test":"TestDominatorsPostTrickyA"}
{"Time":"2026-10-03T22:45:26.594019-03:00","Action":"output","Package":"cmd/compile/internal/ssacompile","Test":"TestDominatorsPostTrickyA","Output":"=== RUN   TestDominatorsPostTrickyA\n","OutputType":"frame"}
{"Time":"2026-10-03T22:45:26.594183-03:00","Action":"output","Package":"cmd/compile/internal/ssacompile","Test":"TestDominatorsPostTrickyA","Output":"--- PASS: TestDominatorsPostTrickyA (0.00s)\n","OutputType":"frame"}
{"Time":"2026-10-03T22:45:26.594194-03:00","Action":"pass","Package":"cmd/compile/internal/ssacompile","Test":"TestDominatorsPostTrickyA","Elapsed":0}
{"Time":"2026-10-03T22:45:26.594201-03:00","Action":"run","Package":"cmd/compile/internal/ssacompile","Test":"TestDominatorsPostTrickyB"}
{"Time":"2026-10-03T22:45:26.594206-03:00","Action":"output","Package":"cmd/compile/internal/ssacompile","Test":"TestDominatorsPostTrickyB","Output":"=== RUN   TestDominatorsPostTrickyB\n","OutputType":"frame"}
{"Time":"2026-10-03T22:45:26.594347-03:00","Action":"output","Package":"cmd/compile/internal/ssacompile","Test":"TestDominatorsPostTrickyB","Output":"--- PASS: TestDominatorsPostTrickyB (0.00s)\n","OutputType":"frame"}
{"Time":"2026-10-03T22:45:26.594362-03:00","Action":"pass","Package":"cmd/compile/internal/ssacompile","Test":"TestDominatorsPostTrickyB","Elapsed":0}
{"Time":"2026-10-03T22:45:26.594367-03:00","Action":"run","Package":"cmd/compile/internal/ssacompile","Test":"TestDominatorsPostTrickyC"}
{"Time":"2026-10-03T22:45:26.594371-03:00","Action":"output","Package":"cmd/compile/internal/ssacompile","Test":"TestDominatorsPostTrickyC","Output":"=== RUN   TestDominatorsPostTrickyC\n","OutputType":"frame"}
{"Time":"2026-10-03T22:45:26.594672-03:00","Action":"output","Package":"cmd/compile/internal/ssacompile","Test":"TestDominatorsPostTrickyC","Output":"--- PASS: TestDominatorsPostTrickyC (0.00s)\n","OutputType":"frame"}
{"Time":"2026-10-03T22:45:26.594679-03:00","Action":"pass","Package":"cmd/compile/internal/ssacompile","Test":"TestDominatorsPostTrickyC","Elapsed":0}
{"Time":"2026-10-03T22:45:26.59469-03:00","Action":"run","Package":"cmd/compile/internal/ssacompile","Test":"TestDominatorsPostTrickyD"}
{"Time":"2026-10-03T22:45:26.594694-03:00","Action":"output","Package":"cmd/compile/internal/ssacompile","Test":"TestDominatorsPostTrickyD","Output":"=== RUN   TestDominatorsPostTrickyD\n","OutputType":"frame"}
{"Time":"2026-10-03T22:45:26.595064-03:00","Action":"output","Package":"cmd/compile/internal/ssacompile","Test":"TestDominatorsPostTrickyD","Output":"--- PASS: TestDominatorsPostTrickyD (0.00s)\n","OutputType":"frame"}
{"Time":"2026-10-03T22:45:26.595071-03:00","Action":"pass","Package":"cmd/compile/internal/ssacompile","Test":"TestDominatorsPostTrickyD","Elapsed":0}
{"Time":"2026-10-03T22:45:26.595075-03:00","Action":"run","Package":"cmd/compile/internal/ssacompile","Test":"TestDominatorsPostTrickyE"}
{"Time":"2026-10-03T22:45:26.595079-03:00","Action":"output","Package":"cmd/compile/internal/ssacompile","Test":"TestDominatorsPostTrickyE","Output":"=== RUN   TestDominatorsPostTrickyE\n","OutputType":"frame"}
{"Time":"2026-10-03T22:45:26.595412-03:00","Action":"output","Package":"cmd/compile/internal/ssacompile","Test":"TestDominatorsPostTrickyE","Output":"--- PASS: TestDominatorsPostTrickyE (0.00s)\n","OutputType":"frame"}
{"Time":"2026-10-03T22:45:26.595421-03:00","Action":"pass","Package":"cmd/compile/internal/ssacompile","Test":"TestDominatorsPostTrickyE","Elapsed":0}
{"Time":"2026-10-03T22:45:26.595426-03:00","Action":"run","Package":"cmd/compile/internal/ssacompile","Test":"TestDominatorsPostTrickyF"}
{"Time":"2026-10-03T22:45:26.595429-03:00","Action":"output","Package":"cmd/compile/internal/ssacompile","Test":"TestDominatorsPostTrickyF","Output":"=== RUN   TestDominatorsPostTrickyF\n","OutputType":"frame"}
{"Time":"2026-10-03T22:45:26.595699-03:00","Action":"output","Package":"cmd/compile/internal/ssacompile","Test":"TestDominatorsPostTrickyF","Output":"--- PASS: TestDominatorsPostTrickyF (0.00s)\n","OutputType":"frame"}
{"Time":"2026-10-03T22:45:26.595705-03:00","Action":"pass","Package":"cmd/compile/internal/ssacompile","Test":"TestDominatorsPostTrickyF","Elapsed":0}
{"Time":"2026-10-03T22:45:26.595709-03:00","Action":"run","Package":"cmd/compile/internal/ssacompile","Test":"TestDominatorsPostTrickyG"}
{"Time":"2026-10-03T22:45:26.595712-03:00","Action":"output","Package":"cmd/compile/internal/ssacompile","Test":"TestDominatorsPostTrickyG","Output":"=== RUN   TestDominatorsPostTrickyG\n","OutputType":"frame"}
{"Time":"2026-10-03T22:45:26.59586-03:00","Action":"output","Package":"cmd/compile/internal/ssacompile","Test":"TestDominatorsPostTrickyG","Output":"--- PASS: TestDominatorsPostTrickyG (0.00s)\n","OutputType":"frame"}
{"Time":"2026-10-03T22:45:26.595866-03:00","Action":"pass","Package":"cmd/compile/internal/ssacompile","Test":"TestDominatorsPostTrickyG","Elapsed":0}
{"Time":"2026-10-03T22:45:26.595869-03:00","Action":"run","Package":"cmd/compile/internal/ssacompile","Test":"TestDominatorsPostTrickyH"}
{"Time":"2026-10-03T22:45:26.595873-03:00","Action":"output","Package":"cmd/compile/internal/ssacompile","Test":"TestDominatorsPostTrickyH","Output":"=== RUN   TestDominatorsPostTrickyH\n","OutputType":"frame"}
{"Time":"2026-10-03T22:45:26.596027-03:00","Action":"output","Package":"cmd/compile/internal/ssacompile","Test":"TestDominatorsPostTrickyH","Output":"--- PASS: TestDominatorsPostTrickyH (0.00s)\n","OutputType":"frame"}
{"Time":"2026-10-03T22:45:26.596035-03:00","Action":"pass","Package":"cmd/compile/internal/ssacompile","Test":"TestDominatorsPostTrickyH","Elapsed":0}
{"Time":"2026-10-03T22:45:26.59604-03:00","Action":"run","Package":"cmd/compile/internal/ssacompile","Test":"TestAddFlagsNative"}
{"Time":"2026-10-03T22:45:26.596043-03:00","Action":"output","Package":"cmd/compile/internal/ssacompile","Test":"TestAddFlagsNative","Output":"=== RUN   TestAddFlagsNative\n","OutputType":"frame"}
{"Time":"2026-10-03T22:45:26.596049-03:00","Action":"output","Package":"cmd/compile/internal/ssacompile","Test":"TestAddFlagsNative","Output":"--- PASS: TestAddFlagsNative (0.00s)\n","OutputType":"frame"}
{"Time":"2026-10-03T22:45:26.596053-03:00","Action":"pass","Package":"cmd/compile/internal/ssacompile","Test":"TestAddFlagsNative","Elapsed":0}
{"Time":"2026-10-03T22:45:26.596057-03:00","Action":"run","Package":"cmd/compile/internal/ssacompile","Test":"TestSubFlagsNative"}
{"Time":"2026-10-03T22:45:26.596061-03:00","Action":"output","Package":"cmd/compile/internal/ssacompile","Test":"TestSubFlagsNative","Output":"=== RUN   TestSubFlagsNative\n","OutputType":"frame"}
{"Time":"2026-10-03T22:45:26.596065-03:00","Action":"output","Package":"cmd/compile/internal/ssacompile","Test":"TestSubFlagsNative","Output":"--- PASS: TestSubFlagsNative (0.00s)\n","OutputType":"frame"}
{"Time":"2026-10-03T22:45:26.596069-03:00","Action":"pass","Package":"cmd/compile/internal/ssacompile","Test":"TestSubFlagsNative","Elapsed":0}
{"Time":"2026-10-03T22:45:26.596072-03:00","Action":"run","Package":"cmd/compile/internal/ssacompile","Test":"TestAndFlagsNative"}
{"Time":"2026-10-03T22:45:26.596076-03:00","Action":"output","Package":"cmd/compile/internal/ssacompile","Test":"TestAndFlagsNative","Output":"=== RUN   TestAndFlagsNative\n","OutputType":"frame"}
{"Time":"2026-10-03T22:45:26.59608-03:00","Action":"output","Package":"cmd/compile/internal/ssacompile","Test":"TestAndFlagsNative","Output":"--- PASS: TestAndFlagsNative (0.00s)\n","OutputType":"frame"}
{"Time":"2026-10-03T22:45:26.596084-03:00","Action":"pass","Package":"cmd/compile/internal/ssacompile","Test":"TestAndFlagsNative","Elapsed":0}
{"Time":"2026-10-03T22:45:26.596087-03:00","Action":"run","Package":"cmd/compile/internal/ssacompile","Test":"TestArgs"}
{"Time":"2026-10-03T22:45:26.59609-03:00","Action":"output","Package":"cmd/compile/internal/ssacompile","Test":"TestArgs","Output":"=== RUN   TestArgs\n","OutputType":"frame"}
{"Time":"2026-10-03T22:45:26.596199-03:00","Action":"output","Package":"cmd/compile/internal/ssacompile","Test":"TestArgs","Output":"--- PASS: TestArgs (0.00s)\n","OutputType":"frame"}
{"Time":"2026-10-03T22:45:26.596204-03:00","Action":"pass","Package":"cmd/compile/internal/ssacompile","Test":"TestArgs","Elapsed":0}
{"Time":"2026-10-03T22:45:26.596208-03:00","Action":"run","Package":"cmd/compile/internal/ssacompile","Test":"TestEquiv"}
{"Time":"2026-10-03T22:45:26.596212-03:00","Action":"output","Package":"cmd/compile/internal/ssacompile","Test":"TestEquiv","Output":"=== RUN   TestEquiv\n","OutputType":"frame"}
{"Time":"2026-10-03T22:45:26.596818-03:00","Action":"output","Package":"cmd/compile/internal/ssacompile","Test":"TestEquiv","Output":"--- PASS: TestEquiv (0.00s)\n","OutputType":"frame"}
{"Time":"2026-10-03T22:45:26.596825-03:00","Action":"pass","Package":"cmd/compile/internal/ssacompile","Test":"TestEquiv","Elapsed":0}
{"Time":"2026-10-03T22:45:26.596829-03:00","Action":"run","Package":"cmd/compile/internal/ssacompile","Test":"TestConstCache"}
{"Time":"2026-10-03T22:45:26.596832-03:00","Action":"output","Package":"cmd/compile/internal/ssacompile","Test":"TestConstCache","Output":"=== RUN   TestConstCache\n","OutputType":"frame"}
{"Time":"2026-10-03T22:45:26.596936-03:00","Action":"output","Package":"cmd/compile/internal/ssacompile","Test":"TestConstCache","Output":"--- PASS: TestConstCache (0.00s)\n","OutputType":"frame"}
{"Time":"2026-10-03T22:45:26.596948-03:00","Action":"pass","Package":"cmd/compile/internal/ssacompile","Test":"TestConstCache","Elapsed":0}
{"Time":"2026-10-03T22:45:26.596952-03:00","Action":"run","Package":"cmd/compile/internal/ssacompile","Test":"TestFuseEliminatesOneBranch"}
{"Time":"2026-10-03T22:45:26.596961-03:00","Action":"output","Package":"cmd/compile/internal/ssacompile","Test":"TestFuseEliminatesOneBranch","Output":"=== RUN   TestFuseEliminatesOneBranch\n","OutputType":"frame"}
{"Time":"2026-10-03T22:45:26.597214-03:00","Action":"output","Package":"cmd/compile/internal/ssacompile","Test":"TestFuseEliminatesOneBranch","Output":"--- PASS: TestFuseEliminatesOneBranch (0.00s)\n","OutputType":"frame"}
{"Time":"2026-10-03T22:45:26.59726-03:00","Action":"pass","Package":"cmd/compile/internal/ssacompile","Test":"TestFuseEliminatesOneBranch","Elapsed":0}
{"Time":"2026-10-03T22:45:26.597281-03:00","Action":"run","Package":"cmd/compile/internal/ssacompile","Test":"TestFuseEliminatesBothBranches"}
{"Time":"2026-10-03T22:45:26.597287-03:00","Action":"output","Package":"cmd/compile/internal/ssacompile","Test":"TestFuseEliminatesBothBranches","Output":"=== RUN   TestFuseEliminatesBothBranches\n","OutputType":"frame"}
{"Time":"2026-10-03T22:45:26.597399-03:00","Action":"output","Package":"cmd/compile/internal/ssacompile","Test":"TestFuseEliminatesBothBranches","Output":"--- PASS: TestFuseEliminatesBothBranches (0.00s)\n","OutputType":"frame"}
{"Time":"2026-10-03T22:45:26.597406-03:00","Action":"pass","Package":"cmd/compile/internal/ssacompile","Test":"TestFuseEliminatesBothBranches","Elapsed":0}
{"Time":"2026-10-03T22:45:26.597411-03:00","Action":"run","Package":"cmd/compile/internal/ssacompile","Test":"TestFuseHandlesPhis"}
{"Time":"2026-10-03T22:45:26.597415-03:00","Action":"output","Package":"cmd/compile/internal/ssacompile","Test":"TestFuseHandlesPhis","Output":"=== RUN   TestFuseHandlesPhis\n","OutputType":"frame"}
{"Time":"2026-10-03T22:45:26.59754-03:00","Action":"output","Package":"cmd/compile/internal/ssacompile","Test":"TestFuseHandlesPhis","Output":"--- PASS: TestFuseHandlesPhis (0.00s)\n","OutputType":"frame"}
{"Time":"2026-10-03T22:45:26.597548-03:00","Action":"pass","Package":"cmd/compile/internal/ssacompile","Test":"TestFuseHandlesPhis","Elapsed":0}
{"Time":"2026-10-03T22:45:26.597552-03:00","Action":"run","Package":"cmd/compile/internal/ssacompile","Test":"TestFuseEliminatesEmptyBlocks"}
{"Time":"2026-10-03T22:45:26.597555-03:00","Action":"output","Package":"cmd/compile/internal/ssacompile","Test":"TestFuseEliminatesEmptyBlocks","Output":"=== RUN   TestFuseEliminatesEmptyBlocks\n","OutputType":"frame"}
{"Time":"2026-10-03T22:45:26.597665-03:00","Action":"output","Package":"cmd/compile/internal/ssacompile","Test":"TestFuseEliminatesEmptyBlocks","Output":"--- PASS: TestFuseEliminatesEmptyBlocks (0.00s)\n","OutputType":"frame"}
{"Time":"2026-10-03T22:45:26.59767-03:00","Action":"pass","Package":"cmd/compile/internal/ssacompile","Test":"TestFuseEliminatesEmptyBlocks","Elapsed":0}
{"Time":"2026-10-03T22:45:26.597674-03:00","Action":"run","Package":"cmd/compile/internal/ssacompile","Test":"TestFuseSideEffects"}
{"Time":"2026-10-03T22:45:26.597677-03:00","Action":"output","Package":"cmd/compile/internal/ssacompile","Test":"TestFuseSideEffects","Output":"=== RUN   TestFuseSideEffects\n","OutputType":"frame"}
{"Time":"2026-10-03T22:45:26.597776-03:00","Action":"output","Package":"cmd/compile/internal/ssacompile","Test":"TestFuseSideEffects","Output":"--- PASS: TestFuseSideEffects (0.00s)\n","OutputType":"frame"}
{"Time":"2026-10-03T22:45:26.597781-03:00","Action":"pass","Package":"cmd/compile/internal/ssacompile","Test":"TestFuseSideEffects","Elapsed":0}
{"Time":"2026-10-03T22:45:26.597783-03:00","Action":"run","Package":"cmd/compile/internal/ssacompile","Test":"TestFuseHandlesDifferentiatedPhi"}
{"Time":"2026-10-03T22:45:26.597786-03:00","Action":"output","Package":"cmd/compile/internal/ssacompile","Test":"TestFuseHandlesDifferentiatedPhi","Output":"=== RUN   TestFuseHandlesDifferentiatedPhi\n","OutputType":"frame"}
{"Time":"2026-10-03T22:45:26.598018-03:00","Action":"output","Package":"cmd/compile/internal/ssacompile","Test":"TestFuseHandlesDifferentiatedPhi","Output":"--- PASS: TestFuseHandlesDifferentiatedPhi (0.00s)\n","OutputType":"frame"}
{"Time":"2026-10-03T22:45:26.598048-03:00","Action":"pass","Package":"cmd/compile/internal/ssacompile","Test":"TestFuseHandlesDifferentiatedPhi","Elapsed":0}
{"Time":"2026-10-03T22:45:26.598062-03:00","Action":"run","Package":"cmd/compile/internal/ssacompile","Test":"TestLCALinear"}
{"Time":"2026-10-03T22:45:26.598072-03:00","Action":"output","Package":"cmd/compile/internal/ssacompile","Test":"TestLCALinear","Output":"=== RUN   TestLCALinear\n","OutputType":"frame"}
{"Time":"2026-10-03T22:45:26.600752-03:00","Action":"output","Package":"cmd/compile/internal/ssacompile","Test":"TestLCALinear","Output":"--- PASS: TestLCALinear (0.00s)\n","OutputType":"frame"}
{"Time":"2026-10-03T22:45:26.600766-03:00","Action":"pass","Package":"cmd/compile/internal/ssacompile","Test":"TestLCALinear","Elapsed":0}
{"Time":"2026-10-03T22:45:26.600773-03:00","Action":"run","Package":"cmd/compile/internal/ssacompile","Test":"TestLCAFwdBack"}
{"Time":"2026-10-03T22:45:26.600777-03:00","Action":"output","Package":"cmd/compile/internal/ssacompile","Test":"TestLCAFwdBack","Output":"=== RUN   TestLCAFwdBack\n","OutputType":"frame"}
{"Time":"2026-10-03T22:45:26.602556-03:00","Action":"output","Package":"cmd/compile/internal/ssacompile","Test":"TestLCAFwdBack","Output":"--- PASS: TestLCAFwdBack (0.00s)\n","OutputType":"frame"}
{"Time":"2026-10-03T22:45:26.602565-03:00","Action":"pass","Package":"cmd/compile/internal/ssacompile","Test":"TestLCAFwdBack","Elapsed":0}
{"Time":"2026-10-03T22:45:26.60257-03:00","Action":"run","Package":"cmd/compile/internal/ssacompile","Test":"TestLCAManyPred"}
{"Time":"2026-10-03T22:45:26.602573-03:00","Action":"output","Package":"cmd/compile/internal/ssacompile","Test":"TestLCAManyPred","Output":"=== RUN   TestLCAManyPred\n","OutputType":"frame"}
{"Time":"2026-10-03T22:45:26.605237-03:00","Action":"output","Package":"cmd/compile/internal/ssacompile","Test":"TestLCAManyPred","Output":"--- PASS: TestLCAManyPred (0.00s)\n","OutputType":"frame"}
{"Time":"2026-10-03T22:45:26.605268-03:00","Action":"pass","Package":"cmd/compile/internal/ssacompile","Test":"TestLCAManyPred","Elapsed":0}
{"Time":"2026-10-03T22:45:26.605294-03:00","Action":"run","Package":"cmd/compile/internal/ssacompile","Test":"TestLCAMaxPred"}
{"Time":"2026-10-03T22:45:26.605306-03:00","Action":"output","Package":"cmd/compile/internal/ssacompile","Test":"TestLCAMaxPred","Output":"=== RUN   TestLCAMaxPred\n","OutputType":"frame"}
{"Time":"2026-10-03T22:45:26.607956-03:00","Action":"output","Package":"cmd/compile/internal/ssacompile","Test":"TestLCAMaxPred","Output":"--- PASS: TestLCAMaxPred (0.00s)\n","OutputType":"frame"}
{"Time":"2026-10-03T22:45:26.607992-03:00","Action":"pass","Package":"cmd/compile/internal/ssacompile","Test":"TestLCAMaxPred","Elapsed":0}
{"Time":"2026-10-03T22:45:26.607998-03:00","Action":"run","Package":"cmd/compile/internal/ssacompile","Test":"TestLCAMaxPredValue"}
{"Time":"2026-10-03T22:45:26.608002-03:00","Action":"output","Package":"cmd/compile/internal/ssacompile","Test":"TestLCAMaxPredValue","Output":"=== RUN   TestLCAMaxPredValue\n","OutputType":"frame"}
{"Time":"2026-10-03T22:45:26.611013-03:00","Action":"output","Package":"cmd/compile/internal/ssacompile","Test":"TestLCAMaxPredValue","Output":"--- PASS: TestLCAMaxPredValue (0.00s)\n","OutputType":"frame"}
{"Time":"2026-10-03T22:45:26.611021-03:00","Action":"pass","Package":"cmd/compile/internal/ssacompile","Test":"TestLCAMaxPredValue","Elapsed":0}
{"Time":"2026-10-03T22:45:26.611026-03:00","Action":"run","Package":"cmd/compile/internal/ssacompile","Test":"TestLICM"}
{"Time":"2026-10-03T22:45:26.61103-03:00","Action":"output","Package":"cmd/compile/internal/ssacompile","Test":"TestLICM","Output":"=== RUN   TestLICM\n","OutputType":"frame"}
{"Time":"2026-10-03T22:45:26.611154-03:00","Action":"output","Package":"cmd/compile/internal/ssacompile","Test":"TestLICM","Output":"--- PASS: TestLICM (0.00s)\n","OutputType":"frame"}
{"Time":"2026-10-03T22:45:26.611159-03:00","Action":"pass","Package":"cmd/compile/internal/ssacompile","Test":"TestLICM","Elapsed":0}
{"Time":"2026-10-03T22:45:26.611163-03:00","Action":"run","Package":"cmd/compile/internal/ssacompile","Test":"TestLICMNewBlock"}
{"Time":"2026-10-03T22:45:26.611166-03:00","Action":"output","Package":"cmd/compile/internal/ssacompile","Test":"TestLICMNewBlock","Output":"=== RUN   TestLICMNewBlock\n","OutputType":"frame"}
{"Time":"2026-10-03T22:45:26.611287-03:00","Action":"output","Package":"cmd/compile/internal/ssacompile","Test":"TestLICMNewBlock","Output":"--- PASS: TestLICMNewBlock (0.00s)\n","OutputType":"frame"}
{"Time":"2026-10-03T22:45:26.611295-03:00","Action":"pass","Package":"cmd/compile/internal/ssacompile","Test":"TestLICMNewBlock","Elapsed":0}
{"Time":"2026-10-03T22:45:26.611301-03:00","Action":"run","Package":"cmd/compile/internal/ssacompile","Test":"TestLoopRotateNested"}
{"Time":"2026-10-03T22:45:26.611306-03:00","Action":"output","Package":"cmd/compile/internal/ssacompile","Test":"TestLoopRotateNested","Output":"=== RUN   TestLoopRotateNested\n","OutputType":"frame"}
{"Time":"2026-10-03T22:45:26.611449-03:00","Action":"output","Package":"cmd/compile/internal/ssacompile","Test":"TestLoopRotateNested","Output":"--- PASS: TestLoopRotateNested (0.00s)\n","OutputType":"frame"}
{"Time":"2026-10-03T22:45:26.611455-03:00","Action":"pass","Package":"cmd/compile/internal/ssacompile","Test":"TestLoopRotateNested","Elapsed":0}
{"Time":"2026-10-03T22:45:26.611459-03:00","Action":"run","Package":"cmd/compile/internal/ssacompile","Test":"TestMagicExhaustive8"}
{"Time":"2026-10-03T22:45:26.611462-03:00","Action":"output","Package":"cmd/compile/internal/ssacompile","Test":"TestMagicExhaustive8","Output":"=== RUN   TestMagicExhaustive8\n","OutputType":"frame"}
{"Time":"2026-10-03T22:45:26.6116-03:00","Action":"output","Package":"cmd/compile/internal/ssacompile","Test":"TestMagicExhaustive8","Output":"--- PASS: TestMagicExhaustive8 (0.00s)\n","OutputType":"frame"}
{"Time":"2026-10-03T22:45:26.611605-03:00","Action":"pass","Package":"cmd/compile/internal/ssacompile","Test":"TestMagicExhaustive8","Elapsed":0}
{"Time":"2026-10-03T22:45:26.611609-03:00","Action":"run","Package":"cmd/compile/internal/ssacompile","Test":"TestMagicExhaustive8U"}
{"Time":"2026-10-03T22:45:26.611612-03:00","Action":"output","Package":"cmd/compile/internal/ssacompile","Test":"TestMagicExhaustive8U","Output":"=== RUN   TestMagicExhaustive8U\n","OutputType":"frame"}
{"Time":"2026-10-03T22:45:26.611685-03:00","Action":"output","Package":"cmd/compile/internal/ssacompile","Test":"TestMagicExhaustive8U","Output":"--- PASS: TestMagicExhaustive8U (0.00s)\n","OutputType":"frame"}
{"Time":"2026-10-03T22:45:26.61169-03:00","Action":"pass","Package":"cmd/compile/internal/ssacompile","Test":"TestMagicExhaustive8U","Elapsed":0}
{"Time":"2026-10-03T22:45:26.611694-03:00","Action":"run","Package":"cmd/compile/internal/ssacompile","Test":"TestMagicExhaustive16"}
{"Time":"2026-10-03T22:45:26.611697-03:00","Action":"output","Package":"cmd/compile/internal/ssacompile","Test":"TestMagicExhaustive16","Output":"=== RUN   TestMagicExhaustive16\n","OutputType":"frame"}
{"Time":"2026-10-03T22:45:27.74707-03:00","Action":"output","Package":"cmd/compile/internal/ssacompile","Test":"TestMagicExhaustive16","Output":"--- PASS: TestMagicExhaustive16 (1.14s)\n","OutputType":"frame"}
{"Time":"2026-10-03T22:45:27.747111-03:00","Action":"pass","Package":"cmd/compile/internal/ssacompile","Test":"TestMagicExhaustive16","Elapsed":1.14}
{"Time":"2026-10-03T22:45:27.747124-03:00","Action":"run","Package":"cmd/compile/internal/ssacompile","Test":"TestMagicExhaustive16U"}
{"Time":"2026-10-03T22:45:27.747128-03:00","Action":"output","Package":"cmd/compile/internal/ssacompile","Test":"TestMagicExhaustive16U","Output":"=== RUN   TestMagicExhaustive16U\n","OutputType":"frame"}
{"Time":"2026-10-03T22:45:29.912904-03:00","Action":"output","Package":"cmd/compile/internal/ssacompile","Test":"TestMagicExhaustive16U","Output":"--- PASS: TestMagicExhaustive16U (2.17s)\n","OutputType":"frame"}
{"Time":"2026-10-03T22:45:29.912945-03:00","Action":"pass","Package":"cmd/compile/internal/ssacompile","Test":"TestMagicExhaustive16U","Elapsed":2.17}
{"Time":"2026-10-03T22:45:29.912953-03:00","Action":"run","Package":"cmd/compile/internal/ssacompile","Test":"TestMagicUnsigned"}
{"Time":"2026-10-03T22:45:29.912958-03:00","Action":"output","Package":"cmd/compile/internal/ssacompile","Test":"TestMagicUnsigned","Output":"=== RUN   TestMagicUnsigned\n","OutputType":"frame"}
{"Time":"2026-10-03T22:45:29.913008-03:00","Action":"output","Package":"cmd/compile/internal/ssacompile","Test":"TestMagicUnsigned","Output":"--- PASS: TestMagicUnsigned (0.00s)\n","OutputType":"frame"}
{"Time":"2026-10-03T22:45:29.913015-03:00","Action":"pass","Package":"cmd/compile/internal/ssacompile","Test":"TestMagicUnsigned","Elapsed":0}
{"Time":"2026-10-03T22:45:29.91302-03:00","Action":"run","Package":"cmd/compile/internal/ssacompile","Test":"TestMagicSigned"}
{"Time":"2026-10-03T22:45:29.913023-03:00","Action":"output","Package":"cmd/compile/internal/ssacompile","Test":"TestMagicSigned","Output":"=== RUN   TestMagicSigned\n","OutputType":"frame"}
{"Time":"2026-10-03T22:45:29.913163-03:00","Action":"output","Package":"cmd/compile/internal/ssacompile","Test":"TestMagicSigned","Output":"--- PASS: TestMagicSigned (0.00s)\n","OutputType":"frame"}
{"Time":"2026-10-03T22:45:29.91317-03:00","Action":"pass","Package":"cmd/compile/internal/ssacompile","Test":"TestMagicSigned","Elapsed":0}
{"Time":"2026-10-03T22:45:29.913174-03:00","Action":"run","Package":"cmd/compile/internal/ssacompile","Test":"TestDivisibleExhaustive8U"}
{"Time":"2026-10-03T22:45:29.913179-03:00","Action":"output","Package":"cmd/compile/internal/ssacompile","Test":"TestDivisibleExhaustive8U","Output":"=== RUN   TestDivisibleExhaustive8U\n","OutputType":"frame"}
{"Time":"2026-10-03T22:45:29.913239-03:00","Action":"output","Package":"cmd/compile/internal/ssacompile","Test":"TestDivisibleExhaustive8U","Output":"--- PASS: TestDivisibleExhaustive8U (0.00s)\n","OutputType":"frame"}
{"Time":"2026-10-03T22:45:29.913252-03:00","Action":"pass","Package":"cmd/compile/internal/ssacompile","Test":"TestDivisibleExhaustive8U","Elapsed":0}
{"Time":"2026-10-03T22:45:29.91327-03:00","Action":"run","Package":"cmd/compile/internal/ssacompile","Test":"TestDivisibleExhaustive16U"}
{"Time":"2026-10-03T22:45:29.913275-03:00","Action":"output","Package":"cmd/compile/internal/ssacompile","Test":"TestDivisibleExhaustive16U","Output":"=== RUN   TestDivisibleExhaustive16U\n","OutputType":"frame"}
{"Time":"2026-10-03T22:45:33.417057-03:00","Action":"output","Package":"cmd/compile/internal/ssacompile","Test":"TestDivisibleExhaustive16U","Output":"--- PASS: TestDivisibleExhaustive16U (3.50s)\n","OutputType":"frame"}
{"Time":"2026-10-03T22:45:33.417103-03:00","Action":"pass","Package":"cmd/compile/internal/ssacompile","Test":"TestDivisibleExhaustive16U","Elapsed":3.5}
{"Time":"2026-10-03T22:45:33.417114-03:00","Action":"run","Package":"cmd/compile/internal/ssacompile","Test":"TestDivisibleUnsigned"}
{"Time":"2026-10-03T22:45:33.417119-03:00","Action":"output","Package":"cmd/compile/internal/ssacompile","Test":"TestDivisibleUnsigned","Output":"=== RUN   TestDivisibleUnsigned\n","OutputType":"frame"}
{"Time":"2026-10-03T22:45:33.417125-03:00","Action":"output","Package":"cmd/compile/internal/ssacompile","Test":"TestDivisibleUnsigned","Output":"--- PASS: TestDivisibleUnsigned (0.00s)\n","OutputType":"frame"}
{"Time":"2026-10-03T22:45:33.41713-03:00","Action":"pass","Package":"cmd/compile/internal/ssacompile","Test":"TestDivisibleUnsigned","Elapsed":0}
{"Time":"2026-10-03T22:45:33.417137-03:00","Action":"run","Package":"cmd/compile/internal/ssacompile","Test":"TestDivisibleExhaustive8"}
{"Time":"2026-10-03T22:45:33.41714-03:00","Action":"output","Package":"cmd/compile/internal/ssacompile","Test":"TestDivisibleExhaustive8","Output":"=== RUN   TestDivisibleExhaustive8\n","OutputType":"frame"}
{"Time":"2026-10-03T22:45:33.417153-03:00","Action":"output","Package":"cmd/compile/internal/ssacompile","Test":"TestDivisibleExhaustive8","Output":"--- PASS: TestDivisibleExhaustive8 (0.00s)\n","OutputType":"frame"}
{"Time":"2026-10-03T22:45:33.417156-03:00","Action":"pass","Package":"cmd/compile/internal/ssacompile","Test":"TestDivisibleExhaustive8","Elapsed":0}
{"Time":"2026-10-03T22:45:33.417159-03:00","Action":"run","Package":"cmd/compile/internal/ssacompile","Test":"TestDivisibleExhaustive16"}
{"Time":"2026-10-03T22:45:33.417162-03:00","Action":"output","Package":"cmd/compile/internal/ssacompile","Test":"TestDivisibleExhaustive16","Output":"=== RUN   TestDivisibleExhaustive16\n","OutputType":"frame"}
{"Time":"2026-10-03T22:45:35.371352-03:00","Action":"output","Package":"cmd/compile/internal/ssacompile","Test":"TestDivisibleExhaustive16","Output":"--- PASS: TestDivisibleExhaustive16 (1.95s)\n","OutputType":"frame"}
{"Time":"2026-10-03T22:45:35.371419-03:00","Action":"pass","Package":"cmd/compile/internal/ssacompile","Test":"TestDivisibleExhaustive16","Elapsed":1.95}
{"Time":"2026-10-03T22:45:35.371429-03:00","Action":"run","Package":"cmd/compile/internal/ssacompile","Test":"TestDivisibleSigned"}
{"Time":"2026-10-03T22:45:35.371434-03:00","Action":"output","Package":"cmd/compile/internal/ssacompile","Test":"TestDivisibleSigned","Output":"=== RUN   TestDivisibleSigned\n","OutputType":"frame"}
{"Time":"2026-10-03T22:45:35.371441-03:00","Action":"output","Package":"cmd/compile/internal/ssacompile","Test":"TestDivisibleSigned","Output":"--- PASS: TestDivisibleSigned (0.00s)\n","OutputType":"frame"}
{"Time":"2026-10-03T22:45:35.371445-03:00","Action":"pass","Package":"cmd/compile/internal/ssacompile","Test":"TestDivisibleSigned","Elapsed":0}
{"Time":"2026-10-03T22:45:35.37145-03:00","Action":"run","Package":"cmd/compile/internal/ssacompile","Test":"TestMem2Reg"}
{"Time":"2026-10-03T22:45:35.371453-03:00","Action":"output","Package":"cmd/compile/internal/ssacompile","Test":"TestMem2Reg","Output":"=== RUN   TestMem2Reg\n","OutputType":"frame"}
{"Time":"2026-10-03T22:45:35.371456-03:00","Action":"output","Package":"cmd/compile/internal/ssacompile","Test":"TestMem2Reg","Output":"--- PASS: TestMem2Reg (0.00s)\n","OutputType":"frame"}
{"Time":"2026-10-03T22:45:35.371459-03:00","Action":"pass","Package":"cmd/compile/internal/ssacompile","Test":"TestMem2Reg","Elapsed":0}
{"Time":"2026-10-03T22:45:35.371463-03:00","Action":"run","Package":"cmd/compile/internal/ssacompile","Test":"TestMergeConditionalBranchesWithoutPointers"}
{"Time":"2026-10-03T22:45:35.371465-03:00","Action":"output","Package":"cmd/compile/internal/ssacompile","Test":"TestMergeConditionalBranchesWithoutPointers","Output":"=== RUN   TestMergeConditionalBranchesWithoutPointers\n","OutputType":"frame"}
{"Time":"2026-10-03T22:45:35.371468-03:00","Action":"run","Package":"cmd/compile/internal/ssacompile","Test":"TestMergeConditionalBranchesWithoutPointers/arm64"}
{"Time":"2026-10-03T22:45:35.371471-03:00","Action":"output","Package":"cmd/compile/internal/ssacompile","Test":"TestMergeConditionalBranchesWithoutPointers/arm64","Output":"=== RUN   TestMergeConditionalBranchesWithoutPointers/arm64\n","OutputType":"frame"}
{"Time":"2026-10-03T22:45:35.372699-03:00","Action":"output","Package":"cmd/compile/internal/ssacompile","Test":"TestMergeConditionalBranchesWithoutPointers/arm64","Output":"--- PASS: TestMergeConditionalBranchesWithoutPointers/arm64 (0.00s)\n","OutputType":"frame"}
{"Time":"2026-10-03T22:45:35.372708-03:00","Action":"pass","Package":"cmd/compile/internal/ssacompile","Test":"TestMergeConditionalBranchesWithoutPointers/arm64","Elapsed":0}
{"Time":"2026-10-03T22:45:35.372712-03:00","Action":"output","Package":"cmd/compile/internal/ssacompile","Test":"TestMergeConditionalBranchesWithoutPointers","Output":"--- PASS: TestMergeConditionalBranchesWithoutPointers (0.00s)\n","OutputType":"frame"}
{"Time":"2026-10-03T22:45:35.372715-03:00","Action":"pass","Package":"cmd/compile/internal/ssacompile","Test":"TestMergeConditionalBranchesWithoutPointers","Elapsed":0}
{"Time":"2026-10-03T22:45:35.372727-03:00","Action":"run","Package":"cmd/compile/internal/ssacompile","Test":"TestNoCCMPWithPointerAndMemoryLoad"}
{"Time":"2026-10-03T22:45:35.37273-03:00","Action":"output","Package":"cmd/compile/internal/ssacompile","Test":"TestNoCCMPWithPointerAndMemoryLoad","Output":"=== RUN   TestNoCCMPWithPointerAndMemoryLoad\n","OutputType":"frame"}
{"Time":"2026-10-03T22:45:35.372733-03:00","Action":"run","Package":"cmd/compile/internal/ssacompile","Test":"TestNoCCMPWithPointerAndMemoryLoad/arm64"}
{"Time":"2026-10-03T22:45:35.372736-03:00","Action":"output","Package":"cmd/compile/internal/ssacompile","Test":"TestNoCCMPWithPointerAndMemoryLoad/arm64","Output":"=== RUN   TestNoCCMPWithPointerAndMemoryLoad/arm64\n","OutputType":"frame"}
{"Time":"2026-10-03T22:45:35.373859-03:00","Action":"output","Package":"cmd/compile/internal/ssacompile","Test":"TestNoCCMPWithPointerAndMemoryLoad/arm64","Output":"--- PASS: TestNoCCMPWithPointerAndMemoryLoad/arm64 (0.00s)\n","OutputType":"frame"}
{"Time":"2026-10-03T22:45:35.373865-03:00","Action":"pass","Package":"cmd/compile/internal/ssacompile","Test":"TestNoCCMPWithPointerAndMemoryLoad/arm64","Elapsed":0}
{"Time":"2026-10-03T22:45:35.373868-03:00","Action":"output","Package":"cmd/compile/internal/ssacompile","Test":"TestNoCCMPWithPointerAndMemoryLoad","Output":"--- PASS: TestNoCCMPWithPointerAndMemoryLoad (0.00s)\n","OutputType":"frame"}
{"Time":"2026-10-03T22:45:35.373872-03:00","Action":"pass","Package":"cmd/compile/internal/ssacompile","Test":"TestNoCCMPWithPointerAndMemoryLoad","Elapsed":0}
{"Time":"2026-10-03T22:45:35.373875-03:00","Action":"run","Package":"cmd/compile/internal/ssacompile","Test":"TestNilcheckSimple"}
{"Time":"2026-10-03T22:45:35.373877-03:00","Action":"output","Package":"cmd/compile/internal/ssacompile","Test":"TestNilcheckSimple","Output":"=== RUN   TestNilcheckSimple\n","OutputType":"frame"}
{"Time":"2026-10-03T22:45:35.37402-03:00","Action":"output","Package":"cmd/compile/internal/ssacompile","Test":"TestNilcheckSimple","Output":"--- PASS: TestNilcheckSimple (0.00s)\n","OutputType":"frame"}
{"Time":"2026-10-03T22:45:35.374025-03:00","Action":"pass","Package":"cmd/compile/internal/ssacompile","Test":"TestNilcheckSimple","Elapsed":0}
{"Time":"2026-10-03T22:45:35.374028-03:00","Action":"run","Package":"cmd/compile/internal/ssacompile","Test":"TestNilcheckDomOrder"}
{"Time":"2026-10-03T22:45:35.374031-03:00","Action":"output","Package":"cmd/compile/internal/ssacompile","Test":"TestNilcheckDomOrder","Output":"=== RUN   TestNilcheckDomOrder\n","OutputType":"frame"}
{"Time":"2026-10-03T22:45:35.374118-03:00","Action":"output","Package":"cmd/compile/internal/ssacompile","Test":"TestNilcheckDomOrder","Output":"--- PASS: TestNilcheckDomOrder (0.00s)\n","OutputType":"frame"}
{"Time":"2026-10-03T22:45:35.374135-03:00","Action":"pass","Package":"cmd/compile/internal/ssacompile","Test":"TestNilcheckDomOrder","Elapsed":0}
{"Time":"2026-10-03T22:45:35.374138-03:00","Action":"run","Package":"cmd/compile/internal/ssacompile","Test":"TestNilcheckAddr"}
{"Time":"2026-10-03T22:45:35.374141-03:00","Action":"output","Package":"cmd/compile/internal/ssacompile","Test":"TestNilcheckAddr","Output":"=== RUN   TestNilcheckAddr\n","OutputType":"frame"}
{"Time":"2026-10-03T22:45:35.374325-03:00","Action":"output","Package":"cmd/compile/internal/ssacompile","Test":"TestNilcheckAddr","Output":"--- PASS: TestNilcheckAddr (0.00s)\n","OutputType":"frame"}
{"Time":"2026-10-03T22:45:35.374368-03:00","Action":"pass","Package":"cmd/compile/internal/ssacompile","Test":"TestNilcheckAddr","Elapsed":0}
{"Time":"2026-10-03T22:45:35.374389-03:00","Action":"run","Package":"cmd/compile/internal/ssacompile","Test":"TestNilcheckAddPtr"}
{"Time":"2026-10-03T22:45:35.3744-03:00","Action":"output","Package":"cmd/compile/internal/ssacompile","Test":"TestNilcheckAddPtr","Output":"=== RUN   TestNilcheckAddPtr\n","OutputType":"frame"}
{"Time":"2026-10-03T22:45:35.374525-03:00","Action":"output","Package":"cmd/compile/internal/ssacompile","Test":"TestNilcheckAddPtr","Output":"--- PASS: TestNilcheckAddPtr (0.00s)\n","OutputType":"frame"}
{"Time":"2026-10-03T22:45:35.374546-03:00","Action":"pass","Package":"cmd/compile/internal/ssacompile","Test":"TestNilcheckAddPtr","Elapsed":0}
{"Time":"2026-10-03T22:45:35.374552-03:00","Action":"run","Package":"cmd/compile/internal/ssacompile","Test":"TestNilcheckPhi"}
{"Time":"2026-10-03T22:45:35.374556-03:00","Action":"output","Package":"cmd/compile/internal/ssacompile","Test":"TestNilcheckPhi","Output":"=== RUN   TestNilcheckPhi\n","OutputType":"frame"}
{"Time":"2026-10-03T22:45:35.374638-03:00","Action":"output","Package":"cmd/compile/internal/ssacompile","Test":"TestNilcheckPhi","Output":"--- PASS: TestNilcheckPhi (0.00s)\n","OutputType":"frame"}
{"Time":"2026-10-03T22:45:35.374645-03:00","Action":"pass","Package":"cmd/compile/internal/ssacompile","Test":"TestNilcheckPhi","Elapsed":0}
{"Time":"2026-10-03T22:45:35.374649-03:00","Action":"run","Package":"cmd/compile/internal/ssacompile","Test":"TestNilcheckKeepRemove"}
{"Time":"2026-10-03T22:45:35.374652-03:00","Action":"output","Package":"cmd/compile/internal/ssacompile","Test":"TestNilcheckKeepRemove","Output":"=== RUN   TestNilcheckKeepRemove\n","OutputType":"frame"}
{"Time":"2026-10-03T22:45:35.37476-03:00","Action":"output","Package":"cmd/compile/internal/ssacompile","Test":"TestNilcheckKeepRemove","Output":"--- PASS: TestNilcheckKeepRemove (0.00s)\n","OutputType":"frame"}
{"Time":"2026-10-03T22:45:35.374766-03:00","Action":"pass","Package":"cmd/compile/internal/ssacompile","Test":"TestNilcheckKeepRemove","Elapsed":0}
{"Time":"2026-10-03T22:45:35.37477-03:00","Action":"run","Package":"cmd/compile/internal/ssacompile","Test":"TestNilcheckInFalseBranch"}
{"Time":"2026-10-03T22:45:35.374773-03:00","Action":"output","Package":"cmd/compile/internal/ssacompile","Test":"TestNilcheckInFalseBranch","Output":"=== RUN   TestNilcheckInFalseBranch\n","OutputType":"frame"}
{"Time":"2026-10-03T22:45:35.374873-03:00","Action":"output","Package":"cmd/compile/internal/ssacompile","Test":"TestNilcheckInFalseBranch","Output":"--- PASS: TestNilcheckInFalseBranch (0.00s)\n","OutputType":"frame"}
{"Time":"2026-10-03T22:45:35.374879-03:00","Action":"pass","Package":"cmd/compile/internal/ssacompile","Test":"TestNilcheckInFalseBranch","Elapsed":0}
{"Time":"2026-10-03T22:45:35.374882-03:00","Action":"run","Package":"cmd/compile/internal/ssacompile","Test":"TestNilcheckUser"}
{"Time":"2026-10-03T22:45:35.374885-03:00","Action":"output","Package":"cmd/compile/internal/ssacompile","Test":"TestNilcheckUser","Output":"=== RUN   TestNilcheckUser\n","OutputType":"frame"}
{"Time":"2026-10-03T22:45:35.375023-03:00","Action":"output","Package":"cmd/compile/internal/ssacompile","Test":"TestNilcheckUser","Output":"--- PASS: TestNilcheckUser (0.00s)\n","OutputType":"frame"}
{"Time":"2026-10-03T22:45:35.375028-03:00","Action":"pass","Package":"cmd/compile/internal/ssacompile","Test":"TestNilcheckUser","Elapsed":0}
{"Time":"2026-10-03T22:45:35.375032-03:00","Action":"run","Package":"cmd/compile/internal/ssacompile","Test":"TestNilcheckBug"}
{"Time":"2026-10-03T22:45:35.375035-03:00","Action":"output","Package":"cmd/compile/internal/ssacompile","Test":"TestNilcheckBug","Output":"=== RUN   TestNilcheckBug\n","OutputType":"frame"}
{"Time":"2026-10-03T22:45:35.375163-03:00","Action":"output","Package":"cmd/compile/internal/ssacompile","Test":"TestNilcheckBug","Output":"--- PASS: TestNilcheckBug (0.00s)\n","OutputType":"frame"}
{"Time":"2026-10-03T22:45:35.375168-03:00","Action":"pass","Package":"cmd/compile/internal/ssacompile","Test":"TestNilcheckBug","Elapsed":0}
{"Time":"2026-10-03T22:45:35.375171-03:00","Action":"run","Package":"cmd/compile/internal/ssacompile","Test":"TestConditionalLoadConstant"}
{"Time":"2026-10-03T22:45:35.375174-03:00","Action":"output","Package":"cmd/compile/internal/ssacompile","Test":"TestConditionalLoadConstant","Output":"=== RUN   TestConditionalLoadConstant\n","OutputType":"frame"}
{"Time":"2026-10-03T22:45:35.375178-03:00","Action":"run","Package":"cmd/compile/internal/ssacompile","Test":"TestConditionalLoadConstant/uint64"}
{"Time":"2026-10-03T22:45:35.375185-03:00","Action":"output","Package":"cmd/compile/internal/ssacompile","Test":"TestConditionalLoadConstant/uint64","Output":"=== RUN   TestConditionalLoadConstant/uint64\n","OutputType":"frame"}
{"Time":"2026-10-03T22:45:35.375275-03:00","Action":"output","Package":"cmd/compile/internal/ssacompile","Test":"TestConditionalLoadConstant/uint64","Output":"--- PASS: TestConditionalLoadConstant/uint64 (0.00s)\n","OutputType":"frame"}
{"Time":"2026-10-03T22:45:35.37528-03:00","Action":"pass","Package":"cmd/compile/internal/ssacompile","Test":"TestConditionalLoadConstant/uint64","Elapsed":0}
{"Time":"2026-10-03T22:45:35.375283-03:00","Action":"run","Package":"cmd/compile/internal/ssacompile","Test":"TestConditionalLoadConstant/uint32"}
{"Time":"2026-10-03T22:45:35.375286-03:00","Action":"output","Package":"cmd/compile/internal/ssacompile","Test":"TestConditionalLoadConstant/uint32","Output":"=== RUN   TestConditionalLoadConstant/uint32\n","OutputType":"frame"}
{"Time":"2026-10-03T22:45:35.375384-03:00","Action":"output","Package":"cmd/compile/internal/ssacompile","Test":"TestConditionalLoadConstant/uint32","Output":"--- PASS: TestConditionalLoadConstant/uint32 (0.00s)\n","OutputType":"frame"}
{"Time":"2026-10-03T22:45:35.375389-03:00","Action":"pass","Package":"cmd/compile/internal/ssacompile","Test":"TestConditionalLoadConstant/uint32","Elapsed":0}
{"Time":"2026-10-03T22:45:35.375392-03:00","Action":"run","Package":"cmd/compile/internal/ssacompile","Test":"TestConditionalLoadConstant/uint16"}
{"Time":"2026-10-03T22:45:35.375396-03:00","Action":"output","Package":"cmd/compile/internal/ssacompile","Test":"TestConditionalLoadConstant/uint16","Output":"=== RUN   TestConditionalLoadConstant/uint16\n","OutputType":"frame"}
{"Time":"2026-10-03T22:45:35.375494-03:00","Action":"output","Package":"cmd/compile/internal/ssacompile","Test":"TestConditionalLoadConstant/uint16","Output":"--- PASS: TestConditionalLoadConstant/uint16 (0.00s)\n","OutputType":"frame"}
{"Time":"2026-10-03T22:45:35.375499-03:00","Action":"pass","Package":"cmd/compile/internal/ssacompile","Test":"TestConditionalLoadConstant/uint16","Elapsed":0}
{"Time":"2026-10-03T22:45:35.375502-03:00","Action":"run","Package":"cmd/compile/internal/ssacompile","Test":"TestConditionalLoadConstant/uint8"}
{"Time":"2026-10-03T22:45:35.375505-03:00","Action":"output","Package":"cmd/compile/internal/ssacompile","Test":"TestConditionalLoadConstant/uint8","Output":"=== RUN   TestConditionalLoadConstant/uint8\n","OutputType":"frame"}
{"Time":"2026-10-03T22:45:35.375682-03:00","Action":"output","Package":"cmd/compile/internal/ssacompile","Test":"TestConditionalLoadConstant/uint8","Output":"--- PASS: TestConditionalLoadConstant/uint8 (0.00s)\n","OutputType":"frame"}
{"Time":"2026-10-03T22:45:35.375715-03:00","Action":"pass","Package":"cmd/compile/internal/ssacompile","Test":"TestConditionalLoadConstant/uint8","Elapsed":0}
{"Time":"2026-10-03T22:45:35.375728-03:00","Action":"run","Package":"cmd/compile/internal/ssacompile","Test":"TestConditionalLoadConstant/equal_edge"}
{"Time":"2026-10-03T22:45:35.37575-03:00","Action":"output","Package":"cmd/compile/internal/ssacompile","Test":"TestConditionalLoadConstant/equal_edge","Output":"=== RUN   TestConditionalLoadConstant/equal_edge\n","OutputType":"frame"}
{"Time":"2026-10-03T22:45:35.375893-03:00","Action":"output","Package":"cmd/compile/internal/ssacompile","Test":"TestConditionalLoadConstant/equal_edge","Output":"--- PASS: TestConditionalLoadConstant/equal_edge (0.00s)\n","OutputType":"frame"}
{"Time":"2026-10-03T22:45:35.375909-03:00","Action":"pass","Package":"cmd/compile/internal/ssacompile","Test":"TestConditionalLoadConstant/equal_edge","Elapsed":0}
{"Time":"2026-10-03T22:45:35.375915-03:00","Action":"run","Package":"cmd/compile/internal/ssacompile","Test":"TestConditionalLoadConstant/reversed_operands"}
{"Time":"2026-10-03T22:45:35.375919-03:00","Action":"output","Package":"cmd/compile/internal/ssacompile","Test":"TestConditionalLoadConstant/reversed_operands","Output":"=== RUN   TestConditionalLoadConstant/reversed_operands\n","OutputType":"frame"}
{"Time":"2026-10-03T22:45:35.375999-03:00","Action":"output","Package":"cmd/compile/internal/ssacompile","Test":"TestConditionalLoadConstant/reversed_operands","Output":"--- PASS: TestConditionalLoadConstant/reversed_operands (0.00s)\n","OutputType":"frame"}
{"Time":"2026-10-03T22:45:35.376006-03:00","Action":"pass","Package":"cmd/compile/internal/ssacompile","Test":"TestConditionalLoadConstant/reversed_operands","Elapsed":0}
{"Time":"2026-10-03T22:45:35.376015-03:00","Action":"run","Package":"cmd/compile/internal/ssacompile","Test":"TestConditionalLoadConstant/copied_pointer_disjoint_payload"}
{"Time":"2026-10-03T22:45:35.376019-03:00","Action":"output","Package":"cmd/compile/internal/ssacompile","Test":"TestConditionalLoadConstant/copied_pointer_disjoint_payload","Output":"=== RUN   TestConditionalLoadConstant/copied_pointer_disjoint_payload\n","OutputType":"frame"}
{"Time":"2026-10-03T22:45:35.376104-03:00","Action":"output","Package":"cmd/compile/internal/ssacompile","Test":"TestConditionalLoadConstant/copied_pointer_disjoint_payload","Output":"--- PASS: TestConditionalLoadConstant/copied_pointer_disjoint_payload (0.00s)\n","OutputType":"frame"}
{"Time":"2026-10-03T22:45:35.37611-03:00","Action":"pass","Package":"cmd/compile/internal/ssacompile","Test":"TestConditionalLoadConstant/copied_pointer_disjoint_payload","Elapsed":0}
{"Time":"2026-10-03T22:45:35.376117-03:00","Action":"run","Package":"cmd/compile/internal/ssacompile","Test":"TestConditionalLoadConstant/wrong_edge"}
{"Time":"2026-10-03T22:45:35.37612-03:00","Action":"output","Package":"cmd/compile/internal/ssacompile","Test":"TestConditionalLoadConstant/wrong_edge","Output":"=== RUN   TestConditionalLoadConstant/wrong_edge\n","OutputType":"frame"}
{"Time":"2026-10-03T22:45:35.3762-03:00","Action":"output","Package":"cmd/compile/internal/ssacompile","Test":"TestConditionalLoadConstant/wrong_edge","Output":"--- PASS: TestConditionalLoadConstant/wrong_edge (0.00s)\n","OutputType":"frame"}
{"Time":"2026-10-03T22:45:35.376205-03:00","Action":"pass","Package":"cmd/compile/internal/ssacompile","Test":"TestConditionalLoadConstant/wrong_edge","Elapsed":0}
{"Time":"2026-10-03T22:45:35.376209-03:00","Action":"run","Package":"cmd/compile/internal/ssacompile","Test":"TestConditionalLoadConstant/unequal_values"}
{"Time":"2026-10-03T22:45:35.376211-03:00","Action":"output","Package":"cmd/compile/internal/ssacompile","Test":"TestConditionalLoadConstant/unequal_values","Output":"=== RUN   TestConditionalLoadConstant/unequal_values\n","OutputType":"frame"}
{"Time":"2026-10-03T22:45:35.376292-03:00","Action":"output","Package":"cmd/compile/internal/ssacompile","Test":"TestConditionalLoadConstant/unequal_values","Output":"--- PASS: TestConditionalLoadConstant/unequal_values (0.00s)\n","OutputType":"frame"}
{"Time":"2026-10-03T22:45:35.376297-03:00","Action":"pass","Package":"cmd/compile/internal/ssacompile","Test":"TestConditionalLoadConstant/unequal_values","Elapsed":0}
{"Time":"2026-10-03T22:45:35.3763-03:00","Action":"run","Package":"cmd/compile/internal/ssacompile","Test":"TestConditionalLoadConstant/changed_snapshot"}
{"Time":"2026-10-03T22:45:35.376303-03:00","Action":"output","Package":"cmd/compile/internal/ssacompile","Test":"TestConditionalLoadConstant/changed_snapshot","Output":"=== RUN   TestConditionalLoadConstant/changed_snapshot\n","OutputType":"frame"}
{"Time":"2026-10-03T22:45:35.376388-03:00","Action":"output","Package":"cmd/compile/internal/ssacompile","Test":"TestConditionalLoadConstant/changed_snapshot","Output":"--- PASS: TestConditionalLoadConstant/changed_snapshot (0.00s)\n","OutputType":"frame"}
{"Time":"2026-10-03T22:45:35.376395-03:00","Action":"pass","Package":"cmd/compile/internal/ssacompile","Test":"TestConditionalLoadConstant/changed_snapshot","Elapsed":0}
{"Time":"2026-10-03T22:45:35.376398-03:00","Action":"run","Package":"cmd/compile/internal/ssacompile","Test":"TestConditionalLoadConstant/aliasing_store"}
{"Time":"2026-10-03T22:45:35.376401-03:00","Action":"output","Package":"cmd/compile/internal/ssacompile","Test":"TestConditionalLoadConstant/aliasing_store","Output":"=== RUN   TestConditionalLoadConstant/aliasing_store\n","OutputType":"frame"}
{"Time":"2026-10-03T22:45:35.376482-03:00","Action":"output","Package":"cmd/compile/internal/ssacompile","Test":"TestConditionalLoadConstant/aliasing_store","Output":"--- PASS: TestConditionalLoadConstant/aliasing_store (0.00s)\n","OutputType":"frame"}
{"Time":"2026-10-03T22:45:35.376487-03:00","Action":"pass","Package":"cmd/compile/internal/ssacompile","Test":"TestConditionalLoadConstant/aliasing_store","Elapsed":0}
{"Time":"2026-10-03T22:45:35.37649-03:00","Action":"run","Package":"cmd/compile/internal/ssacompile","Test":"TestConditionalLoadConstant/partially_overlapping_store"}
{"Time":"2026-10-03T22:45:35.376493-03:00","Action":"output","Package":"cmd/compile/internal/ssacompile","Test":"TestConditionalLoadConstant/partially_overlapping_store","Output":"=== RUN   TestConditionalLoadConstant/partially_overlapping_store\n","OutputType":"frame"}
{"Time":"2026-10-03T22:45:35.376651-03:00","Action":"output","Package":"cmd/compile/internal/ssacompile","Test":"TestConditionalLoadConstant/partially_overlapping_store","Output":"--- PASS: TestConditionalLoadConstant/partially_overlapping_store (0.00s)\n","OutputType":"frame"}
{"Time":"2026-10-03T22:45:35.376665-03:00","Action":"pass","Package":"cmd/compile/internal/ssacompile","Test":"TestConditionalLoadConstant/partially_overlapping_store","Elapsed":0}
{"Time":"2026-10-03T22:45:35.376678-03:00","Action":"run","Package":"cmd/compile/internal/ssacompile","Test":"TestConditionalLoadConstant/overwritten_tag"}
{"Time":"2026-10-03T22:45:35.376684-03:00","Action":"output","Package":"cmd/compile/internal/ssacompile","Test":"TestConditionalLoadConstant/overwritten_tag","Output":"=== RUN   TestConditionalLoadConstant/overwritten_tag\n","OutputType":"frame"}
{"Time":"2026-10-03T22:45:35.376714-03:00","Action":"output","Package":"cmd/compile/internal/ssacompile","Test":"TestConditionalLoadConstant/overwritten_tag","Output":"--- PASS: TestConditionalLoadConstant/overwritten_tag (0.00s)\n","OutputType":"frame"}
{"Time":"2026-10-03T22:45:35.376721-03:00","Action":"pass","Package":"cmd/compile/internal/ssacompile","Test":"TestConditionalLoadConstant/overwritten_tag","Elapsed":0}
{"Time":"2026-10-03T22:45:35.376728-03:00","Action":"run","Package":"cmd/compile/internal/ssacompile","Test":"TestConditionalLoadConstant/unknown_memory"}
{"Time":"2026-10-03T22:45:35.376732-03:00","Action":"output","Package":"cmd/compile/internal/ssacompile","Test":"TestConditionalLoadConstant/unknown_memory","Output":"=== RUN   TestConditionalLoadConstant/unknown_memory\n","OutputType":"frame"}
{"Time":"2026-10-03T22:45:35.37682-03:00","Action":"output","Package":"cmd/compile/internal/ssacompile","Test":"TestConditionalLoadConstant/unknown_memory","Output":"--- PASS: TestConditionalLoadConstant/unknown_memory (0.00s)\n","OutputType":"frame"}
{"Time":"2026-10-03T22:45:35.376825-03:00","Action":"pass","Package":"cmd/compile/internal/ssacompile","Test":"TestConditionalLoadConstant/unknown_memory","Elapsed":0}
{"Time":"2026-10-03T22:45:35.376828-03:00","Action":"run","Package":"cmd/compile/internal/ssacompile","Test":"TestConditionalLoadConstant/partial_width_store"}
{"Time":"2026-10-03T22:45:35.376831-03:00","Action":"output","Package":"cmd/compile/internal/ssacompile","Test":"TestConditionalLoadConstant/partial_width_store","Output":"=== RUN   TestConditionalLoadConstant/partial_width_store\n","OutputType":"frame"}
{"Time":"2026-10-03T22:45:35.376981-03:00","Action":"output","Package":"cmd/compile/internal/ssacompile","Test":"TestConditionalLoadConstant/partial_width_store","Output":"--- PASS: TestConditionalLoadConstant/partial_width_store (0.00s)\n","OutputType":"frame"}
{"Time":"2026-10-03T22:45:35.377008-03:00","Action":"pass","Package":"cmd/compile/internal/ssacompile","Test":"TestConditionalLoadConstant/partial_width_store","Elapsed":0}
{"Time":"2026-10-03T22:45:35.377022-03:00","Action":"run","Package":"cmd/compile/internal/ssacompile","Test":"TestConditionalLoadConstant/call_after_store"}
{"Time":"2026-10-03T22:45:35.377032-03:00","Action":"output","Package":"cmd/compile/internal/ssacompile","Test":"TestConditionalLoadConstant/call_after_store","Output":"=== RUN   TestConditionalLoadConstant/call_after_store\n","OutputType":"frame"}
{"Time":"2026-10-03T22:45:35.377188-03:00","Action":"output","Package":"cmd/compile/internal/ssacompile","Test":"TestConditionalLoadConstant/call_after_store","Output":"--- PASS: TestConditionalLoadConstant/call_after_store (0.00s)\n","OutputType":"frame"}
{"Time":"2026-10-03T22:45:35.377198-03:00","Action":"pass","Package":"cmd/compile/internal/ssacompile","Test":"TestConditionalLoadConstant/call_after_store","Elapsed":0}
{"Time":"2026-10-03T22:45:35.377202-03:00","Action":"output","Package":"cmd/compile/internal/ssacompile","Test":"TestConditionalLoadConstant","Output":"--- PASS: TestConditionalLoadConstant (0.00s)\n","OutputType":"frame"}
{"Time":"2026-10-03T22:45:35.377205-03:00","Action":"pass","Package":"cmd/compile/internal/ssacompile","Test":"TestConditionalLoadConstant","Elapsed":0}
{"Time":"2026-10-03T22:45:35.377207-03:00","Action":"run","Package":"cmd/compile/internal/ssacompile","Test":"TestProveConditionalLoad"}
{"Time":"2026-10-03T22:45:35.37721-03:00","Action":"output","Package":"cmd/compile/internal/ssacompile","Test":"TestProveConditionalLoad","Output":"=== RUN   TestProveConditionalLoad\n","OutputType":"frame"}
{"Time":"2026-10-03T22:45:35.377326-03:00","Action":"output","Package":"cmd/compile/internal/ssacompile","Test":"TestProveConditionalLoad","Output":"--- PASS: TestProveConditionalLoad (0.00s)\n","OutputType":"frame"}
{"Time":"2026-10-03T22:45:35.377331-03:00","Action":"pass","Package":"cmd/compile/internal/ssacompile","Test":"TestProveConditionalLoad","Elapsed":0}
{"Time":"2026-10-03T22:45:35.377335-03:00","Action":"run","Package":"cmd/compile/internal/ssacompile","Test":"TestConditionalLoadConstantLoop"}
{"Time":"2026-10-03T22:45:35.377338-03:00","Action":"output","Package":"cmd/compile/internal/ssacompile","Test":"TestConditionalLoadConstantLoop","Output":"=== RUN   TestConditionalLoadConstantLoop\n","OutputType":"frame"}
{"Time":"2026-10-03T22:45:35.377425-03:00","Action":"output","Package":"cmd/compile/internal/ssacompile","Test":"TestConditionalLoadConstantLoop","Output":"--- PASS: TestConditionalLoadConstantLoop (0.00s)\n","OutputType":"frame"}
{"Time":"2026-10-03T22:45:35.37743-03:00","Action":"pass","Package":"cmd/compile/internal/ssacompile","Test":"TestConditionalLoadConstantLoop","Elapsed":0}
{"Time":"2026-10-03T22:45:35.377433-03:00","Action":"run","Package":"cmd/compile/internal/ssacompile","Test":"TestPhioptIntegerNestedBranches"}
{"Time":"2026-10-03T22:45:35.377436-03:00","Action":"output","Package":"cmd/compile/internal/ssacompile","Test":"TestPhioptIntegerNestedBranches","Output":"=== RUN   TestPhioptIntegerNestedBranches\n","OutputType":"frame"}
{"Time":"2026-10-03T22:45:35.377443-03:00","Action":"run","Package":"cmd/compile/internal/ssacompile","Test":"TestPhioptIntegerNestedBranches/amd64"}
{"Time":"2026-10-03T22:45:35.377446-03:00","Action":"output","Package":"cmd/compile/internal/ssacompile","Test":"TestPhioptIntegerNestedBranches/amd64","Output":"=== RUN   TestPhioptIntegerNestedBranches/amd64\n","OutputType":"frame"}
{"Time":"2026-10-03T22:45:35.377535-03:00","Action":"run","Package":"cmd/compile/internal/ssacompile","Test":"TestPhioptIntegerNestedBranches/amd64/int8/nested/true=0/compare=0/equal=false"}
{"Time":"2026-10-03T22:45:35.377543-03:00","Action":"output","Package":"cmd/compile/internal/ssacompile","Test":"TestPhioptIntegerNestedBranches/amd64/int8/nested/true=0/compare=0/equal=false","Output":"=== RUN   TestPhioptIntegerNestedBranches/amd64/int8/nested/true=0/compare=0/equal=false\n","OutputType":"frame"}
{"Time":"2026-10-03T22:45:35.377581-03:00","Action":"output","Package":"cmd/compile/internal/ssacompile","Test":"TestPhioptIntegerNestedBranches/amd64/int8/nested/true=0/compare=0/equal=false","Output":"--- PASS: TestPhioptIntegerNestedBranches/amd64/int8/nested/true=0/compare=0/equal=false (0.00s)\n","OutputType":"frame"}
{"Time":"2026-10-03T22:45:35.37759-03:00","Action":"pass","Package":"cmd/compile/internal/ssacompile","Test":"TestPhioptIntegerNestedBranches/amd64/int8/nested/true=0/compare=0/equal=false","Elapsed":0}
{"Time":"2026-10-03T22:45:35.377594-03:00","Action":"run","Package":"cmd/compile/internal/ssacompile","Test":"TestPhioptIntegerNestedBranches/amd64/int8/nested/true=0/compare=0/equal=true"}
{"Time":"2026-10-03T22:45:35.377597-03:00","Action":"output","Package":"cmd/compile/internal/ssacompile","Test":"TestPhioptIntegerNestedBranches/amd64/int8/nested/true=0/compare=0/equal=true","Output":"=== RUN   TestPhioptIntegerNestedBranches/amd64/int8/nested/true=0/compare=0/equal=true\n","OutputType":"frame"}
{"Time":"2026-10-03T22:45:35.377602-03:00","Action":"output","Package":"cmd/compile/internal/ssacompile","Test":"TestPhioptIntegerNestedBranches/amd64/int8/nested/true=0/compare=0/equal=true","Output":"--- PASS: TestPhioptIntegerNestedBranches/amd64/int8/nested/true=0/compare=0/equal=true (0.00s)\n","OutputType":"frame"}
{"Time":"2026-10-03T22:45:35.377607-03:00","Action":"pass","Package":"cmd/compile/internal/ssacompile","Test":"TestPhioptIntegerNestedBranches/amd64/int8/nested/true=0/compare=0/equal=true","Elapsed":0}
{"Time":"2026-10-03T22:45:35.37761-03:00","Action":"run","Package":"cmd/compile/internal/ssacompile","Test":"TestPhioptIntegerNestedBranches/amd64/int8/nested/true=0/compare=1/equal=false"}
{"Time":"2026-10-03T22:45:35.377613-03:00","Action":"output","Package":"cmd/compile/internal/ssacompile","Test":"TestPhioptIntegerNestedBranches/amd64/int8/nested/true=0/compare=1/equal=false","Output":"=== RUN   TestPhioptIntegerNestedBranches/amd64/int8/nested/true=0/compare=1/equal=false\n","OutputType":"frame"}
{"Time":"2026-10-03T22:45:35.377617-03:00","Action":"output","Package":"cmd/compile/internal/ssacompile","Test":"TestPhioptIntegerNestedBranches/amd64/int8/nested/true=0/compare=1/equal=false","Output":"--- PASS: TestPhioptIntegerNestedBranches/amd64/int8/nested/true=0/compare=1/equal=false (0.00s)\n","OutputType":"frame"}
{"Time":"2026-10-03T22:45:35.37762-03:00","Action":"pass","Package":"cmd/compile/internal/ssacompile","Test":"TestPhioptIntegerNestedBranches/amd64/int8/nested/true=0/compare=1/equal=false","Elapsed":0}
{"Time":"2026-10-03T22:45:35.377623-03:00","Action":"run","Package":"cmd/compile/internal/ssacompile","Test":"TestPhioptIntegerNestedBranches/amd64/int8/nested/true=0/compare=1/equal=true"}
{"Time":"2026-10-03T22:45:35.377625-03:00","Action":"output","Package":"cmd/compile/internal/ssacompile","Test":"TestPhioptIntegerNestedBranches/amd64/int8/nested/true=0/compare=1/equal=true","Output":"=== RUN   TestPhioptIntegerNestedBranches/amd64/int8/nested/true=0/compare=1/equal=true\n","OutputType":"frame"}
{"Time":"2026-10-03T22:45:35.377632-03:00","Action":"output","Package":"cmd/compile/internal/ssacompile","Test":"TestPhioptIntegerNestedBranches/amd64/int8/nested/true=0/compare=1/equal=true","Output":"--- PASS: TestPhioptIntegerNestedBranches/amd64/int8/nested/true=0/compare=1/equal=true (0.00s)\n","OutputType":"frame"}
{"Time":"2026-10-03T22:45:35.377635-03:00","Action":"pass","Package":"cmd/compile/internal/ssacompile","Test":"TestPhioptIntegerNestedBranches/amd64/int8/nested/true=0/compare=1/equal=true","Elapsed":0}
{"Time":"2026-10-03T22:45:35.377639-03:00","Action":"run","Package":"cmd/compile/internal/ssacompile","Test":"TestPhioptIntegerNestedBranches/amd64/int8/nested/true=1/compare=0/equal=false"}
{"Time":"2026-10-03T22:45:35.377641-03:00","Action":"output","Package":"cmd/compile/internal/ssacompile","Test":"TestPhioptIntegerNestedBranches/amd64/int8/nested/true=1/compare=0/equal=false","Output":"=== RUN   TestPhioptIntegerNestedBranches/amd64/int8/nested/true=1/compare=0/equal=false\n","OutputType":"frame"}
{"Time":"2026-10-03T22:45:35.377645-03:00","Action":"output","Package":"cmd/compile/internal/ssacompile","Test":"TestPhioptIntegerNestedBranches/amd64/int8/nested/true=1/compare=0/equal=false","Output":"--- PASS: TestPhioptIntegerNestedBranches/amd64/int8/nested/true=1/compare=0/equal=false (0.00s)\n","OutputType":"frame"}
{"Time":"2026-10-03T22:45:35.377648-03:00","Action":"pass","Package":"cmd/compile/internal/ssacompile","Test":"TestPhioptIntegerNestedBranches/amd64/int8/nested/true=1/compare=0/equal=false","Elapsed":0}
{"Time":"2026-10-03T22:45:35.37765-03:00","Action":"run","Package":"cmd/compile/internal/ssacompile","Test":"TestPhioptIntegerNestedBranches/amd64/int8/nested/true=1/compare=0/equal=true"}
{"Time":"2026-10-03T22:45:35.377653-03:00","Action":"output","Package":"cmd/compile/internal/ssacompile","Test":"TestPhioptIntegerNestedBranches/amd64/int8/nested/true=1/compare=0/equal=true","Output":"=== RUN   TestPhioptIntegerNestedBranches/amd64/int8/nested/true=1/compare=0/equal=true\n","OutputType":"frame"}
{"Time":"2026-10-03T22:45:35.377657-03:00","Action":"output","Package":"cmd/compile/internal/ssacompile","Test":"TestPhioptIntegerNestedBranches/amd64/int8/nested/true=1/compare=0/equal=true","Output":"--- PASS: TestPhioptIntegerNestedBranches/amd64/int8/nested/true=1/compare=0/equal=true (0.00s)\n","OutputType":"frame"}
{"Time":"2026-10-03T22:45:35.37766-03:00","Action":"pass","Package":"cmd/compile/internal/ssacompile","Test":"TestPhioptIntegerNestedBranches/amd64/int8/nested/true=1/compare=0/equal=true","Elapsed":0}
{"Time":"2026-10-03T22:45:35.377663-03:00","Action":"run","Package":"cmd/compile/internal/ssacompile","Test":"TestPhioptIntegerNestedBranches/amd64/int8/nested/true=1/compare=1/equal=false"}
{"Time":"2026-10-03T22:45:35.377665-03:00","Action":"output","Package":"cmd/compile/internal/ssacompile","Test":"TestPhioptIntegerNestedBranches/amd64/int8/nested/true=1/compare=1/equal=false","Output":"=== RUN   TestPhioptIntegerNestedBranches/amd64/int8/nested/true=1/compare=1/equal=false\n","OutputType":"frame"}
{"Time":"2026-10-03T22:45:35.377669-03:00","Action":"output","Package":"cmd/compile/internal/ssacompile","Test":"TestPhioptIntegerNestedBranches/amd64/int8/nested/true=1/compare=1/equal=false","Output":"--- PASS: TestPhioptIntegerNestedBranches/amd64/int8/nested/true=1/compare=1/equal=false (0.00s)\n","OutputType":"frame"}
{"Time":"2026-10-03T22:45:35.377672-03:00","Action":"pass","Package":"cmd/compile/internal/ssacompile","Test":"TestPhioptIntegerNestedBranches/amd64/int8/nested/true=1/compare=1/equal=false","Elapsed":0}
{"Time":"2026-10-03T22:45:35.377675-03:00","Action":"run","Package":"cmd/compile/internal/ssacompile","Test":"TestPhioptIntegerNestedBranches/amd64/int8/nested/true=1/compare=1/equal=true"}
{"Time":"2026-10-03T22:45:35.377677-03:00","Action":"output","Package":"cmd/compile/internal/ssacompile","Test":"TestPhioptIntegerNestedBranches/amd64/int8/nested/true=1/compare=1/equal=true","Output":"=== RUN   TestPhioptIntegerNestedBranches/amd64/int8/nested/true=1/compare=1/equal=true\n","OutputType":"frame"}
{"Time":"2026-10-03T22:45:35.377684-03:00","Action":"output","Package":"cmd/compile/internal/ssacompile","Test":"TestPhioptIntegerNestedBranches/amd64/int8/nested/true=1/compare=1/equal=true","Output":"--- PASS: TestPhioptIntegerNestedBranches/amd64/int8/nested/true=1/compare=1/equal=true (0.00s)\n","OutputType":"frame"}
{"Time":"2026-10-03T22:45:35.377687-03:00","Action":"pass","Package":"cmd/compile/internal/ssacompile","Test":"TestPhioptIntegerNestedBranches/amd64/int8/nested/true=1/compare=1/equal=true","Elapsed":0}
{"Time":"2026-10-03T22:45:35.37769-03:00","Action":"run","Package":"cmd/compile/internal/ssacompile","Test":"TestPhioptIntegerNestedBranches/amd64/int8/direct-true/true=0/compare=0/equal=false"}
{"Time":"2026-10-03T22:45:35.377698-03:00","Action":"output","Package":"cmd/compile/internal/ssacompile","Test":"TestPhioptIntegerNestedBranches/amd64/int8/direct-true/true=0/compare=0/equal=false","Output":"=== RUN   TestPhioptIntegerNestedBranches/amd64/int8/direct-true/true=0/compare=0/equal=false\n","OutputType":"frame"}
{"Time":"2026-10-03T22:45:35.377702-03:00","Action":"output","Package":"cmd/compile/internal/ssacompile","Test":"TestPhioptIntegerNestedBranches/amd64/int8/direct-true/true=0/compare=0/equal=false","Output":"--- PASS: TestPhioptIntegerNestedBranches/amd64/int8/direct-true/true=0/compare=0/equal=false (0.00s)\n","OutputType":"frame"}
{"Time":"2026-10-03T22:45:35.377705-03:00","Action":"pass","Package":"cmd/compile/internal/ssacompile","Test":"TestPhioptIntegerNestedBranches/amd64/int8/direct-true/true=0/compare=0/equal=false","Elapsed":0}
{"Time":"2026-10-03T22:45:35.377707-03:00","Action":"run","Package":"cmd/compile/internal/ssacompile","Test":"TestPhioptIntegerNestedBranches/amd64/int8/direct-true/true=0/compare=0/equal=true"}
{"Time":"2026-10-03T22:45:35.377709-03:00","Action":"output","Package":"cmd/compile/internal/ssacompile","Test":"TestPhioptIntegerNestedBranches/amd64/int8/direct-true/true=0/compare=0/equal=true","Output":"=== RUN   TestPhioptIntegerNestedBranches/amd64/int8/direct-true/true=0/compare=0/equal=true\n","OutputType":"frame"}
{"Time":"2026-10-03T22:45:35.377817-03:00","Action":"output","Package":"cmd/compile/internal/ssacompile","Test":"TestPhioptIntegerNestedBranches/amd64/int8/direct-true/true=0/compare=0/equal=true","Output":"--- PASS: TestPhioptIntegerNestedBranches/amd64/int8/direct-true/true=0/compare=0/equal=true (0.00s)\n","OutputType":"frame"}
{"Time":"2026-10-03T22:45:35.37782-03:00","Action":"pass","Package":"cmd/compile/internal/ssacompile","Test":"TestPhioptIntegerNestedBranches/amd64/int8/direct-true/true=0/compare=0/equal=true","Elapsed":0}
{"Time":"2026-10-03T22:45:35.377823-03:00","Action":"run","Package":"cmd/compile/internal/ssacompile","Test":"TestPhioptIntegerNestedBranches/amd64/int8/direct-true/true=0/compare=1/equal=false"}
{"Time":"2026-10-03T22:45:35.377826-03:00","Action":"output","Package":"cmd/compile/internal/ssacompile","Test":"TestPhioptIntegerNestedBranches/amd64/int8/direct-true/true=0/compare=1/equal=false","Output":"=== RUN   TestPhioptIntegerNestedBranches/amd64/int8/direct-true/true=0/compare=1/equal=false\n","OutputType":"frame"}
{"Time":"2026-10-03T22:45:35.377935-03:00","Action":"output","Package":"cmd/compile/internal/ssacompile","Test":"TestPhioptIntegerNestedBranches/amd64/int8/direct-true/true=0/compare=1/equal=false","Output":"--- PASS: TestPhioptIntegerNestedBranches/amd64/int8/direct-true/true=0/compare=1/equal=false (0.00s)\n","OutputType":"frame"}
{"Time":"2026-10-03T22:45:35.37794-03:00","Action":"pass","Package":"cmd/compile/internal/ssacompile","Test":"TestPhioptIntegerNestedBranches/amd64/int8/direct-true/true=0/compare=1/equal=false","Elapsed":0}
{"Time":"2026-10-03T22:45:35.377943-03:00","Action":"run","Package":"cmd/compile/internal/ssacompile","Test":"TestPhioptIntegerNestedBranches/amd64/int8/direct-true/true=0/compare=1/equal=true"}
{"Time":"2026-10-03T22:45:35.377946-03:00","Action":"output","Package":"cmd/compile/internal/ssacompile","Test":"TestPhioptIntegerNestedBranches/amd64/int8/direct-true/true=0/compare=1/equal=true","Output":"=== RUN   TestPhioptIntegerNestedBranches/amd64/int8/direct-true/true=0/compare=1/equal=true\n","OutputType":"frame"}
{"Time":"2026-10-03T22:45:35.377954-03:00","Action":"output","Package":"cmd/compile/internal/ssacompile","Test":"TestPhioptIntegerNestedBranches/amd64/int8/direct-true/true=0/compare=1/equal=true","Output":"--- PASS: TestPhioptIntegerNestedBranches/amd64/int8/direct-true/true=0/compare=1/equal=true (0.00s)\n","OutputType":"frame"}
{"Time":"2026-10-03T22:45:35.377957-03:00","Action":"pass","Package":"cmd/compile/internal/ssacompile","Test":"TestPhioptIntegerNestedBranches/amd64/int8/direct-true/true=0/compare=1/equal=true","Elapsed":0}
{"Time":"2026-10-03T22:45:35.37796-03:00","Action":"run","Package":"cmd/compile/internal/ssacompile","Test":"TestPhioptIntegerNestedBranches/amd64/int8/direct-true/true=1/compare=0/equal=false"}
{"Time":"2026-10-03T22:45:35.377963-03:00","Action":"output","Package":"cmd/compile/internal/ssacompile","Test":"TestPhioptIntegerNestedBranches/amd64/int8/direct-true/true=1/compare=0/equal=false","Output":"=== RUN   TestPhioptIntegerNestedBranches/amd64/int8/direct-true/true=1/compare=0/equal=false\n","OutputType":"frame"}
{"Time":"2026-10-03T22:45:35.377969-03:00","Action":"output","Package":"cmd/compile/internal/ssacompile","Test":"TestPhioptIntegerNestedBranches/amd64/int8/direct-true/true=1/compare=0/equal=false","Output":"--- PASS: TestPhioptIntegerNestedBranches/amd64/int8/direct-true/true=1/compare=0/equal=false (0.00s)\n","OutputType":"frame"}
{"Time":"2026-10-03T22:45:35.377979-03:00","Action":"pass","Package":"cmd/compile/internal/ssacompile","Test":"TestPhioptIntegerNestedBranches/amd64/int8/direct-true/true=1/compare=0/equal=false","Elapsed":0}
{"Time":"2026-10-03T22:45:35.377982-03:00","Action":"run","Package":"cmd/compile/internal/ssacompile","Test":"TestPhioptIntegerNestedBranches/amd64/int8/direct-true/true=1/compare=0/equal=true"}
{"Time":"2026-10-03T22:45:35.377984-03:00","Action":"output","Package":"cmd/compile/internal/ssacompile","Test":"TestPhioptIntegerNestedBranches/amd64/int8/direct-true/true=1/compare=0/equal=true","Output":"=== RUN   TestPhioptIntegerNestedBranches/amd64/int8/direct-true/true=1/compare=0/equal=true\n","OutputType":"frame"}
{"Time":"2026-10-03T22:45:35.377987-03:00","Action":"output","Package":"cmd/compile/internal/ssacompile","Test":"TestPhioptIntegerNestedBranches/amd64/int8/direct-true/true=1/compare=0/equal=true","Output":"--- PASS: TestPhioptIntegerNestedBranches/amd64/int8/direct-true/true=1/compare=0/equal=true (0.00s)\n","OutputType":"frame"}
{"Time":"2026-10-03T22:45:35.37799-03:00","Action":"pass","Package":"cmd/compile/internal/ssacompile","Test":"TestPhioptIntegerNestedBranches/amd64/int8/direct-true/true=1/compare=0/equal=true","Elapsed":0}
{"Time":"2026-10-03T22:45:35.377993-03:00","Action":"run","Package":"cmd/compile/internal/ssacompile","Test":"TestPhioptIntegerNestedBranches/amd64/int8/direct-true/true=1/compare=1/equal=false"}
{"Time":"2026-10-03T22:45:35.377996-03:00","Action":"output","Package":"cmd/compile/internal/ssacompile","Test":"TestPhioptIntegerNestedBranches/amd64/int8/direct-true/true=1/compare=1/equal=false","Output":"=== RUN   TestPhioptIntegerNestedBranches/amd64/int8/direct-true/true=1/compare=1/equal=false\n","OutputType":"frame"}
{"Time":"2026-10-03T22:45:35.377998-03:00","Action":"output","Package":"cmd/compile/internal/ssacompile","Test":"TestPhioptIntegerNestedBranches/amd64/int8/direct-true/true=1/compare=1/equal=false","Output":"--- PASS: TestPhioptIntegerNestedBranches/amd64/int8/direct-true/true=1/compare=1/equal=false (0.00s)\n","OutputType":"frame"}
{"Time":"2026-10-03T22:45:35.378002-03:00","Action":"pass","Package":"cmd/compile/internal/ssacompile","Test":"TestPhioptIntegerNestedBranches/amd64/int8/direct-true/true=1/compare=1/equal=false","Elapsed":0}
{"Time":"2026-10-03T22:45:35.378005-03:00","Action":"run","Package":"cmd/compile/internal/ssacompile","Test":"TestPhioptIntegerNestedBranches/amd64/int8/direct-true/true=1/compare=1/equal=true"}
{"Time":"2026-10-03T22:45:35.378008-03:00","Action":"output","Package":"cmd/compile/internal/ssacompile","Test":"TestPhioptIntegerNestedBranches/amd64/int8/direct-true/true=1/compare=1/equal=true","Output":"=== RUN   TestPhioptIntegerNestedBranches/amd64/int8/direct-true/true=1/compare=1/equal=true\n","OutputType":"frame"}
{"Time":"2026-10-03T22:45:35.378023-03:00","Action":"output","Package":"cmd/compile/internal/ssacompile","Test":"TestPhioptIntegerNestedBranches/amd64/int8/direct-true/true=1/compare=1/equal=true","Output":"--- PASS: TestPhioptIntegerNestedBranches/amd64/int8/direct-true/true=1/compare=1/equal=true (0.00s)\n","OutputType":"frame"}
{"Time":"2026-10-03T22:45:35.378026-03:00","Action":"pass","Package":"cmd/compile/internal/ssacompile","Test":"TestPhioptIntegerNestedBranches/amd64/int8/direct-true/true=1/compare=1/equal=true","Elapsed":0}
{"Time":"2026-10-03T22:45:35.378029-03:00","Action":"run","Package":"cmd/compile/internal/ssacompile","Test":"TestPhioptIntegerNestedBranches/amd64/int8/direct-false/true=0/compare=0/equal=false"}
{"Time":"2026-10-03T22:45:35.378031-03:00","Action":"output","Package":"cmd/compile/internal/ssacompile","Test":"TestPhioptIntegerNestedBranches/amd64/int8/direct-false/true=0/compare=0/equal=false","Output":"=== RUN   TestPhioptIntegerNestedBranches/amd64/int8/direct-false/true=0/compare=0/equal=false\n","OutputType":"frame"}
{"Time":"2026-10-03T22:45:35.378036-03:00","Action":"output","Package":"cmd/compile/internal/ssacompile","Test":"TestPhioptIntegerNestedBranches/amd64/int8/direct-false/true=0/compare=0/equal=false","Output":"--- PASS: TestPhioptIntegerNestedBranches/amd64/int8/direct-false/true=0/compare=0/equal=false (0.00s)\n","OutputType":"frame"}
{"Time":"2026-10-03T22:45:35.378039-03:00","Action":"pass","Package":"cmd/compile/internal/ssacompile","Test":"TestPhioptIntegerNestedBranches/amd64/int8/direct-false/true=0/compare=0/equal=false","Elapsed":0}
{"Time":"2026-10-03T22:45:35.378041-03:00","Action":"run","Package":"cmd/compile/internal/ssacompile","Test":"TestPhioptIntegerNestedBranches/amd64/int8/direct-false/true=0/compare=0/equal=true"}
{"Time":"2026-10-03T22:45:35.378044-03:00","Action":"output","Package":"cmd/compile/internal/ssacompile","Test":"TestPhioptIntegerNestedBranches/amd64/int8/direct-false/true=0/compare=0/equal=true","Output":"=== RUN   TestPhioptIntegerNestedBranches/amd64/int8/direct-false/true=0/compare=0/equal=true\n","OutputType":"frame"}
{"Time":"2026-10-03T22:45:35.378051-03:00","Action":"output","Package":"cmd/compile/internal/ssacompile","Test":"TestPhioptIntegerNestedBranches/amd64/int8/direct-false/true=0/compare=0/equal=true","Output":"--- PASS: TestPhioptIntegerNestedBranches/amd64/int8/direct-false/true=0/compare=0/equal=true (0.00s)\n","OutputType":"frame"}
{"Time":"2026-10-03T22:45:35.378054-03:00","Action":"pass","Package":"cmd/compile/internal/ssacompile","Test":"TestPhioptIntegerNestedBranches/amd64/int8/direct-false/true=0/compare=0/equal=true","Elapsed":0}
{"Time":"2026-10-03T22:45:35.378057-03:00","Action":"run","Package":"cmd/compile/internal/ssacompile","Test":"TestPhioptIntegerNestedBranches/amd64/int8/direct-false/true=0/compare=1/equal=false"}
{"Time":"2026-10-03T22:45:35.378059-03:00","Action":"output","Package":"cmd/compile/internal/ssacompile","Test":"TestPhioptIntegerNestedBranches/amd64/int8/direct-false/true=0/compare=1/equal=false","Output":"=== RUN   TestPhioptIntegerNestedBranches/amd64/int8/direct-false/true=0/compare=1/equal=false\n","OutputType":"frame"}
{"Time":"2026-10-03T22:45:35.378063-03:00","Action":"output","Package":"cmd/compile/internal/ssacompile","Test":"TestPhioptIntegerNestedBranches/amd64/int8/direct-false/true=0/compare=1/equal=false","Output":"--- PASS: TestPhioptIntegerNestedBranches/amd64/int8/direct-false/true=0/compare=1/equal=false (0.00s)\n","OutputType":"frame"}
{"Time":"2026-10-03T22:45:35.378067-03:00","Action":"pass","Package":"cmd/compile/internal/ssacompile","Test":"TestPhioptIntegerNestedBranches/amd64/int8/direct-false/true=0/compare=1/equal=false","Elapsed":0}
{"Time":"2026-10-03T22:45:35.378069-03:00","Action":"run","Package":"cmd/compile/internal/ssacompile","Test":"TestPhioptIntegerNestedBranches/amd64/int8/direct-false/true=0/compare=1/equal=true"}
{"Time":"2026-10-03T22:45:35.378071-03:00","Action":"output","Package":"cmd/compile/internal/ssacompile","Test":"TestPhioptIntegerNestedBranches/amd64/int8/direct-false/true=0/compare=1/equal=true","Output":"=== RUN   TestPhioptIntegerNestedBranches/amd64/int8/direct-false/true=0/compare=1/equal=true\n","OutputType":"frame"}
{"Time":"2026-10-03T22:45:35.378081-03:00","Action":"output","Package":"cmd/compile/internal/ssacompile","Test":"TestPhioptIntegerNestedBranches/amd64/int8/direct-false/true=0/compare=1/equal=true","Output":"--- PASS: TestPhioptIntegerNestedBranches/amd64/int8/direct-false/true=0/compare=1/equal=true (0.00s)\n","OutputType":"frame"}
{"Time":"2026-10-03T22:45:35.378084-03:00","Action":"pass","Package":"cmd/compile/internal/ssacompile","Test":"TestPhioptIntegerNestedBranches/amd64/int8/direct-false/true=0/compare=1/equal=true","Elapsed":0}
{"Time":"2026-10-03T22:45:35.378088-03:00","Action":"run","Package":"cmd/compile/internal/ssacompile","Test":"TestPhioptIntegerNestedBranches/amd64/int8/direct-false/true=1/compare=0/equal=false"}
{"Time":"2026-10-03T22:45:35.37809-03:00","Action":"output","Package":"cmd/compile/internal/ssacompile","Test":"TestPhioptIntegerNestedBranches/amd64/int8/direct-false/true=1/compare=0/equal=false","Output":"=== RUN   TestPhioptIntegerNestedBranches/amd64/int8/direct-false/true=1/compare=0/equal=false\n","OutputType":"frame"}
{"Time":"2026-10-03T22:45:35.378103-03:00","Action":"output","Package":"cmd/compile/internal/ssacompile","Test":"TestPhioptIntegerNestedBranches/amd64/int8/direct-false/true=1/compare=0/equal=false","Output":"--- PASS: TestPhioptIntegerNestedBranches/amd64/int8/direct-false/true=1/compare=0/equal=false (0.00s)\n","OutputType":"frame"}
{"Time":"2026-10-03T22:45:35.378106-03:00","Action":"pass","Package":"cmd/compile/internal/ssacompile","Test":"TestPhioptIntegerNestedBranches/amd64/int8/direct-false/true=1/compare=0/equal=false","Elapsed":0}
{"Time":"2026-10-03T22:45:35.378108-03:00","Action":"run","Package":"cmd/compile/internal/ssacompile","Test":"TestPhioptIntegerNestedBranches/amd64/int8/direct-false/true=1/compare=0/equal=true"}
{"Time":"2026-10-03T22:45:35.378111-03:00","Action":"output","Package":"cmd/compile/internal/ssacompile","Test":"TestPhioptIntegerNestedBranches/amd64/int8/direct-false/true=1/compare=0/equal=true","Output":"=== RUN   TestPhioptIntegerNestedBranches/amd64/int8/direct-false/true=1/compare=0/equal=true\n","OutputType":"frame"}
{"Time":"2026-10-03T22:45:35.378114-03:00","Action":"output","Package":"cmd/compile/internal/ssacompile","Test":"TestPhioptIntegerNestedBranches/amd64/int8/direct-false/true=1/compare=0/equal=true","Output":"--- PASS: TestPhioptIntegerNestedBranches/amd64/int8/direct-false/true=1/compare=0/equal=true (0.00s)\n","OutputType":"frame"}
{"Time":"2026-10-03T22:45:35.378116-03:00","Action":"pass","Package":"cmd/compile/internal/ssacompile","Test":"TestPhioptIntegerNestedBranches/amd64/int8/direct-false/true=1/compare=0/equal=true","Elapsed":0}
{"Time":"2026-10-03T22:45:35.378122-03:00","Action":"run","Package":"cmd/compile/internal/ssacompile","Test":"TestPhioptIntegerNestedBranches/amd64/int8/direct-false/true=1/compare=1/equal=false"}
{"Time":"2026-10-03T22:45:35.378124-03:00","Action":"output","Package":"cmd/compile/internal/ssacompile","Test":"TestPhioptIntegerNestedBranches/amd64/int8/direct-false/true=1/compare=1/equal=false","Output":"=== RUN   TestPhioptIntegerNestedBranches/amd64/int8/direct-false/true=1/compare=1/equal=false\n","OutputType":"frame"}
{"Time":"2026-10-03T22:45:35.378128-03:00","Action":"output","Package":"cmd/compile/internal/ssacompile","Test":"TestPhioptIntegerNestedBranches/amd64/int8/direct-false/true=1/compare=1/equal=false","Output":"--- PASS: TestPhioptIntegerNestedBranches/amd64/int8/direct-false/true=1/compare=1/equal=false (0.00s)\n","OutputType":"frame"}
{"Time":"2026-10-03T22:45:35.37813-03:00","Action":"pass","Package":"cmd/compile/internal/ssacompile","Test":"TestPhioptIntegerNestedBranches/amd64/int8/direct-false/true=1/compare=1/equal=false","Elapsed":0}
{"Time":"2026-10-03T22:45:35.378132-03:00","Action":"run","Package":"cmd/compile/internal/ssacompile","Test":"TestPhioptIntegerNestedBranches/amd64/int8/direct-false/true=1/compare=1/equal=true"}
{"Time":"2026-10-03T22:45:35.378135-03:00","Action":"output","Package":"cmd/compile/internal/ssacompile","Test":"TestPhioptIntegerNestedBranches/amd64/int8/direct-false/true=1/compare=1/equal=true","Output":"=== RUN   TestPhioptIntegerNestedBranches/amd64/int8/direct-false/true=1/compare=1/equal=true\n","OutputType":"frame"}
{"Time":"2026-10-03T22:45:35.378198-03:00","Action":"output","Package":"cmd/compile/internal/ssacompile","Test":"TestPhioptIntegerNestedBranches/amd64/int8/direct-false/true=1/compare=1/equal=true","Output":"--- PASS: TestPhioptIntegerNestedBranches/amd64/int8/direct-false/true=1/compare=1/equal=true (0.00s)\n","OutputType":"frame"}
{"Time":"2026-10-03T22:45:35.378228-03:00","Action":"pass","Package":"cmd/compile/internal/ssacompile","Test":"TestPhioptIntegerNestedBranches/amd64/int8/direct-false/true=1/compare=1/equal=true","Elapsed":0}
{"Time":"2026-10-03T22:45:35.378238-03:00","Action":"run","Package":"cmd/compile/internal/ssacompile","Test":"TestPhioptIntegerNestedBranches/amd64/uint16/nested/true=0/compare=0/equal=false"}
{"Time":"2026-10-03T22:45:35.378254-03:00","Action":"output","Package":"cmd/compile/internal/ssacompile","Test":"TestPhioptIntegerNestedBranches/amd64/uint16/nested/true=0/compare=0/equal=false","Output":"=== RUN   TestPhioptIntegerNestedBranches/amd64/uint16/nested/true=0/compare=0/equal=false\n","OutputType":"frame"}
{"Time":"2026-10-03T22:45:35.378379-03:00","Action":"output","Package":"cmd/compile/internal/ssacompile","Test":"TestPhioptIntegerNestedBranches/amd64/uint16/nested/true=0/compare=0/equal=false","Output":"--- PASS: TestPhioptIntegerNestedBranches/amd64/uint16/nested/true=0/compare=0/equal=false (0.00s)\n","OutputType":"frame"}
{"Time":"2026-10-03T22:45:35.378386-03:00","Action":"pass","Package":"cmd/compile/internal/ssacompile","Test":"TestPhioptIntegerNestedBranches/amd64/uint16/nested/true=0/compare=0/equal=false","Elapsed":0}
{"Time":"2026-10-03T22:45:35.37839-03:00","Action":"run","Package":"cmd/compile/internal/ssacompile","Test":"TestPhioptIntegerNestedBranches/amd64/uint16/nested/true=0/compare=0/equal=true"}
{"Time":"2026-10-03T22:45:35.378393-03:00","Action":"output","Package":"cmd/compile/internal/ssacompile","Test":"TestPhioptIntegerNestedBranches/amd64/uint16/nested/true=0/compare=0/equal=true","Output":"=== RUN   TestPhioptIntegerNestedBranches/amd64/uint16/nested/true=0/compare=0/equal=true\n","OutputType":"frame"}
{"Time":"2026-10-03T22:45:35.378397-03:00","Action":"output","Package":"cmd/compile/internal/ssacompile","Test":"TestPhioptIntegerNestedBranches/amd64/uint16/nested/true=0/compare=0/equal=true","Output":"--- PASS: TestPhioptIntegerNestedBranches/amd64/uint16/nested/true=0/compare=0/equal=true (0.00s)\n","OutputType":"frame"}
{"Time":"2026-10-03T22:45:35.3784-03:00","Action":"pass","Package":"cmd/compile/internal/ssacompile","Test":"TestPhioptIntegerNestedBranches/amd64/uint16/nested/true=0/compare=0/equal=true","Elapsed":0}
{"Time":"2026-10-03T22:45:35.378403-03:00","Action":"run","Package":"cmd/compile/internal/ssacompile","Test":"TestPhioptIntegerNestedBranches/amd64/uint16/nested/true=0/compare=1/equal=false"}
{"Time":"2026-10-03T22:45:35.378406-03:00","Action":"output","Package":"cmd/compile/internal/ssacompile","Test":"TestPhioptIntegerNestedBranches/amd64/uint16/nested/true=0/compare=1/equal=false","Output":"=== RUN   TestPhioptIntegerNestedBranches/amd64/uint16/nested/true=0/compare=1/equal=false\n","OutputType":"frame"}
{"Time":"2026-10-03T22:45:35.378411-03:00","Action":"output","Package":"cmd/compile/internal/ssacompile","Test":"TestPhioptIntegerNestedBranches/amd64/uint16/nested/true=0/compare=1/equal=false","Output":"--- PASS: TestPhioptIntegerNestedBranches/amd64/uint16/nested/true=0/compare=1/equal=false (0.00s)\n","OutputType":"frame"}
{"Time":"2026-10-03T22:45:35.378414-03:00","Action":"pass","Package":"cmd/compile/internal/ssacompile","Test":"TestPhioptIntegerNestedBranches/amd64/uint16/nested/true=0/compare=1/equal=false","Elapsed":0}
{"Time":"2026-10-03T22:45:35.378416-03:00","Action":"run","Package":"cmd/compile/internal/ssacompile","Test":"TestPhioptIntegerNestedBranches/amd64/uint16/nested/true=0/compare=1/equal=true"}
{"Time":"2026-10-03T22:45:35.37842-03:00","Action":"output","Package":"cmd/compile/internal/ssacompile","Test":"TestPhioptIntegerNestedBranches/amd64/uint16/nested/true=0/compare=1/equal=true","Output":"=== RUN   TestPhioptIntegerNestedBranches/amd64/uint16/nested/true=0/compare=1/equal=true\n","OutputType":"frame"}
{"Time":"2026-10-03T22:45:35.378423-03:00","Action":"output","Package":"cmd/compile/internal/ssacompile","Test":"TestPhioptIntegerNestedBranches/amd64/uint16/nested/true=0/compare=1/equal=true","Output":"--- PASS: TestPhioptIntegerNestedBranches/amd64/uint16/nested/true=0/compare=1/equal=true (0.00s)\n","OutputType":"frame"}
{"Time":"2026-10-03T22:45:35.378426-03:00","Action":"pass","Package":"cmd/compile/internal/ssacompile","Test":"TestPhioptIntegerNestedBranches/amd64/uint16/nested/true=0/compare=1/equal=true","Elapsed":0}
{"Time":"2026-10-03T22:45:35.378428-03:00","Action":"run","Package":"cmd/compile/internal/ssacompile","Test":"TestPhioptIntegerNestedBranches/amd64/uint16/nested/true=1/compare=0/equal=false"}
{"Time":"2026-10-03T22:45:35.378431-03:00","Action":"output","Package":"cmd/compile/internal/ssacompile","Test":"TestPhioptIntegerNestedBranches/amd64/uint16/nested/true=1/compare=0/equal=false","Output":"=== RUN   TestPhioptIntegerNestedBranches/amd64/uint16/nested/true=1/compare=0/equal=false\n","OutputType":"frame"}
{"Time":"2026-10-03T22:45:35.378434-03:00","Action":"output","Package":"cmd/compile/internal/ssacompile","Test":"TestPhioptIntegerNestedBranches/amd64/uint16/nested/true=1/compare=0/equal=false","Output":"--- PASS: TestPhioptIntegerNestedBranches/amd64/uint16/nested/true=1/compare=0/equal=false (0.00s)\n","OutputType":"frame"}
{"Time":"2026-10-03T22:45:35.378437-03:00","Action":"pass","Package":"cmd/compile/internal/ssacompile","Test":"TestPhioptIntegerNestedBranches/amd64/uint16/nested/true=1/compare=0/equal=false","Elapsed":0}
{"Time":"2026-10-03T22:45:35.37844-03:00","Action":"run","Package":"cmd/compile/internal/ssacompile","Test":"TestPhioptIntegerNestedBranches/amd64/uint16/nested/true=1/compare=0/equal=true"}
{"Time":"2026-10-03T22:45:35.378442-03:00","Action":"output","Package":"cmd/compile/internal/ssacompile","Test":"TestPhioptIntegerNestedBranches/amd64/uint16/nested/true=1/compare=0/equal=true","Output":"=== RUN   TestPhioptIntegerNestedBranches/amd64/uint16/nested/true=1/compare=0/equal=true\n","OutputType":"frame"}
{"Time":"2026-10-03T22:45:35.378446-03:00","Action":"output","Package":"cmd/compile/internal/ssacompile","Test":"TestPhioptIntegerNestedBranches/amd64/uint16/nested/true=1/compare=0/equal=true","Output":"--- PASS: TestPhioptIntegerNestedBranches/amd64/uint16/nested/true=1/compare=0/equal=true (0.00s)\n","OutputType":"frame"}
{"Time":"2026-10-03T22:45:35.37845-03:00","Action":"pass","Package":"cmd/compile/internal/ssacompile","Test":"TestPhioptIntegerNestedBranches/amd64/uint16/nested/true=1/compare=0/equal=true","Elapsed":0}
{"Time":"2026-10-03T22:45:35.378452-03:00","Action":"run","Package":"cmd/compile/internal/ssacompile","Test":"TestPhioptIntegerNestedBranches/amd64/uint16/nested/true=1/compare=1/equal=false"}
{"Time":"2026-10-03T22:45:35.378455-03:00","Action":"output","Package":"cmd/compile/internal/ssacompile","Test":"TestPhioptIntegerNestedBranches/amd64/uint16/nested/true=1/compare=1/equal=false","Output":"=== RUN   TestPhioptIntegerNestedBranches/amd64/uint16/nested/true=1/compare=1/equal=false\n","OutputType":"frame"}
{"Time":"2026-10-03T22:45:35.378459-03:00","Action":"output","Package":"cmd/compile/internal/ssacompile","Test":"TestPhioptIntegerNestedBranches/amd64/uint16/nested/true=1/compare=1/equal=false","Output":"--- PASS: TestPhioptIntegerNestedBranches/amd64/uint16/nested/true=1/compare=1/equal=false (0.00s)\n","OutputType":"frame"}
{"Time":"2026-10-03T22:45:35.378462-03:00","Action":"pass","Package":"cmd/compile/internal/ssacompile","Test":"TestPhioptIntegerNestedBranches/amd64/uint16/nested/true=1/compare=1/equal=false","Elapsed":0}
{"Time":"2026-10-03T22:45:35.378465-03:00","Action":"run","Package":"cmd/compile/internal/ssacompile","Test":"TestPhioptIntegerNestedBranches/amd64/uint16/nested/true=1/compare=1/equal=true"}
{"Time":"2026-10-03T22:45:35.378467-03:00","Action":"output","Package":"cmd/compile/internal/ssacompile","Test":"TestPhioptIntegerNestedBranches/amd64/uint16/nested/true=1/compare=1/equal=true","Output":"=== RUN   TestPhioptIntegerNestedBranches/amd64/uint16/nested/true=1/compare=1/equal=true\n","OutputType":"frame"}
{"Time":"2026-10-03T22:45:35.378473-03:00","Action":"output","Package":"cmd/compile/internal/ssacompile","Test":"TestPhioptIntegerNestedBranches/amd64/uint16/nested/true=1/compare=1/equal=true","Output":"--- PASS: TestPhioptIntegerNestedBranches/amd64/uint16/nested/true=1/compare=1/equal=true (0.00s)\n","OutputType":"frame"}
{"Time":"2026-10-03T22:45:35.378482-03:00","Action":"pass","Package":"cmd/compile/internal/ssacompile","Test":"TestPhioptIntegerNestedBranches/amd64/uint16/nested/true=1/compare=1/equal=true","Elapsed":0}
{"Time":"2026-10-03T22:45:35.378486-03:00","Action":"run","Package":"cmd/compile/internal/ssacompile","Test":"TestPhioptIntegerNestedBranches/amd64/uint16/direct-true/true=0/compare=0/equal=false"}
{"Time":"2026-10-03T22:45:35.378488-03:00","Action":"output","Package":"cmd/compile/internal/ssacompile","Test":"TestPhioptIntegerNestedBranches/amd64/uint16/direct-true/true=0/compare=0/equal=false","Output":"=== RUN   TestPhioptIntegerNestedBranches/amd64/uint16/direct-true/true=0/compare=0/equal=false\n","OutputType":"frame"}
{"Time":"2026-10-03T22:45:35.378491-03:00","Action":"output","Package":"cmd/compile/internal/ssacompile","Test":"TestPhioptIntegerNestedBranches/amd64/uint16/direct-true/true=0/compare=0/equal=false","Output":"--- PASS: TestPhioptIntegerNestedBranches/amd64/uint16/direct-true/true=0/compare=0/equal=false (0.00s)\n","OutputType":"frame"}
{"Time":"2026-10-03T22:45:35.378495-03:00","Action":"pass","Package":"cmd/compile/internal/ssacompile","Test":"TestPhioptIntegerNestedBranches/amd64/uint16/direct-true/true=0/compare=0/equal=false","Elapsed":0}
{"Time":"2026-10-03T22:45:35.378497-03:00","Action":"run","Package":"cmd/compile/internal/ssacompile","Test":"TestPhioptIntegerNestedBranches/amd64/uint16/direct-true/true=0/compare=0/equal=true"}
{"Time":"2026-10-03T22:45:35.3785-03:00","Action":"output","Package":"cmd/compile/internal/ssacompile","Test":"TestPhioptIntegerNestedBranches/amd64/uint16/direct-true/true=0/compare=0/equal=true","Output":"=== RUN   TestPhioptIntegerNestedBranches/amd64/uint16/direct-true/true=0/compare=0/equal=true\n","OutputType":"frame"}
{"Time":"2026-10-03T22:45:35.378503-03:00","Action":"output","Package":"cmd/compile/internal/ssacompile","Test":"TestPhioptIntegerNestedBranches/amd64/uint16/direct-true/true=0/compare=0/equal=true","Output":"--- PASS: TestPhioptIntegerNestedBranches/amd64/uint16/direct-true/true=0/compare=0/equal=true (0.00s)\n","OutputType":"frame"}
{"Time":"2026-10-03T22:45:35.378506-03:00","Action":"pass","Package":"cmd/compile/internal/ssacompile","Test":"TestPhioptIntegerNestedBranches/amd64/uint16/direct-true/true=0/compare=0/equal=true","Elapsed":0}
{"Time":"2026-10-03T22:45:35.378508-03:00","Action":"run","Package":"cmd/compile/internal/ssacompile","Test":"TestPhioptIntegerNestedBranches/amd64/uint16/direct-true/true=0/compare=1/equal=false"}
{"Time":"2026-10-03T22:45:35.37851-03:00","Action":"output","Package":"cmd/compile/internal/ssacompile","Test":"TestPhioptIntegerNestedBranches/amd64/uint16/direct-true/true=0/compare=1/equal=false","Output":"=== RUN   TestPhioptIntegerNestedBranches/amd64/uint16/direct-true/true=0/compare=1/equal=false\n","OutputType":"frame"}
{"Time":"2026-10-03T22:45:35.378514-03:00","Action":"output","Package":"cmd/compile/internal/ssacompile","Test":"TestPhioptIntegerNestedBranches/amd64/uint16/direct-true/true=0/compare=1/equal=false","Output":"--- PASS: TestPhioptIntegerNestedBranches/amd64/uint16/direct-true/true=0/compare=1/equal=false (0.00s)\n","OutputType":"frame"}
{"Time":"2026-10-03T22:45:35.378517-03:00","Action":"pass","Package":"cmd/compile/internal/ssacompile","Test":"TestPhioptIntegerNestedBranches/amd64/uint16/direct-true/true=0/compare=1/equal=false","Elapsed":0}
{"Time":"2026-10-03T22:45:35.378519-03:00","Action":"run","Package":"cmd/compile/internal/ssacompile","Test":"TestPhioptIntegerNestedBranches/amd64/uint16/direct-true/true=0/compare=1/equal=true"}
{"Time":"2026-10-03T22:45:35.378521-03:00","Action":"output","Package":"cmd/compile/internal/ssacompile","Test":"TestPhioptIntegerNestedBranches/amd64/uint16/direct-true/true=0/compare=1/equal=true","Output":"=== RUN   TestPhioptIntegerNestedBranches/amd64/uint16/direct-true/true=0/compare=1/equal=true\n","OutputType":"frame"}
{"Time":"2026-10-03T22:45:35.378528-03:00","Action":"output","Package":"cmd/compile/internal/ssacompile","Test":"TestPhioptIntegerNestedBranches/amd64/uint16/direct-true/true=0/compare=1/equal=true","Output":"--- PASS: TestPhioptIntegerNestedBranches/amd64/uint16/direct-true/true=0/compare=1/equal=true (0.00s)\n","OutputType":"frame"}
{"Time":"2026-10-03T22:45:35.378531-03:00","Action":"pass","Package":"cmd/compile/internal/ssacompile","Test":"TestPhioptIntegerNestedBranches/amd64/uint16/direct-true/true=0/compare=1/equal=true","Elapsed":0}
{"Time":"2026-10-03T22:45:35.378543-03:00","Action":"run","Package":"cmd/compile/internal/ssacompile","Test":"TestPhioptIntegerNestedBranches/amd64/uint16/direct-true/true=1/compare=0/equal=false"}
{"Time":"2026-10-03T22:45:35.378545-03:00","Action":"output","Package":"cmd/compile/internal/ssacompile","Test":"TestPhioptIntegerNestedBranches/amd64/uint16/direct-true/true=1/compare=0/equal=false","Output":"=== RUN   TestPhioptIntegerNestedBranches/amd64/uint16/direct-true/true=1/compare=0/equal=false\n","OutputType":"frame"}
{"Time":"2026-10-03T22:45:35.378549-03:00","Action":"output","Package":"cmd/compile/internal/ssacompile","Test":"TestPhioptIntegerNestedBranches/amd64/uint16/direct-true/true=1/compare=0/equal=false","Output":"--- PASS: TestPhioptIntegerNestedBranches/amd64/uint16/direct-true/true=1/compare=0/equal=false (0.00s)\n","OutputType":"frame"}
{"Time":"2026-10-03T22:45:35.378551-03:00","Action":"pass","Package":"cmd/compile/internal/ssacompile","Test":"TestPhioptIntegerNestedBranches/amd64/uint16/direct-true/true=1/compare=0/equal=false","Elapsed":0}
{"Time":"2026-10-03T22:45:35.378553-03:00","Action":"run","Package":"cmd/compile/internal/ssacompile","Test":"TestPhioptIntegerNestedBranches/amd64/uint16/direct-true/true=1/compare=0/equal=true"}
{"Time":"2026-10-03T22:45:35.378556-03:00","Action":"output","Package":"cmd/compile/internal/ssacompile","Test":"TestPhioptIntegerNestedBranches/amd64/uint16/direct-true/true=1/compare=0/equal=true","Output":"=== RUN   TestPhioptIntegerNestedBranches/amd64/uint16/direct-true/true=1/compare=0/equal=true\n","OutputType":"frame"}
{"Time":"2026-10-03T22:45:35.378615-03:00","Action":"output","Package":"cmd/compile/internal/ssacompile","Test":"TestPhioptIntegerNestedBranches/amd64/uint16/direct-true/true=1/compare=0/equal=true","Output":"--- PASS: TestPhioptIntegerNestedBranches/amd64/uint16/direct-true/true=1/compare=0/equal=true (0.00s)\n","OutputType":"frame"}
{"Time":"2026-10-03T22:45:35.378629-03:00","Action":"pass","Package":"cmd/compile/internal/ssacompile","Test":"TestPhioptIntegerNestedBranches/amd64/uint16/direct-true/true=1/compare=0/equal=true","Elapsed":0}
{"Time":"2026-10-03T22:45:35.378637-03:00","Action":"run","Package":"cmd/compile/internal/ssacompile","Test":"TestPhioptIntegerNestedBranches/amd64/uint16/direct-true/true=1/compare=1/equal=false"}
{"Time":"2026-10-03T22:45:35.378645-03:00","Action":"output","Package":"cmd/compile/internal/ssacompile","Test":"TestPhioptIntegerNestedBranches/amd64/uint16/direct-true/true=1/compare=1/equal=false","Output":"=== RUN   TestPhioptIntegerNestedBranches/amd64/uint16/direct-true/true=1/compare=1/equal=false\n","OutputType":"frame"}
{"Time":"2026-10-03T22:45:35.378752-03:00","Action":"output","Package":"cmd/compile/internal/ssacompile","Test":"TestPhioptIntegerNestedBranches/amd64/uint16/direct-true/true=1/compare=1/equal=false","Output":"--- PASS: TestPhioptIntegerNestedBranches/amd64/uint16/direct-true/true=1/compare=1/equal=false (0.00s)\n","OutputType":"frame"}
{"Time":"2026-10-03T22:45:35.378764-03:00","Action":"pass","Package":"cmd/compile/internal/ssacompile","Test":"TestPhioptIntegerNestedBranches/amd64/uint16/direct-true/true=1/compare=1/equal=false","Elapsed":0}
{"Time":"2026-10-03T22:45:35.378768-03:00","Action":"run","Package":"cmd/compile/internal/ssacompile","Test":"TestPhioptIntegerNestedBranches/amd64/uint16/direct-true/true=1/compare=1/equal=true"}
{"Time":"2026-10-03T22:45:35.378771-03:00","Action":"output","Package":"cmd/compile/internal/ssacompile","Test":"TestPhioptIntegerNestedBranches/amd64/uint16/direct-true/true=1/compare=1/equal=true","Output":"=== RUN   TestPhioptIntegerNestedBranches/amd64/uint16/direct-true/true=1/compare=1/equal=true\n","OutputType":"frame"}
{"Time":"2026-10-03T22:45:35.378774-03:00","Action":"output","Package":"cmd/compile/internal/ssacompile","Test":"TestPhioptIntegerNestedBranches/amd64/uint16/direct-true/true=1/compare=1/equal=true","Output":"--- PASS: TestPhioptIntegerNestedBranches/amd64/uint16/direct-true/true=1/compare=1/equal=true (0.00s)\n","OutputType":"frame"}
{"Time":"2026-10-03T22:45:35.378776-03:00","Action":"pass","Package":"cmd/compile/internal/ssacompile","Test":"TestPhioptIntegerNestedBranches/amd64/uint16/direct-true/true=1/compare=1/equal=true","Elapsed":0}
{"Time":"2026-10-03T22:45:35.378779-03:00","Action":"run","Package":"cmd/compile/internal/ssacompile","Test":"TestPhioptIntegerNestedBranches/amd64/uint16/direct-false/true=0/compare=0/equal=false"}
{"Time":"2026-10-03T22:45:35.378782-03:00","Action":"output","Package":"cmd/compile/internal/ssacompile","Test":"TestPhioptIntegerNestedBranches/amd64/uint16/direct-false/true=0/compare=0/equal=false","Output":"=== RUN   TestPhioptIntegerNestedBranches/amd64/uint16/direct-false/true=0/compare=0/equal=false\n","OutputType":"frame"}
{"Time":"2026-10-03T22:45:35.378786-03:00","Action":"output","Package":"cmd/compile/internal/ssacompile","Test":"TestPhioptIntegerNestedBranches/amd64/uint16/direct-false/true=0/compare=0/equal=false","Output":"--- PASS: TestPhioptIntegerNestedBranches/amd64/uint16/direct-false/true=0/compare=0/equal=false (0.00s)\n","OutputType":"frame"}
{"Time":"2026-10-03T22:45:35.378789-03:00","Action":"pass","Package":"cmd/compile/internal/ssacompile","Test":"TestPhioptIntegerNestedBranches/amd64/uint16/direct-false/true=0/compare=0/equal=false","Elapsed":0}
{"Time":"2026-10-03T22:45:35.378791-03:00","Action":"run","Package":"cmd/compile/internal/ssacompile","Test":"TestPhioptIntegerNestedBranches/amd64/uint16/direct-false/true=0/compare=0/equal=true"}
{"Time":"2026-10-03T22:45:35.378793-03:00","Action":"output","Package":"cmd/compile/internal/ssacompile","Test":"TestPhioptIntegerNestedBranches/amd64/uint16/direct-false/true=0/compare=0/equal=true","Output":"=== RUN   TestPhioptIntegerNestedBranches/amd64/uint16/direct-false/true=0/compare=0/equal=true\n","OutputType":"frame"}
{"Time":"2026-10-03T22:45:35.378797-03:00","Action":"output","Package":"cmd/compile/internal/ssacompile","Test":"TestPhioptIntegerNestedBranches/amd64/uint16/direct-false/true=0/compare=0/equal=true","Output":"--- PASS: TestPhioptIntegerNestedBranches/amd64/uint16/direct-false/true=0/compare=0/equal=true (0.00s)\n","OutputType":"frame"}
{"Time":"2026-10-03T22:45:35.3788-03:00","Action":"pass","Package":"cmd/compile/internal/ssacompile","Test":"TestPhioptIntegerNestedBranches/amd64/uint16/direct-false/true=0/compare=0/equal=true","Elapsed":0}
{"Time":"2026-10-03T22:45:35.378803-03:00","Action":"run","Package":"cmd/compile/internal/ssacompile","Test":"TestPhioptIntegerNestedBranches/amd64/uint16/direct-false/true=0/compare=1/equal=false"}
{"Time":"2026-10-03T22:45:35.378805-03:00","Action":"output","Package":"cmd/compile/internal/ssacompile","Test":"TestPhioptIntegerNestedBranches/amd64/uint16/direct-false/true=0/compare=1/equal=false","Output":"=== RUN   TestPhioptIntegerNestedBranches/amd64/uint16/direct-false/true=0/compare=1/equal=false\n","OutputType":"frame"}
{"Time":"2026-10-03T22:45:35.378808-03:00","Action":"output","Package":"cmd/compile/internal/ssacompile","Test":"TestPhioptIntegerNestedBranches/amd64/uint16/direct-false/true=0/compare=1/equal=false","Output":"--- PASS: TestPhioptIntegerNestedBranches/amd64/uint16/direct-false/true=0/compare=1/equal=false (0.00s)\n","OutputType":"frame"}
{"Time":"2026-10-03T22:45:35.378811-03:00","Action":"pass","Package":"cmd/compile/internal/ssacompile","Test":"TestPhioptIntegerNestedBranches/amd64/uint16/direct-false/true=0/compare=1/equal=false","Elapsed":0}
{"Time":"2026-10-03T22:45:35.378813-03:00","Action":"run","Package":"cmd/compile/internal/ssacompile","Test":"TestPhioptIntegerNestedBranches/amd64/uint16/direct-false/true=0/compare=1/equal=true"}
{"Time":"2026-10-03T22:45:35.378815-03:00","Action":"output","Package":"cmd/compile/internal/ssacompile","Test":"TestPhioptIntegerNestedBranches/amd64/uint16/direct-false/true=0/compare=1/equal=true","Output":"=== RUN   TestPhioptIntegerNestedBranches/amd64/uint16/direct-false/true=0/compare=1/equal=true\n","OutputType":"frame"}
{"Time":"2026-10-03T22:45:35.378819-03:00","Action":"output","Package":"cmd/compile/internal/ssacompile","Test":"TestPhioptIntegerNestedBranches/amd64/uint16/direct-false/true=0/compare=1/equal=true","Output":"--- PASS: TestPhioptIntegerNestedBranches/amd64/uint16/direct-false/true=0/compare=1/equal=true (0.00s)\n","OutputType":"frame"}
{"Time":"2026-10-03T22:45:35.378821-03:00","Action":"pass","Package":"cmd/compile/internal/ssacompile","Test":"TestPhioptIntegerNestedBranches/amd64/uint16/direct-false/true=0/compare=1/equal=true","Elapsed":0}
{"Time":"2026-10-03T22:45:35.378823-03:00","Action":"run","Package":"cmd/compile/internal/ssacompile","Test":"TestPhioptIntegerNestedBranches/amd64/uint16/direct-false/true=1/compare=0/equal=false"}
{"Time":"2026-10-03T22:45:35.378826-03:00","Action":"output","Package":"cmd/compile/internal/ssacompile","Test":"TestPhioptIntegerNestedBranches/amd64/uint16/direct-false/true=1/compare=0/equal=false","Output":"=== RUN   TestPhioptIntegerNestedBranches/amd64/uint16/direct-false/true=1/compare=0/equal=false\n","OutputType":"frame"}
{"Time":"2026-10-03T22:45:35.378829-03:00","Action":"output","Package":"cmd/compile/internal/ssacompile","Test":"TestPhioptIntegerNestedBranches/amd64/uint16/direct-false/true=1/compare=0/equal=false","Output":"--- PASS: TestPhioptIntegerNestedBranches/amd64/uint16/direct-false/true=1/compare=0/equal=false (0.00s)\n","OutputType":"frame"}
{"Time":"2026-10-03T22:45:35.378831-03:00","Action":"pass","Package":"cmd/compile/internal/ssacompile","Test":"TestPhioptIntegerNestedBranches/amd64/uint16/direct-false/true=1/compare=0/equal=false","Elapsed":0}
{"Time":"2026-10-03T22:45:35.378834-03:00","Action":"run","Package":"cmd/compile/internal/ssacompile","Test":"TestPhioptIntegerNestedBranches/amd64/uint16/direct-false/true=1/compare=0/equal=true"}
{"Time":"2026-10-03T22:45:35.378836-03:00","Action":"output","Package":"cmd/compile/internal/ssacompile","Test":"TestPhioptIntegerNestedBranches/amd64/uint16/direct-false/true=1/compare=0/equal=true","Output":"=== RUN   TestPhioptIntegerNestedBranches/amd64/uint16/direct-false/true=1/compare=0/equal=true\n","OutputType":"frame"}
{"Time":"2026-10-03T22:45:35.378839-03:00","Action":"output","Package":"cmd/compile/internal/ssacompile","Test":"TestPhioptIntegerNestedBranches/amd64/uint16/direct-false/true=1/compare=0/equal=true","Output":"--- PASS: TestPhioptIntegerNestedBranches/amd64/uint16/direct-false/true=1/compare=0/equal=true (0.00s)\n","OutputType":"frame"}
{"Time":"2026-10-03T22:45:35.378842-03:00","Action":"pass","Package":"cmd/compile/internal/ssacompile","Test":"TestPhioptIntegerNestedBranches/amd64/uint16/direct-false/true=1/compare=0/equal=true","Elapsed":0}
{"Time":"2026-10-03T22:45:35.378849-03:00","Action":"run","Package":"cmd/compile/internal/ssacompile","Test":"TestPhioptIntegerNestedBranches/amd64/uint16/direct-false/true=1/compare=1/equal=false"}
{"Time":"2026-10-03T22:45:35.378852-03:00","Action":"output","Package":"cmd/compile/internal/ssacompile","Test":"TestPhioptIntegerNestedBranches/amd64/uint16/direct-false/true=1/compare=1/equal=false","Output":"=== RUN   TestPhioptIntegerNestedBranches/amd64/uint16/direct-false/true=1/compare=1/equal=false\n","OutputType":"frame"}
{"Time":"2026-10-03T22:45:35.378857-03:00","Action":"output","Package":"cmd/compile/internal/ssacompile","Test":"TestPhioptIntegerNestedBranches/amd64/uint16/direct-false/true=1/compare=1/equal=false","Output":"--- PASS: TestPhioptIntegerNestedBranches/amd64/uint16/direct-false/true=1/compare=1/equal=false (0.00s)\n","OutputType":"frame"}
{"Time":"2026-10-03T22:45:35.37886-03:00","Action":"pass","Package":"cmd/compile/internal/ssacompile","Test":"TestPhioptIntegerNestedBranches/amd64/uint16/direct-false/true=1/compare=1/equal=false","Elapsed":0}
{"Time":"2026-10-03T22:45:35.378864-03:00","Action":"run","Package":"cmd/compile/internal/ssacompile","Test":"TestPhioptIntegerNestedBranches/amd64/uint16/direct-false/true=1/compare=1/equal=true"}
{"Time":"2026-10-03T22:45:35.378866-03:00","Action":"output","Package":"cmd/compile/internal/ssacompile","Test":"TestPhioptIntegerNestedBranches/amd64/uint16/direct-false/true=1/compare=1/equal=true","Output":"=== RUN   TestPhioptIntegerNestedBranches/amd64/uint16/direct-false/true=1/compare=1/equal=true\n","OutputType":"frame"}
{"Time":"2026-10-03T22:45:35.378869-03:00","Action":"output","Package":"cmd/compile/internal/ssacompile","Test":"TestPhioptIntegerNestedBranches/amd64/uint16/direct-false/true=1/compare=1/equal=true","Output":"--- PASS: TestPhioptIntegerNestedBranches/amd64/uint16/direct-false/true=1/compare=1/equal=true (0.00s)\n","OutputType":"frame"}
{"Time":"2026-10-03T22:45:35.378872-03:00","Action":"pass","Package":"cmd/compile/internal/ssacompile","Test":"TestPhioptIntegerNestedBranches/amd64/uint16/direct-false/true=1/compare=1/equal=true","Elapsed":0}
{"Time":"2026-10-03T22:45:35.378874-03:00","Action":"run","Package":"cmd/compile/internal/ssacompile","Test":"TestPhioptIntegerNestedBranches/amd64/int32/nested/true=0/compare=0/equal=false"}
{"Time":"2026-10-03T22:45:35.378876-03:00","Action":"output","Package":"cmd/compile/internal/ssacompile","Test":"TestPhioptIntegerNestedBranches/amd64/int32/nested/true=0/compare=0/equal=false","Output":"=== RUN   TestPhioptIntegerNestedBranches/amd64/int32/nested/true=0/compare=0/equal=false\n","OutputType":"frame"}
{"Time":"2026-10-03T22:45:35.37888-03:00","Action":"output","Package":"cmd/compile/internal/ssacompile","Test":"TestPhioptIntegerNestedBranches/amd64/int32/nested/true=0/compare=0/equal=false","Output":"--- PASS: TestPhioptIntegerNestedBranches/amd64/int32/nested/true=0/compare=0/equal=false (0.00s)\n","OutputType":"frame"}
{"Time":"2026-10-03T22:45:35.378882-03:00","Action":"pass","Package":"cmd/compile/internal/ssacompile","Test":"TestPhioptIntegerNestedBranches/amd64/int32/nested/true=0/compare=0/equal=false","Elapsed":0}
{"Time":"2026-10-03T22:45:35.378885-03:00","Action":"run","Package":"cmd/compile/internal/ssacompile","Test":"TestPhioptIntegerNestedBranches/amd64/int32/nested/true=0/compare=0/equal=true"}
{"Time":"2026-10-03T22:45:35.378887-03:00","Action":"output","Package":"cmd/compile/internal/ssacompile","Test":"TestPhioptIntegerNestedBranches/amd64/int32/nested/true=0/compare=0/equal=true","Output":"=== RUN   TestPhioptIntegerNestedBranches/amd64/int32/nested/true=0/compare=0/equal=true\n","OutputType":"frame"}
{"Time":"2026-10-03T22:45:35.37889-03:00","Action":"output","Package":"cmd/compile/internal/ssacompile","Test":"TestPhioptIntegerNestedBranches/amd64/int32/nested/true=0/compare=0/equal=true","Output":"--- PASS: TestPhioptIntegerNestedBranches/amd64/int32/nested/true=0/compare=0/equal=true (0.00s)\n","OutputType":"frame"}
{"Time":"2026-10-03T22:45:35.378892-03:00","Action":"pass","Package":"cmd/compile/internal/ssacompile","Test":"TestPhioptIntegerNestedBranches/amd64/int32/nested/true=0/compare=0/equal=true","Elapsed":0}
{"Time":"2026-10-03T22:45:35.378895-03:00","Action":"run","Package":"cmd/compile/internal/ssacompile","Test":"TestPhioptIntegerNestedBranches/amd64/int32/nested/true=0/compare=1/equal=false"}
{"Time":"2026-10-03T22:45:35.378897-03:00","Action":"output","Package":"cmd/compile/internal/ssacompile","Test":"TestPhioptIntegerNestedBranches/amd64/int32/nested/true=0/compare=1/equal=false","Output":"=== RUN   TestPhioptIntegerNestedBranches/amd64/int32/nested/true=0/compare=1/equal=false\n","OutputType":"frame"}
{"Time":"2026-10-03T22:45:35.3789-03:00","Action":"output","Package":"cmd/compile/internal/ssacompile","Test":"TestPhioptIntegerNestedBranches/amd64/int32/nested/true=0/compare=1/equal=false","Output":"--- PASS: TestPhioptIntegerNestedBranches/amd64/int32/nested/true=0/compare=1/equal=false (0.00s)\n","OutputType":"frame"}
{"Time":"2026-10-03T22:45:35.378903-03:00","Action":"pass","Package":"cmd/compile/internal/ssacompile","Test":"TestPhioptIntegerNestedBranches/amd64/int32/nested/true=0/compare=1/equal=false","Elapsed":0}
{"Time":"2026-10-03T22:45:35.378909-03:00","Action":"run","Package":"cmd/compile/internal/ssacompile","Test":"TestPhioptIntegerNestedBranches/amd64/int32/nested/true=0/compare=1/equal=true"}
{"Time":"2026-10-03T22:45:35.378912-03:00","Action":"output","Package":"cmd/compile/internal/ssacompile","Test":"TestPhioptIntegerNestedBranches/amd64/int32/nested/true=0/compare=1/equal=true","Output":"=== RUN   TestPhioptIntegerNestedBranches/amd64/int32/nested/true=0/compare=1/equal=true\n","OutputType":"frame"}
{"Time":"2026-10-03T22:45:35.37901-03:00","Action":"output","Package":"cmd/compile/internal/ssacompile","Test":"TestPhioptIntegerNestedBranches/amd64/int32/nested/true=0/compare=1/equal=true","Output":"--- PASS: TestPhioptIntegerNestedBranches/amd64/int32/nested/true=0/compare=1/equal=true (0.00s)\n","OutputType":"frame"}
{"Time":"2026-10-03T22:45:35.379021-03:00","Action":"pass","Package":"cmd/compile/internal/ssacompile","Test":"TestPhioptIntegerNestedBranches/amd64/int32/nested/true=0/compare=1/equal=true","Elapsed":0}
{"Time":"2026-10-03T22:45:35.379024-03:00","Action":"run","Package":"cmd/compile/internal/ssacompile","Test":"TestPhioptIntegerNestedBranches/amd64/int32/nested/true=1/compare=0/equal=false"}
{"Time":"2026-10-03T22:45:35.379026-03:00","Action":"output","Package":"cmd/compile/internal/ssacompile","Test":"TestPhioptIntegerNestedBranches/amd64/int32/nested/true=1/compare=0/equal=false","Output":"=== RUN   TestPhioptIntegerNestedBranches/amd64/int32/nested/true=1/compare=0/equal=false\n","OutputType":"frame"}
{"Time":"2026-10-03T22:45:35.37914-03:00","Action":"output","Package":"cmd/compile/internal/ssacompile","Test":"TestPhioptIntegerNestedBranches/amd64/int32/nested/true=1/compare=0/equal=false","Output":"--- PASS: TestPhioptIntegerNestedBranches/amd64/int32/nested/true=1/compare=0/equal=false (0.00s)\n","OutputType":"frame"}
{"Time":"2026-10-03T22:45:35.379146-03:00","Action":"pass","Package":"cmd/compile/internal/ssacompile","Test":"TestPhioptIntegerNestedBranches/amd64/int32/nested/true=1/compare=0/equal=false","Elapsed":0}
{"Time":"2026-10-03T22:45:35.379151-03:00","Action":"run","Package":"cmd/compile/internal/ssacompile","Test":"TestPhioptIntegerNestedBranches/amd64/int32/nested/true=1/compare=0/equal=true"}
{"Time":"2026-10-03T22:45:35.379154-03:00","Action":"output","Package":"cmd/compile/internal/ssacompile","Test":"TestPhioptIntegerNestedBranches/amd64/int32/nested/true=1/compare=0/equal=true","Output":"=== RUN   TestPhioptIntegerNestedBranches/amd64/int32/nested/true=1/compare=0/equal=true\n","OutputType":"frame"}
{"Time":"2026-10-03T22:45:35.379159-03:00","Action":"output","Package":"cmd/compile/internal/ssacompile","Test":"TestPhioptIntegerNestedBranches/amd64/int32/nested/true=1/compare=0/equal=true","Output":"--- PASS: TestPhioptIntegerNestedBranches/amd64/int32/nested/true=1/compare=0/equal=true (0.00s)\n","OutputType":"frame"}
{"Time":"2026-10-03T22:45:35.379163-03:00","Action":"pass","Package":"cmd/compile/internal/ssacompile","Test":"TestPhioptIntegerNestedBranches/amd64/int32/nested/true=1/compare=0/equal=true","Elapsed":0}
{"Time":"2026-10-03T22:45:35.379166-03:00","Action":"run","Package":"cmd/compile/internal/ssacompile","Test":"TestPhioptIntegerNestedBranches/amd64/int32/nested/true=1/compare=1/equal=false"}
{"Time":"2026-10-03T22:45:35.379169-03:00","Action":"output","Package":"cmd/compile/internal/ssacompile","Test":"TestPhioptIntegerNestedBranches/amd64/int32/nested/true=1/compare=1/equal=false","Output":"=== RUN   TestPhioptIntegerNestedBranches/amd64/int32/nested/true=1/compare=1/equal=false\n","OutputType":"frame"}
{"Time":"2026-10-03T22:45:35.379173-03:00","Action":"output","Package":"cmd/compile/internal/ssacompile","Test":"TestPhioptIntegerNestedBranches/amd64/int32/nested/true=1/compare=1/equal=false","Output":"--- PASS: TestPhioptIntegerNestedBranches/amd64/int32/nested/true=1/compare=1/equal=false (0.00s)\n","OutputType":"frame"}
{"Time":"2026-10-03T22:45:35.379176-03:00","Action":"pass","Package":"cmd/compile/internal/ssacompile","Test":"TestPhioptIntegerNestedBranches/amd64/int32/nested/true=1/compare=1/equal=false","Elapsed":0}
{"Time":"2026-10-03T22:45:35.379179-03:00","Action":"run","Package":"cmd/compile/internal/ssacompile","Test":"TestPhioptIntegerNestedBranches/amd64/int32/nested/true=1/compare=1/equal=true"}
{"Time":"2026-10-03T22:45:35.379181-03:00","Action":"output","Package":"cmd/compile/internal/ssacompile","Test":"TestPhioptIntegerNestedBranches/amd64/int32/nested/true=1/compare=1/equal=true","Output":"=== RUN   TestPhioptIntegerNestedBranches/amd64/int32/nested/true=1/compare=1/equal=true\n","OutputType":"frame"}
{"Time":"2026-10-03T22:45:35.37919-03:00","Action":"output","Package":"cmd/compile/internal/ssacompile","Test":"TestPhioptIntegerNestedBranches/amd64/int32/nested/true=1/compare=1/equal=true","Output":"--- PASS: TestPhioptIntegerNestedBranches/amd64/int32/nested/true=1/compare=1/equal=true (0.00s)\n","OutputType":"frame"}
{"Time":"2026-10-03T22:45:35.379193-03:00","Action":"pass","Package":"cmd/compile/internal/ssacompile","Test":"TestPhioptIntegerNestedBranches/amd64/int32/nested/true=1/compare=1/equal=true","Elapsed":0}
{"Time":"2026-10-03T22:45:35.379197-03:00","Action":"run","Package":"cmd/compile/internal/ssacompile","Test":"TestPhioptIntegerNestedBranches/amd64/int32/direct-true/true=0/compare=0/equal=false"}
{"Time":"2026-10-03T22:45:35.379199-03:00","Action":"output","Package":"cmd/compile/internal/ssacompile","Test":"TestPhioptIntegerNestedBranches/amd64/int32/direct-true/true=0/compare=0/equal=false","Output":"=== RUN   TestPhioptIntegerNestedBranches/amd64/int32/direct-true/true=0/compare=0/equal=false\n","OutputType":"frame"}
{"Time":"2026-10-03T22:45:35.379203-03:00","Action":"output","Package":"cmd/compile/internal/ssacompile","Test":"TestPhioptIntegerNestedBranches/amd64/int32/direct-true/true=0/compare=0/equal=false","Output":"--- PASS: TestPhioptIntegerNestedBranches/amd64/int32/direct-true/true=0/compare=0/equal=false (0.00s)\n","OutputType":"frame"}
{"Time":"2026-10-03T22:45:35.379206-03:00","Action":"pass","Package":"cmd/compile/internal/ssacompile","Test":"TestPhioptIntegerNestedBranches/amd64/int32/direct-true/true=0/compare=0/equal=false","Elapsed":0}
{"Time":"2026-10-03T22:45:35.379209-03:00","Action":"run","Package":"cmd/compile/internal/ssacompile","Test":"TestPhioptIntegerNestedBranches/amd64/int32/direct-true/true=0/compare=0/equal=true"}
{"Time":"2026-10-03T22:45:35.379211-03:00","Action":"output","Package":"cmd/compile/internal/ssacompile","Test":"TestPhioptIntegerNestedBranches/amd64/int32/direct-true/true=0/compare=0/equal=true","Output":"=== RUN   TestPhioptIntegerNestedBranches/amd64/int32/direct-true/true=0/compare=0/equal=true\n","OutputType":"frame"}
{"Time":"2026-10-03T22:45:35.379215-03:00","Action":"output","Package":"cmd/compile/internal/ssacompile","Test":"TestPhioptIntegerNestedBranches/amd64/int32/direct-true/true=0/compare=0/equal=true","Output":"--- PASS: TestPhioptIntegerNestedBranches/amd64/int32/direct-true/true=0/compare=0/equal=true (0.00s)\n","OutputType":"frame"}
{"Time":"2026-10-03T22:45:35.379219-03:00","Action":"pass","Package":"cmd/compile/internal/ssacompile","Test":"TestPhioptIntegerNestedBranches/amd64/int32/direct-true/true=0/compare=0/equal=true","Elapsed":0}
{"Time":"2026-10-03T22:45:35.379221-03:00","Action":"run","Package":"cmd/compile/internal/ssacompile","Test":"TestPhioptIntegerNestedBranches/amd64/int32/direct-true/true=0/compare=1/equal=false"}
{"Time":"2026-10-03T22:45:35.379223-03:00","Action":"output","Package":"cmd/compile/internal/ssacompile","Test":"TestPhioptIntegerNestedBranches/amd64/int32/direct-true/true=0/compare=1/equal=false","Output":"=== RUN   TestPhioptIntegerNestedBranches/amd64/int32/direct-true/true=0/compare=1/equal=false\n","OutputType":"frame"}
{"Time":"2026-10-03T22:45:35.379227-03:00","Action":"output","Package":"cmd/compile/internal/ssacompile","Test":"TestPhioptIntegerNestedBranches/amd64/int32/direct-true/true=0/compare=1/equal=false","Output":"--- PASS: TestPhioptIntegerNestedBranches/amd64/int32/direct-true/true=0/compare=1/equal=false (0.00s)\n","OutputType":"frame"}
{"Time":"2026-10-03T22:45:35.37923-03:00","Action":"pass","Package":"cmd/compile/internal/ssacompile","Test":"TestPhioptIntegerNestedBranches/amd64/int32/direct-true/true=0/compare=1/equal=false","Elapsed":0}
{"Time":"2026-10-03T22:45:35.379235-03:00","Action":"run","Package":"cmd/compile/internal/ssacompile","Test":"TestPhioptIntegerNestedBranches/amd64/int32/direct-true/true=0/compare=1/equal=true"}
{"Time":"2026-10-03T22:45:35.379237-03:00","Action":"output","Package":"cmd/compile/internal/ssacompile","Test":"TestPhioptIntegerNestedBranches/amd64/int32/direct-true/true=0/compare=1/equal=true","Output":"=== RUN   TestPhioptIntegerNestedBranches/amd64/int32/direct-true/true=0/compare=1/equal=true\n","OutputType":"frame"}
{"Time":"2026-10-03T22:45:35.379241-03:00","Action":"output","Package":"cmd/compile/internal/ssacompile","Test":"TestPhioptIntegerNestedBranches/amd64/int32/direct-true/true=0/compare=1/equal=true","Output":"--- PASS: TestPhioptIntegerNestedBranches/amd64/int32/direct-true/true=0/compare=1/equal=true (0.00s)\n","OutputType":"frame"}
{"Time":"2026-10-03T22:45:35.379243-03:00","Action":"pass","Package":"cmd/compile/internal/ssacompile","Test":"TestPhioptIntegerNestedBranches/amd64/int32/direct-true/true=0/compare=1/equal=true","Elapsed":0}
{"Time":"2026-10-03T22:45:35.379246-03:00","Action":"run","Package":"cmd/compile/internal/ssacompile","Test":"TestPhioptIntegerNestedBranches/amd64/int32/direct-true/true=1/compare=0/equal=false"}
{"Time":"2026-10-03T22:45:35.379248-03:00","Action":"output","Package":"cmd/compile/internal/ssacompile","Test":"TestPhioptIntegerNestedBranches/amd64/int32/direct-true/true=1/compare=0/equal=false","Output":"=== RUN   TestPhioptIntegerNestedBranches/amd64/int32/direct-true/true=1/compare=0/equal=false\n","OutputType":"frame"}
{"Time":"2026-10-03T22:45:35.379252-03:00","Action":"output","Package":"cmd/compile/internal/ssacompile","Test":"TestPhioptIntegerNestedBranches/amd64/int32/direct-true/true=1/compare=0/equal=false","Output":"--- PASS: TestPhioptIntegerNestedBranches/amd64/int32/direct-true/true=1/compare=0/equal=false (0.00s)\n","OutputType":"frame"}
{"Time":"2026-10-03T22:45:35.379254-03:00","Action":"pass","Package":"cmd/compile/internal/ssacompile","Test":"TestPhioptIntegerNestedBranches/amd64/int32/direct-true/true=1/compare=0/equal=false","Elapsed":0}
{"Time":"2026-10-03T22:45:35.379259-03:00","Action":"run","Package":"cmd/compile/internal/ssacompile","Test":"TestPhioptIntegerNestedBranches/amd64/int32/direct-true/true=1/compare=0/equal=true"}
{"Time":"2026-10-03T22:45:35.379263-03:00","Action":"output","Package":"cmd/compile/internal/ssacompile","Test":"TestPhioptIntegerNestedBranches/amd64/int32/direct-true/true=1/compare=0/equal=true","Output":"=== RUN   TestPhioptIntegerNestedBranches/amd64/int32/direct-true/true=1/compare=0/equal=true\n","OutputType":"frame"}
{"Time":"2026-10-03T22:45:35.379272-03:00","Action":"output","Package":"cmd/compile/internal/ssacompile","Test":"TestPhioptIntegerNestedBranches/amd64/int32/direct-true/true=1/compare=0/equal=true","Output":"--- PASS: TestPhioptIntegerNestedBranches/amd64/int32/direct-true/true=1/compare=0/equal=true (0.00s)\n","OutputType":"frame"}
{"Time":"2026-10-03T22:45:35.379276-03:00","Action":"pass","Package":"cmd/compile/internal/ssacompile","Test":"TestPhioptIntegerNestedBranches/amd64/int32/direct-true/true=1/compare=0/equal=true","Elapsed":0}
{"Time":"2026-10-03T22:45:35.37928-03:00","Action":"run","Package":"cmd/compile/internal/ssacompile","Test":"TestPhioptIntegerNestedBranches/amd64/int32/direct-true/true=1/compare=1/equal=false"}
{"Time":"2026-10-03T22:45:35.379283-03:00","Action":"output","Package":"cmd/compile/internal/ssacompile","Test":"TestPhioptIntegerNestedBranches/amd64/int32/direct-true/true=1/compare=1/equal=false","Output":"=== RUN   TestPhioptIntegerNestedBranches/amd64/int32/direct-true/true=1/compare=1/equal=false\n","OutputType":"frame"}
{"Time":"2026-10-03T22:45:35.379288-03:00","Action":"output","Package":"cmd/compile/internal/ssacompile","Test":"TestPhioptIntegerNestedBranches/amd64/int32/direct-true/true=1/compare=1/equal=false","Output":"--- PASS: TestPhioptIntegerNestedBranches/amd64/int32/direct-true/true=1/compare=1/equal=false (0.00s)\n","OutputType":"frame"}
{"Time":"2026-10-03T22:45:35.37929-03:00","Action":"pass","Package":"cmd/compile/internal/ssacompile","Test":"TestPhioptIntegerNestedBranches/amd64/int32/direct-true/true=1/compare=1/equal=false","Elapsed":0}
{"Time":"2026-10-03T22:45:35.379297-03:00","Action":"run","Package":"cmd/compile/internal/ssacompile","Test":"TestPhioptIntegerNestedBranches/amd64/int32/direct-true/true=1/compare=1/equal=true"}
{"Time":"2026-10-03T22:45:35.379299-03:00","Action":"output","Package":"cmd/compile/internal/ssacompile","Test":"TestPhioptIntegerNestedBranches/amd64/int32/direct-true/true=1/compare=1/equal=true","Output":"=== RUN   TestPhioptIntegerNestedBranches/amd64/int32/direct-true/true=1/compare=1/equal=true\n","OutputType":"frame"}
{"Time":"2026-10-03T22:45:35.379302-03:00","Action":"output","Package":"cmd/compile/internal/ssacompile","Test":"TestPhioptIntegerNestedBranches/amd64/int32/direct-true/true=1/compare=1/equal=true","Output":"--- PASS: TestPhioptIntegerNestedBranches/amd64/int32/direct-true/true=1/compare=1/equal=true (0.00s)\n","OutputType":"frame"}
{"Time":"2026-10-03T22:45:35.379305-03:00","Action":"pass","Package":"cmd/compile/internal/ssacompile","Test":"TestPhioptIntegerNestedBranches/amd64/int32/direct-true/true=1/compare=1/equal=true","Elapsed":0}
{"Time":"2026-10-03T22:45:35.379307-03:00","Action":"run","Package":"cmd/compile/internal/ssacompile","Test":"TestPhioptIntegerNestedBranches/amd64/int32/direct-false/true=0/compare=0/equal=false"}
{"Time":"2026-10-03T22:45:35.37931-03:00","Action":"output","Package":"cmd/compile/internal/ssacompile","Test":"TestPhioptIntegerNestedBranches/amd64/int32/direct-false/true=0/compare=0/equal=false","Output":"=== RUN   TestPhioptIntegerNestedBranches/amd64/int32/direct-false/true=0/compare=0/equal=false\n","OutputType":"frame"}
{"Time":"2026-10-03T22:45:35.379313-03:00","Action":"output","Package":"cmd/compile/internal/ssacompile","Test":"TestPhioptIntegerNestedBranches/amd64/int32/direct-false/true=0/compare=0/equal=false","Output":"--- PASS: TestPhioptIntegerNestedBranches/amd64/int32/direct-false/true=0/compare=0/equal=false (0.00s)\n","OutputType":"frame"}
{"Time":"2026-10-03T22:45:35.379317-03:00","Action":"pass","Package":"cmd/compile/internal/ssacompile","Test":"TestPhioptIntegerNestedBranches/amd64/int32/direct-false/true=0/compare=0/equal=false","Elapsed":0}
{"Time":"2026-10-03T22:45:35.37932-03:00","Action":"run","Package":"cmd/compile/internal/ssacompile","Test":"TestPhioptIntegerNestedBranches/amd64/int32/direct-false/true=0/compare=0/equal=true"}
{"Time":"2026-10-03T22:45:35.379322-03:00","Action":"output","Package":"cmd/compile/internal/ssacompile","Test":"TestPhioptIntegerNestedBranches/amd64/int32/direct-false/true=0/compare=0/equal=true","Output":"=== RUN   TestPhioptIntegerNestedBranches/amd64/int32/direct-false/true=0/compare=0/equal=true\n","OutputType":"frame"}
{"Time":"2026-10-03T22:45:35.379374-03:00","Action":"output","Package":"cmd/compile/internal/ssacompile","Test":"TestPhioptIntegerNestedBranches/amd64/int32/direct-false/true=0/compare=0/equal=true","Output":"--- PASS: TestPhioptIntegerNestedBranches/amd64/int32/direct-false/true=0/compare=0/equal=true (0.00s)\n","OutputType":"frame"}
{"Time":"2026-10-03T22:45:35.379389-03:00","Action":"pass","Package":"cmd/compile/internal/ssacompile","Test":"TestPhioptIntegerNestedBranches/amd64/int32/direct-false/true=0/compare=0/equal=true","Elapsed":0}
{"Time":"2026-10-03T22:45:35.379398-03:00","Action":"run","Package":"cmd/compile/internal/ssacompile","Test":"TestPhioptIntegerNestedBranches/amd64/int32/direct-false/true=0/compare=1/equal=false"}
{"Time":"2026-10-03T22:45:35.379405-03:00","Action":"output","Package":"cmd/compile/internal/ssacompile","Test":"TestPhioptIntegerNestedBranches/amd64/int32/direct-false/true=0/compare=1/equal=false","Output":"=== RUN   TestPhioptIntegerNestedBranches/amd64/int32/direct-false/true=0/compare=1/equal=false\n","OutputType":"frame"}
{"Time":"2026-10-03T22:45:35.379525-03:00","Action":"output","Package":"cmd/compile/internal/ssacompile","Test":"TestPhioptIntegerNestedBranches/amd64/int32/direct-false/true=0/compare=1/equal=false","Output":"--- PASS: TestPhioptIntegerNestedBranches/amd64/int32/direct-false/true=0/compare=1/equal=false (0.00s)\n","OutputType":"frame"}
{"Time":"2026-10-03T22:45:35.379533-03:00","Action":"pass","Package":"cmd/compile/internal/ssacompile","Test":"TestPhioptIntegerNestedBranches/amd64/int32/direct-false/true=0/compare=1/equal=false","Elapsed":0}
{"Time":"2026-10-03T22:45:35.379537-03:00","Action":"run","Package":"cmd/compile/internal/ssacompile","Test":"TestPhioptIntegerNestedBranches/amd64/int32/direct-false/true=0/compare=1/equal=true"}
{"Time":"2026-10-03T22:45:35.37954-03:00","Action":"output","Package":"cmd/compile/internal/ssacompile","Test":"TestPhioptIntegerNestedBranches/amd64/int32/direct-false/true=0/compare=1/equal=true","Output":"=== RUN   TestPhioptIntegerNestedBranches/amd64/int32/direct-false/true=0/compare=1/equal=true\n","OutputType":"frame"}
{"Time":"2026-10-03T22:45:35.379543-03:00","Action":"output","Package":"cmd/compile/internal/ssacompile","Test":"TestPhioptIntegerNestedBranches/amd64/int32/direct-false/true=0/compare=1/equal=true","Output":"--- PASS: TestPhioptIntegerNestedBranches/amd64/int32/direct-false/true=0/compare=1/equal=true (0.00s)\n","OutputType":"frame"}
{"Time":"2026-10-03T22:45:35.379546-03:00","Action":"pass","Package":"cmd/compile/internal/ssacompile","Test":"TestPhioptIntegerNestedBranches/amd64/int32/direct-false/true=0/compare=1/equal=true","Elapsed":0}
{"Time":"2026-10-03T22:45:35.379548-03:00","Action":"run","Package":"cmd/compile/internal/ssacompile","Test":"TestPhioptIntegerNestedBranches/amd64/int32/direct-false/true=1/compare=0/equal=false"}
{"Time":"2026-10-03T22:45:35.37955-03:00","Action":"output","Package":"cmd/compile/internal/ssacompile","Test":"TestPhioptIntegerNestedBranches/amd64/int32/direct-false/true=1/compare=0/equal=false","Output":"=== RUN   TestPhioptIntegerNestedBranches/amd64/int32/direct-false/true=1/compare=0/equal=false\n","OutputType":"frame"}
{"Time":"2026-10-03T22:45:35.379554-03:00","Action":"output","Package":"cmd/compile/internal/ssacompile","Test":"TestPhioptIntegerNestedBranches/amd64/int32/direct-false/true=1/compare=0/equal=false","Output":"--- PASS: TestPhioptIntegerNestedBranches/amd64/int32/direct-false/true=1/compare=0/equal=false (0.00s)\n","OutputType":"frame"}
{"Time":"2026-10-03T22:45:35.379556-03:00","Action":"pass","Package":"cmd/compile/internal/ssacompile","Test":"TestPhioptIntegerNestedBranches/amd64/int32/direct-false/true=1/compare=0/equal=false","Elapsed":0}
{"Time":"2026-10-03T22:45:35.379559-03:00","Action":"run","Package":"cmd/compile/internal/ssacompile","Test":"TestPhioptIntegerNestedBranches/amd64/int32/direct-false/true=1/compare=0/equal=true"}
{"Time":"2026-10-03T22:45:35.379561-03:00","Action":"output","Package":"cmd/compile/internal/ssacompile","Test":"TestPhioptIntegerNestedBranches/amd64/int32/direct-false/true=1/compare=0/equal=true","Output":"=== RUN   TestPhioptIntegerNestedBranches/amd64/int32/direct-false/true=1/compare=0/equal=true\n","OutputType":"frame"}
{"Time":"2026-10-03T22:45:35.379564-03:00","Action":"output","Package":"cmd/compile/internal/ssacompile","Test":"TestPhioptIntegerNestedBranches/amd64/int32/direct-false/true=1/compare=0/equal=true","Output":"--- PASS: TestPhioptIntegerNestedBranches/amd64/int32/direct-false/true=1/compare=0/equal=true (0.00s)\n","OutputType":"frame"}
{"Time":"2026-10-03T22:45:35.379567-03:00","Action":"pass","Package":"cmd/compile/internal/ssacompile","Test":"TestPhioptIntegerNestedBranches/amd64/int32/direct-false/true=1/compare=0/equal=true","Elapsed":0}
{"Time":"2026-10-03T22:45:35.379569-03:00","Action":"run","Package":"cmd/compile/internal/ssacompile","Test":"TestPhioptIntegerNestedBranches/amd64/int32/direct-false/true=1/compare=1/equal=false"}
{"Time":"2026-10-03T22:45:35.379571-03:00","Action":"output","Package":"cmd/compile/internal/ssacompile","Test":"TestPhioptIntegerNestedBranches/amd64/int32/direct-false/true=1/compare=1/equal=false","Output":"=== RUN   TestPhioptIntegerNestedBranches/amd64/int32/direct-false/true=1/compare=1/equal=false\n","OutputType":"frame"}
{"Time":"2026-10-03T22:45:35.379575-03:00","Action":"output","Package":"cmd/compile/internal/ssacompile","Test":"TestPhioptIntegerNestedBranches/amd64/int32/direct-false/true=1/compare=1/equal=false","Output":"--- PASS: TestPhioptIntegerNestedBranches/amd64/int32/direct-false/true=1/compare=1/equal=false (0.00s)\n","OutputType":"frame"}
{"Time":"2026-10-03T22:45:35.379577-03:00","Action":"pass","Package":"cmd/compile/internal/ssacompile","Test":"TestPhioptIntegerNestedBranches/amd64/int32/direct-false/true=1/compare=1/equal=false","Elapsed":0}
{"Time":"2026-10-03T22:45:35.37958-03:00","Action":"run","Package":"cmd/compile/internal/ssacompile","Test":"TestPhioptIntegerNestedBranches/amd64/int32/direct-false/true=1/compare=1/equal=true"}
{"Time":"2026-10-03T22:45:35.379583-03:00","Action":"output","Package":"cmd/compile/internal/ssacompile","Test":"TestPhioptIntegerNestedBranches/amd64/int32/direct-false/true=1/compare=1/equal=true","Output":"=== RUN   TestPhioptIntegerNestedBranches/amd64/int32/direct-false/true=1/compare=1/equal=true\n","OutputType":"frame"}
{"Time":"2026-10-03T22:45:35.379586-03:00","Action":"output","Package":"cmd/compile/internal/ssacompile","Test":"TestPhioptIntegerNestedBranches/amd64/int32/direct-false/true=1/compare=1/equal=true","Output":"--- PASS: TestPhioptIntegerNestedBranches/amd64/int32/direct-false/true=1/compare=1/equal=true (0.00s)\n","OutputType":"frame"}
{"Time":"2026-10-03T22:45:35.379588-03:00","Action":"pass","Package":"cmd/compile/internal/ssacompile","Test":"TestPhioptIntegerNestedBranches/amd64/int32/direct-false/true=1/compare=1/equal=true","Elapsed":0}
{"Time":"2026-10-03T22:45:35.379591-03:00","Action":"run","Package":"cmd/compile/internal/ssacompile","Test":"TestPhioptIntegerNestedBranches/amd64/uint64/nested/true=0/compare=0/equal=false"}
{"Time":"2026-10-03T22:45:35.379593-03:00","Action":"output","Package":"cmd/compile/internal/ssacompile","Test":"TestPhioptIntegerNestedBranches/amd64/uint64/nested/true=0/compare=0/equal=false","Output":"=== RUN   TestPhioptIntegerNestedBranches/amd64/uint64/nested/true=0/compare=0/equal=false\n","OutputType":"frame"}
{"Time":"2026-10-03T22:45:35.379598-03:00","Action":"output","Package":"cmd/compile/internal/ssacompile","Test":"TestPhioptIntegerNestedBranches/amd64/uint64/nested/true=0/compare=0/equal=false","Output":"--- PASS: TestPhioptIntegerNestedBranches/amd64/uint64/nested/true=0/compare=0/equal=false (0.00s)\n","OutputType":"frame"}
{"Time":"2026-10-03T22:45:35.379601-03:00","Action":"pass","Package":"cmd/compile/internal/ssacompile","Test":"TestPhioptIntegerNestedBranches/amd64/uint64/nested/true=0/compare=0/equal=false","Elapsed":0}
{"Time":"2026-10-03T22:45:35.379603-03:00","Action":"run","Package":"cmd/compile/internal/ssacompile","Test":"TestPhioptIntegerNestedBranches/amd64/uint64/nested/true=0/compare=0/equal=true"}
{"Time":"2026-10-03T22:45:35.379606-03:00","Action":"output","Package":"cmd/compile/internal/ssacompile","Test":"TestPhioptIntegerNestedBranches/amd64/uint64/nested/true=0/compare=0/equal=true","Output":"=== RUN   TestPhioptIntegerNestedBranches/amd64/uint64/nested/true=0/compare=0/equal=true\n","OutputType":"frame"}
{"Time":"2026-10-03T22:45:35.379609-03:00","Action":"output","Package":"cmd/compile/internal/ssacompile","Test":"TestPhioptIntegerNestedBranches/amd64/uint64/nested/true=0/compare=0/equal=true","Output":"--- PASS: TestPhioptIntegerNestedBranches/amd64/uint64/nested/true=0/compare=0/equal=true (0.00s)\n","OutputType":"frame"}
{"Time":"2026-10-03T22:45:35.379611-03:00","Action":"pass","Package":"cmd/compile/internal/ssacompile","Test":"TestPhioptIntegerNestedBranches/amd64/uint64/nested/true=0/compare=0/equal=true","Elapsed":0}
{"Time":"2026-10-03T22:45:35.379614-03:00","Action":"run","Package":"cmd/compile/internal/ssacompile","Test":"TestPhioptIntegerNestedBranches/amd64/uint64/nested/true=0/compare=1/equal=false"}
{"Time":"2026-10-03T22:45:35.379616-03:00","Action":"output","Package":"cmd/compile/internal/ssacompile","Test":"TestPhioptIntegerNestedBranches/amd64/uint64/nested/true=0/compare=1/equal=false","Output":"=== RUN   TestPhioptIntegerNestedBranches/amd64/uint64/nested/true=0/compare=1/equal=false\n","OutputType":"frame"}
{"Time":"2026-10-03T22:45:35.379619-03:00","Action":"output","Package":"cmd/compile/internal/ssacompile","Test":"TestPhioptIntegerNestedBranches/amd64/uint64/nested/true=0/compare=1/equal=false","Output":"--- PASS: TestPhioptIntegerNestedBranches/amd64/uint64/nested/true=0/compare=1/equal=false (0.00s)\n","OutputType":"frame"}
{"Time":"2026-10-03T22:45:35.379622-03:00","Action":"pass","Package":"cmd/compile/internal/ssacompile","Test":"TestPhioptIntegerNestedBranches/amd64/uint64/nested/true=0/compare=1/equal=false","Elapsed":0}
{"Time":"2026-10-03T22:45:35.379624-03:00","Action":"run","Package":"cmd/compile/internal/ssacompile","Test":"TestPhioptIntegerNestedBranches/amd64/uint64/nested/true=0/compare=1/equal=true"}
{"Time":"2026-10-03T22:45:35.379626-03:00","Action":"output","Package":"cmd/compile/internal/ssacompile","Test":"TestPhioptIntegerNestedBranches/amd64/uint64/nested/true=0/compare=1/equal=true","Output":"=== RUN   TestPhioptIntegerNestedBranches/amd64/uint64/nested/true=0/compare=1/equal=true\n","OutputType":"frame"}
{"Time":"2026-10-03T22:45:35.379635-03:00","Action":"output","Package":"cmd/compile/internal/ssacompile","Test":"TestPhioptIntegerNestedBranches/amd64/uint64/nested/true=0/compare=1/equal=true","Output":"--- PASS: TestPhioptIntegerNestedBranches/amd64/uint64/nested/true=0/compare=1/equal=true (0.00s)\n","OutputType":"frame"}
{"Time":"2026-10-03T22:45:35.379638-03:00","Action":"pass","Package":"cmd/compile/internal/ssacompile","Test":"TestPhioptIntegerNestedBranches/amd64/uint64/nested/true=0/compare=1/equal=true","Elapsed":0}
{"Time":"2026-10-03T22:45:35.379641-03:00","Action":"run","Package":"cmd/compile/internal/ssacompile","Test":"TestPhioptIntegerNestedBranches/amd64/uint64/nested/true=1/compare=0/equal=false"}
{"Time":"2026-10-03T22:45:35.379643-03:00","Action":"output","Package":"cmd/compile/internal/ssacompile","Test":"TestPhioptIntegerNestedBranches/amd64/uint64/nested/true=1/compare=0/equal=false","Output":"=== RUN   TestPhioptIntegerNestedBranches/amd64/uint64/nested/true=1/compare=0/equal=false\n","OutputType":"frame"}
{"Time":"2026-10-03T22:45:35.379647-03:00","Action":"output","Package":"cmd/compile/internal/ssacompile","Test":"TestPhioptIntegerNestedBranches/amd64/uint64/nested/true=1/compare=0/equal=false","Output":"--- PASS: TestPhioptIntegerNestedBranches/amd64/uint64/nested/true=1/compare=0/equal=false (0.00s)\n","OutputType":"frame"}
{"Time":"2026-10-03T22:45:35.379649-03:00","Action":"pass","Package":"cmd/compile/internal/ssacompile","Test":"TestPhioptIntegerNestedBranches/amd64/uint64/nested/true=1/compare=0/equal=false","Elapsed":0}
{"Time":"2026-10-03T22:45:35.379652-03:00","Action":"run","Package":"cmd/compile/internal/ssacompile","Test":"TestPhioptIntegerNestedBranches/amd64/uint64/nested/true=1/compare=0/equal=true"}
{"Time":"2026-10-03T22:45:35.379654-03:00","Action":"output","Package":"cmd/compile/internal/ssacompile","Test":"TestPhioptIntegerNestedBranches/amd64/uint64/nested/true=1/compare=0/equal=true","Output":"=== RUN   TestPhioptIntegerNestedBranches/amd64/uint64/nested/true=1/compare=0/equal=true\n","OutputType":"frame"}
{"Time":"2026-10-03T22:45:35.379657-03:00","Action":"output","Package":"cmd/compile/internal/ssacompile","Test":"TestPhioptIntegerNestedBranches/amd64/uint64/nested/true=1/compare=0/equal=true","Output":"--- PASS: TestPhioptIntegerNestedBranches/amd64/uint64/nested/true=1/compare=0/equal=true (0.00s)\n","OutputType":"frame"}
{"Time":"2026-10-03T22:45:35.37966-03:00","Action":"pass","Package":"cmd/compile/internal/ssacompile","Test":"TestPhioptIntegerNestedBranches/amd64/uint64/nested/true=1/compare=0/equal=true","Elapsed":0}
{"Time":"2026-10-03T22:45:35.379663-03:00","Action":"run","Package":"cmd/compile/internal/ssacompile","Test":"TestPhioptIntegerNestedBranches/amd64/uint64/nested/true=1/compare=1/equal=false"}
{"Time":"2026-10-03T22:45:35.379666-03:00","Action":"output","Package":"cmd/compile/internal/ssacompile","Test":"TestPhioptIntegerNestedBranches/amd64/uint64/nested/true=1/compare=1/equal=false","Output":"=== RUN   TestPhioptIntegerNestedBranches/amd64/uint64/nested/true=1/compare=1/equal=false\n","OutputType":"frame"}
{"Time":"2026-10-03T22:45:35.379669-03:00","Action":"output","Package":"cmd/compile/internal/ssacompile","Test":"TestPhioptIntegerNestedBranches/amd64/uint64/nested/true=1/compare=1/equal=false","Output":"--- PASS: TestPhioptIntegerNestedBranches/amd64/uint64/nested/true=1/compare=1/equal=false (0.00s)\n","OutputType":"frame"}
{"Time":"2026-10-03T22:45:35.379672-03:00","Action":"pass","Package":"cmd/compile/internal/ssacompile","Test":"TestPhioptIntegerNestedBranches/amd64/uint64/nested/true=1/compare=1/equal=false","Elapsed":0}
{"Time":"2026-10-03T22:45:35.379674-03:00","Action":"run","Package":"cmd/compile/internal/ssacompile","Test":"TestPhioptIntegerNestedBranches/amd64/uint64/nested/true=1/compare=1/equal=true"}
{"Time":"2026-10-03T22:45:35.379677-03:00","Action":"output","Package":"cmd/compile/internal/ssacompile","Test":"TestPhioptIntegerNestedBranches/amd64/uint64/nested/true=1/compare=1/equal=true","Output":"=== RUN   TestPhioptIntegerNestedBranches/amd64/uint64/nested/true=1/compare=1/equal=true\n","OutputType":"frame"}
{"Time":"2026-10-03T22:45:35.379783-03:00","Action":"output","Package":"cmd/compile/internal/ssacompile","Test":"TestPhioptIntegerNestedBranches/amd64/uint64/nested/true=1/compare=1/equal=true","Output":"--- PASS: TestPhioptIntegerNestedBranches/amd64/uint64/nested/true=1/compare=1/equal=true (0.00s)\n","OutputType":"frame"}
{"Time":"2026-10-03T22:45:35.379798-03:00","Action":"pass","Package":"cmd/compile/internal/ssacompile","Test":"TestPhioptIntegerNestedBranches/amd64/uint64/nested/true=1/compare=1/equal=true","Elapsed":0}
{"Time":"2026-10-03T22:45:35.379808-03:00","Action":"run","Package":"cmd/compile/internal/ssacompile","Test":"TestPhioptIntegerNestedBranches/amd64/uint64/direct-true/true=0/compare=0/equal=false"}
{"Time":"2026-10-03T22:45:35.379815-03:00","Action":"output","Package":"cmd/compile/internal/ssacompile","Test":"TestPhioptIntegerNestedBranches/amd64/uint64/direct-true/true=0/compare=0/equal=false","Output":"=== RUN   TestPhioptIntegerNestedBranches/amd64/uint64/direct-true/true=0/compare=0/equal=false\n","OutputType":"frame"}
{"Time":"2026-10-03T22:45:35.379898-03:00","Action":"output","Package":"cmd/compile/internal/ssacompile","Test":"TestPhioptIntegerNestedBranches/amd64/uint64/direct-true/true=0/compare=0/equal=false","Output":"--- PASS: TestPhioptIntegerNestedBranches/amd64/uint64/direct-true/true=0/compare=0/equal=false (0.00s)\n","OutputType":"frame"}
{"Time":"2026-10-03T22:45:35.379911-03:00","Action":"pass","Package":"cmd/compile/internal/ssacompile","Test":"TestPhioptIntegerNestedBranches/amd64/uint64/direct-true/true=0/compare=0/equal=false","Elapsed":0}
{"Time":"2026-10-03T22:45:35.379915-03:00","Action":"run","Package":"cmd/compile/internal/ssacompile","Test":"TestPhioptIntegerNestedBranches/amd64/uint64/direct-true/true=0/compare=0/equal=true"}
{"Time":"2026-10-03T22:45:35.379918-03:00","Action":"output","Package":"cmd/compile/internal/ssacompile","Test":"TestPhioptIntegerNestedBranches/amd64/uint64/direct-true/true=0/compare=0/equal=true","Output":"=== RUN   TestPhioptIntegerNestedBranches/amd64/uint64/direct-true/true=0/compare=0/equal=true\n","OutputType":"frame"}
{"Time":"2026-10-03T22:45:35.379926-03:00","Action":"output","Package":"cmd/compile/internal/ssacompile","Test":"TestPhioptIntegerNestedBranches/amd64/uint64/direct-true/true=0/compare=0/equal=true","Output":"--- PASS: TestPhioptIntegerNestedBranches/amd64/uint64/direct-true/true=0/compare=0/equal=true (0.00s)\n","OutputType":"frame"}
{"Time":"2026-10-03T22:45:35.379929-03:00","Action":"pass","Package":"cmd/compile/internal/ssacompile","Test":"TestPhioptIntegerNestedBranches/amd64/uint64/direct-true/true=0/compare=0/equal=true","Elapsed":0}
{"Time":"2026-10-03T22:45:35.379932-03:00","Action":"run","Package":"cmd/compile/internal/ssacompile","Test":"TestPhioptIntegerNestedBranches/amd64/uint64/direct-true/true=0/compare=1/equal=false"}
{"Time":"2026-10-03T22:45:35.379934-03:00","Action":"output","Package":"cmd/compile/internal/ssacompile","Test":"TestPhioptIntegerNestedBranches/amd64/uint64/direct-true/true=0/compare=1/equal=false","Output":"=== RUN   TestPhioptIntegerNestedBranches/amd64/uint64/direct-true/true=0/compare=1/equal=false\n","OutputType":"frame"}
{"Time":"2026-10-03T22:45:35.379937-03:00","Action":"output","Package":"cmd/compile/internal/ssacompile","Test":"TestPhioptIntegerNestedBranches/amd64/uint64/direct-true/true=0/compare=1/equal=false","Output":"--- PASS: TestPhioptIntegerNestedBranches/amd64/uint64/direct-true/true=0/compare=1/equal=false (0.00s)\n","OutputType":"frame"}
{"Time":"2026-10-03T22:45:35.37994-03:00","Action":"pass","Package":"cmd/compile/internal/ssacompile","Test":"TestPhioptIntegerNestedBranches/amd64/uint64/direct-true/true=0/compare=1/equal=false","Elapsed":0}
{"Time":"2026-10-03T22:45:35.379943-03:00","Action":"run","Package":"cmd/compile/internal/ssacompile","Test":"TestPhioptIntegerNestedBranches/amd64/uint64/direct-true/true=0/compare=1/equal=true"}
{"Time":"2026-10-03T22:45:35.379945-03:00","Action":"output","Package":"cmd/compile/internal/ssacompile","Test":"TestPhioptIntegerNestedBranches/amd64/uint64/direct-true/true=0/compare=1/equal=true","Output":"=== RUN   TestPhioptIntegerNestedBranches/amd64/uint64/direct-true/true=0/compare=1/equal=true\n","OutputType":"frame"}
{"Time":"2026-10-03T22:45:35.379948-03:00","Action":"output","Package":"cmd/compile/internal/ssacompile","Test":"TestPhioptIntegerNestedBranches/amd64/uint64/direct-true/true=0/compare=1/equal=true","Output":"--- PASS: TestPhioptIntegerNestedBranches/amd64/uint64/direct-true/true=0/compare=1/equal=true (0.00s)\n","OutputType":"frame"}
{"Time":"2026-10-03T22:45:35.379951-03:00","Action":"pass","Package":"cmd/compile/internal/ssacompile","Test":"TestPhioptIntegerNestedBranches/amd64/uint64/direct-true/true=0/compare=1/equal=true","Elapsed":0}
{"Time":"2026-10-03T22:45:35.379953-03:00","Action":"run","Package":"cmd/compile/internal/ssacompile","Test":"TestPhioptIntegerNestedBranches/amd64/uint64/direct-true/true=1/compare=0/equal=false"}
{"Time":"2026-10-03T22:45:35.379955-03:00","Action":"output","Package":"cmd/compile/internal/ssacompile","Test":"TestPhioptIntegerNestedBranches/amd64/uint64/direct-true/true=1/compare=0/equal=false","Output":"=== RUN   TestPhioptIntegerNestedBranches/amd64/uint64/direct-true/true=1/compare=0/equal=false\n","OutputType":"frame"}
{"Time":"2026-10-03T22:45:35.379959-03:00","Action":"output","Package":"cmd/compile/internal/ssacompile","Test":"TestPhioptIntegerNestedBranches/amd64/uint64/direct-true/true=1/compare=0/equal=false","Output":"--- PASS: TestPhioptIntegerNestedBranches/amd64/uint64/direct-true/true=1/compare=0/equal=false (0.00s)\n","OutputType":"frame"}
{"Time":"2026-10-03T22:45:35.379961-03:00","Action":"pass","Package":"cmd/compile/internal/ssacompile","Test":"TestPhioptIntegerNestedBranches/amd64/uint64/direct-true/true=1/compare=0/equal=false","Elapsed":0}
{"Time":"2026-10-03T22:45:35.379964-03:00","Action":"run","Package":"cmd/compile/internal/ssacompile","Test":"TestPhioptIntegerNestedBranches/amd64/uint64/direct-true/true=1/compare=0/equal=true"}
{"Time":"2026-10-03T22:45:35.379966-03:00","Action":"output","Package":"cmd/compile/internal/ssacompile","Test":"TestPhioptIntegerNestedBranches/amd64/uint64/direct-true/true=1/compare=0/equal=true","Output":"=== RUN   TestPhioptIntegerNestedBranches/amd64/uint64/direct-true/true=1/compare=0/equal=true\n","OutputType":"frame"}
{"Time":"2026-10-03T22:45:35.379969-03:00","Action":"output","Package":"cmd/compile/internal/ssacompile","Test":"TestPhioptIntegerNestedBranches/amd64/uint64/direct-true/true=1/compare=0/equal=true","Output":"--- PASS: TestPhioptIntegerNestedBranches/amd64/uint64/direct-true/true=1/compare=0/equal=true (0.00s)\n","OutputType":"frame"}
{"Time":"2026-10-03T22:45:35.379971-03:00","Action":"pass","Package":"cmd/compile/internal/ssacompile","Test":"TestPhioptIntegerNestedBranches/amd64/uint64/direct-true/true=1/compare=0/equal=true","Elapsed":0}
{"Time":"2026-10-03T22:45:35.379973-03:00","Action":"run","Package":"cmd/compile/internal/ssacompile","Test":"TestPhioptIntegerNestedBranches/amd64/uint64/direct-true/true=1/compare=1/equal=false"}
{"Time":"2026-10-03T22:45:35.379976-03:00","Action":"output","Package":"cmd/compile/internal/ssacompile","Test":"TestPhioptIntegerNestedBranches/amd64/uint64/direct-true/true=1/compare=1/equal=false","Output":"=== RUN   TestPhioptIntegerNestedBranches/amd64/uint64/direct-true/true=1/compare=1/equal=false\n","OutputType":"frame"}
{"Time":"2026-10-03T22:45:35.379979-03:00","Action":"output","Package":"cmd/compile/internal/ssacompile","Test":"TestPhioptIntegerNestedBranches/amd64/uint64/direct-true/true=1/compare=1/equal=false","Output":"--- PASS: TestPhioptIntegerNestedBranches/amd64/uint64/direct-true/true=1/compare=1/equal=false (0.00s)\n","OutputType":"frame"}
{"Time":"2026-10-03T22:45:35.379981-03:00","Action":"pass","Package":"cmd/compile/internal/ssacompile","Test":"TestPhioptIntegerNestedBranches/amd64/uint64/direct-true/true=1/compare=1/equal=false","Elapsed":0}
{"Time":"2026-10-03T22:45:35.379984-03:00","Action":"run","Package":"cmd/compile/internal/ssacompile","Test":"TestPhioptIntegerNestedBranches/amd64/uint64/direct-true/true=1/compare=1/equal=true"}
{"Time":"2026-10-03T22:45:35.379986-03:00","Action":"output","Package":"cmd/compile/internal/ssacompile","Test":"TestPhioptIntegerNestedBranches/amd64/uint64/direct-true/true=1/compare=1/equal=true","Output":"=== RUN   TestPhioptIntegerNestedBranches/amd64/uint64/direct-true/true=1/compare=1/equal=true\n","OutputType":"frame"}
{"Time":"2026-10-03T22:45:35.379989-03:00","Action":"output","Package":"cmd/compile/internal/ssacompile","Test":"TestPhioptIntegerNestedBranches/amd64/uint64/direct-true/true=1/compare=1/equal=true","Output":"--- PASS: TestPhioptIntegerNestedBranches/amd64/uint64/direct-true/true=1/compare=1/equal=true (0.00s)\n","OutputType":"frame"}
{"Time":"2026-10-03T22:45:35.379991-03:00","Action":"pass","Package":"cmd/compile/internal/ssacompile","Test":"TestPhioptIntegerNestedBranches/amd64/uint64/direct-true/true=1/compare=1/equal=true","Elapsed":0}
{"Time":"2026-10-03T22:45:35.380002-03:00","Action":"run","Package":"cmd/compile/internal/ssacompile","Test":"TestPhioptIntegerNestedBranches/amd64/uint64/direct-false/true=0/compare=0/equal=false"}
{"Time":"2026-10-03T22:45:35.380005-03:00","Action":"output","Package":"cmd/compile/internal/ssacompile","Test":"TestPhioptIntegerNestedBranches/amd64/uint64/direct-false/true=0/compare=0/equal=false","Output":"=== RUN   TestPhioptIntegerNestedBranches/amd64/uint64/direct-false/true=0/compare=0/equal=false\n","OutputType":"frame"}
{"Time":"2026-10-03T22:45:35.380008-03:00","Action":"output","Package":"cmd/compile/internal/ssacompile","Test":"TestPhioptIntegerNestedBranches/amd64/uint64/direct-false/true=0/compare=0/equal=false","Output":"--- PASS: TestPhioptIntegerNestedBranches/amd64/uint64/direct-false/true=0/compare=0/equal=false (0.00s)\n","OutputType":"frame"}
{"Time":"2026-10-03T22:45:35.38001-03:00","Action":"pass","Package":"cmd/compile/internal/ssacompile","Test":"TestPhioptIntegerNestedBranches/amd64/uint64/direct-false/true=0/compare=0/equal=false","Elapsed":0}
{"Time":"2026-10-03T22:45:35.380012-03:00","Action":"run","Package":"cmd/compile/internal/ssacompile","Test":"TestPhioptIntegerNestedBranches/amd64/uint64/direct-false/true=0/compare=0/equal=true"}
{"Time":"2026-10-03T22:45:35.380015-03:00","Action":"output","Package":"cmd/compile/internal/ssacompile","Test":"TestPhioptIntegerNestedBranches/amd64/uint64/direct-false/true=0/compare=0/equal=true","Output":"=== RUN   TestPhioptIntegerNestedBranches/amd64/uint64/direct-false/true=0/compare=0/equal=true\n","OutputType":"frame"}
{"Time":"2026-10-03T22:45:35.380017-03:00","Action":"output","Package":"cmd/compile/internal/ssacompile","Test":"TestPhioptIntegerNestedBranches/amd64/uint64/direct-false/true=0/compare=0/equal=true","Output":"--- PASS: TestPhioptIntegerNestedBranches/amd64/uint64/direct-false/true=0/compare=0/equal=true (0.00s)\n","OutputType":"frame"}
{"Time":"2026-10-03T22:45:35.38002-03:00","Action":"pass","Package":"cmd/compile/internal/ssacompile","Test":"TestPhioptIntegerNestedBranches/amd64/uint64/direct-false/true=0/compare=0/equal=true","Elapsed":0}
{"Time":"2026-10-03T22:45:35.380023-03:00","Action":"run","Package":"cmd/compile/internal/ssacompile","Test":"TestPhioptIntegerNestedBranches/amd64/uint64/direct-false/true=0/compare=1/equal=false"}
{"Time":"2026-10-03T22:45:35.380025-03:00","Action":"output","Package":"cmd/compile/internal/ssacompile","Test":"TestPhioptIntegerNestedBranches/amd64/uint64/direct-false/true=0/compare=1/equal=false","Output":"=== RUN   TestPhioptIntegerNestedBranches/amd64/uint64/direct-false/true=0/compare=1/equal=false\n","OutputType":"frame"}
{"Time":"2026-10-03T22:45:35.380029-03:00","Action":"output","Package":"cmd/compile/internal/ssacompile","Test":"TestPhioptIntegerNestedBranches/amd64/uint64/direct-false/true=0/compare=1/equal=false","Output":"--- PASS: TestPhioptIntegerNestedBranches/amd64/uint64/direct-false/true=0/compare=1/equal=false (0.00s)\n","OutputType":"frame"}
{"Time":"2026-10-03T22:45:35.380033-03:00","Action":"pass","Package":"cmd/compile/internal/ssacompile","Test":"TestPhioptIntegerNestedBranches/amd64/uint64/direct-false/true=0/compare=1/equal=false","Elapsed":0}
{"Time":"2026-10-03T22:45:35.380035-03:00","Action":"run","Package":"cmd/compile/internal/ssacompile","Test":"TestPhioptIntegerNestedBranches/amd64/uint64/direct-false/true=0/compare=1/equal=true"}
{"Time":"2026-10-03T22:45:35.380038-03:00","Action":"output","Package":"cmd/compile/internal/ssacompile","Test":"TestPhioptIntegerNestedBranches/amd64/uint64/direct-false/true=0/compare=1/equal=true","Output":"=== RUN   TestPhioptIntegerNestedBranches/amd64/uint64/direct-false/true=0/compare=1/equal=true\n","OutputType":"frame"}
{"Time":"2026-10-03T22:45:35.380041-03:00","Action":"output","Package":"cmd/compile/internal/ssacompile","Test":"TestPhioptIntegerNestedBranches/amd64/uint64/direct-false/true=0/compare=1/equal=true","Output":"--- PASS: TestPhioptIntegerNestedBranches/amd64/uint64/direct-false/true=0/compare=1/equal=true (0.00s)\n","OutputType":"frame"}
{"Time":"2026-10-03T22:45:35.380044-03:00","Action":"pass","Package":"cmd/compile/internal/ssacompile","Test":"TestPhioptIntegerNestedBranches/amd64/uint64/direct-false/true=0/compare=1/equal=true","Elapsed":0}
{"Time":"2026-10-03T22:45:35.380046-03:00","Action":"run","Package":"cmd/compile/internal/ssacompile","Test":"TestPhioptIntegerNestedBranches/amd64/uint64/direct-false/true=1/compare=0/equal=false"}
{"Time":"2026-10-03T22:45:35.380048-03:00","Action":"output","Package":"cmd/compile/internal/ssacompile","Test":"TestPhioptIntegerNestedBranches/amd64/uint64/direct-false/true=1/compare=0/equal=false","Output":"=== RUN   TestPhioptIntegerNestedBranches/amd64/uint64/direct-false/true=1/compare=0/equal=false\n","OutputType":"frame"}
{"Time":"2026-10-03T22:45:35.380051-03:00","Action":"output","Package":"cmd/compile/internal/ssacompile","Test":"TestPhioptIntegerNestedBranches/amd64/uint64/direct-false/true=1/compare=0/equal=false","Output":"--- PASS: TestPhioptIntegerNestedBranches/amd64/uint64/direct-false/true=1/compare=0/equal=false (0.00s)\n","OutputType":"frame"}
{"Time":"2026-10-03T22:45:35.380053-03:00","Action":"pass","Package":"cmd/compile/internal/ssacompile","Test":"TestPhioptIntegerNestedBranches/amd64/uint64/direct-false/true=1/compare=0/equal=false","Elapsed":0}
{"Time":"2026-10-03T22:45:35.380057-03:00","Action":"run","Package":"cmd/compile/internal/ssacompile","Test":"TestPhioptIntegerNestedBranches/amd64/uint64/direct-false/true=1/compare=0/equal=true"}
{"Time":"2026-10-03T22:45:35.380061-03:00","Action":"output","Package":"cmd/compile/internal/ssacompile","Test":"TestPhioptIntegerNestedBranches/amd64/uint64/direct-false/true=1/compare=0/equal=true","Output":"=== RUN   TestPhioptIntegerNestedBranches/amd64/uint64/direct-false/true=1/compare=0/equal=true\n","OutputType":"frame"}
{"Time":"2026-10-03T22:45:35.380064-03:00","Action":"output","Package":"cmd/compile/internal/ssacompile","Test":"TestPhioptIntegerNestedBranches/amd64/uint64/direct-false/true=1/compare=0/equal=true","Output":"--- PASS: TestPhioptIntegerNestedBranches/amd64/uint64/direct-false/true=1/compare=0/equal=true (0.00s)\n","OutputType":"frame"}
{"Time":"2026-10-03T22:45:35.380066-03:00","Action":"pass","Package":"cmd/compile/internal/ssacompile","Test":"TestPhioptIntegerNestedBranches/amd64/uint64/direct-false/true=1/compare=0/equal=true","Elapsed":0}
{"Time":"2026-10-03T22:45:35.380069-03:00","Action":"run","Package":"cmd/compile/internal/ssacompile","Test":"TestPhioptIntegerNestedBranches/amd64/uint64/direct-false/true=1/compare=1/equal=false"}
{"Time":"2026-10-03T22:45:35.380071-03:00","Action":"output","Package":"cmd/compile/internal/ssacompile","Test":"TestPhioptIntegerNestedBranches/amd64/uint64/direct-false/true=1/compare=1/equal=false","Output":"=== RUN   TestPhioptIntegerNestedBranches/amd64/uint64/direct-false/true=1/compare=1/equal=false\n","OutputType":"frame"}
{"Time":"2026-10-03T22:45:35.380152-03:00","Action":"output","Package":"cmd/compile/internal/ssacompile","Test":"TestPhioptIntegerNestedBranches/amd64/uint64/direct-false/true=1/compare=1/equal=false","Output":"--- PASS: TestPhioptIntegerNestedBranches/amd64/uint64/direct-false/true=1/compare=1/equal=false (0.00s)\n","OutputType":"frame"}
{"Time":"2026-10-03T22:45:35.380169-03:00","Action":"pass","Package":"cmd/compile/internal/ssacompile","Test":"TestPhioptIntegerNestedBranches/amd64/uint64/direct-false/true=1/compare=1/equal=false","Elapsed":0}
{"Time":"2026-10-03T22:45:35.380185-03:00","Action":"run","Package":"cmd/compile/internal/ssacompile","Test":"TestPhioptIntegerNestedBranches/amd64/uint64/direct-false/true=1/compare=1/equal=true"}
{"Time":"2026-10-03T22:45:35.380194-03:00","Action":"output","Package":"cmd/compile/internal/ssacompile","Test":"TestPhioptIntegerNestedBranches/amd64/uint64/direct-false/true=1/compare=1/equal=true","Output":"=== RUN   TestPhioptIntegerNestedBranches/amd64/uint64/direct-false/true=1/compare=1/equal=true\n","OutputType":"frame"}
{"Time":"2026-10-03T22:45:35.380216-03:00","Action":"output","Package":"cmd/compile/internal/ssacompile","Test":"TestPhioptIntegerNestedBranches/amd64/uint64/direct-false/true=1/compare=1/equal=true","Output":"--- PASS: TestPhioptIntegerNestedBranches/amd64/uint64/direct-false/true=1/compare=1/equal=true (0.00s)\n","OutputType":"frame"}
{"Time":"2026-10-03T22:45:35.380224-03:00","Action":"pass","Package":"cmd/compile/internal/ssacompile","Test":"TestPhioptIntegerNestedBranches/amd64/uint64/direct-false/true=1/compare=1/equal=true","Elapsed":0}
{"Time":"2026-10-03T22:45:35.380228-03:00","Action":"output","Package":"cmd/compile/internal/ssacompile","Test":"TestPhioptIntegerNestedBranches/amd64","Output":"--- PASS: TestPhioptIntegerNestedBranches/amd64 (0.00s)\n","OutputType":"frame"}
{"Time":"2026-10-03T22:45:35.380231-03:00","Action":"pass","Package":"cmd/compile/internal/ssacompile","Test":"TestPhioptIntegerNestedBranches/amd64","Elapsed":0}
{"Time":"2026-10-03T22:45:35.380235-03:00","Action":"run","Package":"cmd/compile/internal/ssacompile","Test":"TestPhioptIntegerNestedBranches/arm64"}
{"Time":"2026-10-03T22:45:35.380238-03:00","Action":"output","Package":"cmd/compile/internal/ssacompile","Test":"TestPhioptIntegerNestedBranches/arm64","Output":"=== RUN   TestPhioptIntegerNestedBranches/arm64\n","OutputType":"frame"}
{"Time":"2026-10-03T22:45:35.38143-03:00","Action":"run","Package":"cmd/compile/internal/ssacompile","Test":"TestPhioptIntegerNestedBranches/arm64/int8/nested/true=0/compare=0/equal=false"}
{"Time":"2026-10-03T22:45:35.381435-03:00","Action":"output","Package":"cmd/compile/internal/ssacompile","Test":"TestPhioptIntegerNestedBranches/arm64/int8/nested/true=0/compare=0/equal=false","Output":"=== RUN   TestPhioptIntegerNestedBranches/arm64/int8/nested/true=0/compare=0/equal=false\n","OutputType":"frame"}
{"Time":"2026-10-03T22:45:35.381439-03:00","Action":"output","Package":"cmd/compile/internal/ssacompile","Test":"TestPhioptIntegerNestedBranches/arm64/int8/nested/true=0/compare=0/equal=false","Output":"--- PASS: TestPhioptIntegerNestedBranches/arm64/int8/nested/true=0/compare=0/equal=false (0.00s)\n","OutputType":"frame"}
{"Time":"2026-10-03T22:45:35.381443-03:00","Action":"pass","Package":"cmd/compile/internal/ssacompile","Test":"TestPhioptIntegerNestedBranches/arm64/int8/nested/true=0/compare=0/equal=false","Elapsed":0}
{"Time":"2026-10-03T22:45:35.381446-03:00","Action":"run","Package":"cmd/compile/internal/ssacompile","Test":"TestPhioptIntegerNestedBranches/arm64/int8/nested/true=0/compare=0/equal=true"}
{"Time":"2026-10-03T22:45:35.381449-03:00","Action":"output","Package":"cmd/compile/internal/ssacompile","Test":"TestPhioptIntegerNestedBranches/arm64/int8/nested/true=0/compare=0/equal=true","Output":"=== RUN   TestPhioptIntegerNestedBranches/arm64/int8/nested/true=0/compare=0/equal=true\n","OutputType":"frame"}
{"Time":"2026-10-03T22:45:35.381455-03:00","Action":"output","Package":"cmd/compile/internal/ssacompile","Test":"TestPhioptIntegerNestedBranches/arm64/int8/nested/true=0/compare=0/equal=true","Output":"--- PASS: TestPhioptIntegerNestedBranches/arm64/int8/nested/true=0/compare=0/equal=true (0.00s)\n","OutputType":"frame"}
{"Time":"2026-10-03T22:45:35.381458-03:00","Action":"pass","Package":"cmd/compile/internal/ssacompile","Test":"TestPhioptIntegerNestedBranches/arm64/int8/nested/true=0/compare=0/equal=true","Elapsed":0}
{"Time":"2026-10-03T22:45:35.381461-03:00","Action":"run","Package":"cmd/compile/internal/ssacompile","Test":"TestPhioptIntegerNestedBranches/arm64/int8/nested/true=0/compare=1/equal=false"}
{"Time":"2026-10-03T22:45:35.381464-03:00","Action":"output","Package":"cmd/compile/internal/ssacompile","Test":"TestPhioptIntegerNestedBranches/arm64/int8/nested/true=0/compare=1/equal=false","Output":"=== RUN   TestPhioptIntegerNestedBranches/arm64/int8/nested/true=0/compare=1/equal=false\n","OutputType":"frame"}
{"Time":"2026-10-03T22:45:35.381467-03:00","Action":"output","Package":"cmd/compile/internal/ssacompile","Test":"TestPhioptIntegerNestedBranches/arm64/int8/nested/true=0/compare=1/equal=false","Output":"--- PASS: TestPhioptIntegerNestedBranches/arm64/int8/nested/true=0/compare=1/equal=false (0.00s)\n","OutputType":"frame"}
{"Time":"2026-10-03T22:45:35.381477-03:00","Action":"pass","Package":"cmd/compile/internal/ssacompile","Test":"TestPhioptIntegerNestedBranches/arm64/int8/nested/true=0/compare=1/equal=false","Elapsed":0}
{"Time":"2026-10-03T22:45:35.381481-03:00","Action":"run","Package":"cmd/compile/internal/ssacompile","Test":"TestPhioptIntegerNestedBranches/arm64/int8/nested/true=0/compare=1/equal=true"}
{"Time":"2026-10-03T22:45:35.381483-03:00","Action":"output","Package":"cmd/compile/internal/ssacompile","Test":"TestPhioptIntegerNestedBranches/arm64/int8/nested/true=0/compare=1/equal=true","Output":"=== RUN   TestPhioptIntegerNestedBranches/arm64/int8/nested/true=0/compare=1/equal=true\n","OutputType":"frame"}
{"Time":"2026-10-03T22:45:35.381487-03:00","Action":"output","Package":"cmd/compile/internal/ssacompile","Test":"TestPhioptIntegerNestedBranches/arm64/int8/nested/true=0/compare=1/equal=true","Output":"--- PASS: TestPhioptIntegerNestedBranches/arm64/int8/nested/true=0/compare=1/equal=true (0.00s)\n","OutputType":"frame"}
{"Time":"2026-10-03T22:45:35.381489-03:00","Action":"pass","Package":"cmd/compile/internal/ssacompile","Test":"TestPhioptIntegerNestedBranches/arm64/int8/nested/true=0/compare=1/equal=true","Elapsed":0}
{"Time":"2026-10-03T22:45:35.381492-03:00","Action":"run","Package":"cmd/compile/internal/ssacompile","Test":"TestPhioptIntegerNestedBranches/arm64/int8/nested/true=1/compare=0/equal=false"}
{"Time":"2026-10-03T22:45:35.381494-03:00","Action":"output","Package":"cmd/compile/internal/ssacompile","Test":"TestPhioptIntegerNestedBranches/arm64/int8/nested/true=1/compare=0/equal=false","Output":"=== RUN   TestPhioptIntegerNestedBranches/arm64/int8/nested/true=1/compare=0/equal=false\n","OutputType":"frame"}
{"Time":"2026-10-03T22:45:35.381497-03:00","Action":"output","Package":"cmd/compile/internal/ssacompile","Test":"TestPhioptIntegerNestedBranches/arm64/int8/nested/true=1/compare=0/equal=false","Output":"--- PASS: TestPhioptIntegerNestedBranches/arm64/int8/nested/true=1/compare=0/equal=false (0.00s)\n","OutputType":"frame"}
{"Time":"2026-10-03T22:45:35.3815-03:00","Action":"pass","Package":"cmd/compile/internal/ssacompile","Test":"TestPhioptIntegerNestedBranches/arm64/int8/nested/true=1/compare=0/equal=false","Elapsed":0}
{"Time":"2026-10-03T22:45:35.381502-03:00","Action":"run","Package":"cmd/compile/internal/ssacompile","Test":"TestPhioptIntegerNestedBranches/arm64/int8/nested/true=1/compare=0/equal=true"}
{"Time":"2026-10-03T22:45:35.381505-03:00","Action":"output","Package":"cmd/compile/internal/ssacompile","Test":"TestPhioptIntegerNestedBranches/arm64/int8/nested/true=1/compare=0/equal=true","Output":"=== RUN   TestPhioptIntegerNestedBranches/arm64/int8/nested/true=1/compare=0/equal=true\n","OutputType":"frame"}
{"Time":"2026-10-03T22:45:35.381508-03:00","Action":"output","Package":"cmd/compile/internal/ssacompile","Test":"TestPhioptIntegerNestedBranches/arm64/int8/nested/true=1/compare=0/equal=true","Output":"--- PASS: TestPhioptIntegerNestedBranches/arm64/int8/nested/true=1/compare=0/equal=true (0.00s)\n","OutputType":"frame"}
{"Time":"2026-10-03T22:45:35.38151-03:00","Action":"pass","Package":"cmd/compile/internal/ssacompile","Test":"TestPhioptIntegerNestedBranches/arm64/int8/nested/true=1/compare=0/equal=true","Elapsed":0}
{"Time":"2026-10-03T22:45:35.381513-03:00","Action":"run","Package":"cmd/compile/internal/ssacompile","Test":"TestPhioptIntegerNestedBranches/arm64/int8/nested/true=1/compare=1/equal=false"}
{"Time":"2026-10-03T22:45:35.381515-03:00","Action":"output","Package":"cmd/compile/internal/ssacompile","Test":"TestPhioptIntegerNestedBranches/arm64/int8/nested/true=1/compare=1/equal=false","Output":"=== RUN   TestPhioptIntegerNestedBranches/arm64/int8/nested/true=1/compare=1/equal=false\n","OutputType":"frame"}
{"Time":"2026-10-03T22:45:35.381518-03:00","Action":"output","Package":"cmd/compile/internal/ssacompile","Test":"TestPhioptIntegerNestedBranches/arm64/int8/nested/true=1/compare=1/equal=false","Output":"--- PASS: TestPhioptIntegerNestedBranches/arm64/int8/nested/true=1/compare=1/equal=false (0.00s)\n","OutputType":"frame"}
{"Time":"2026-10-03T22:45:35.38152-03:00","Action":"pass","Package":"cmd/compile/internal/ssacompile","Test":"TestPhioptIntegerNestedBranches/arm64/int8/nested/true=1/compare=1/equal=false","Elapsed":0}
{"Time":"2026-10-03T22:45:35.381528-03:00","Action":"run","Package":"cmd/compile/internal/ssacompile","Test":"TestPhioptIntegerNestedBranches/arm64/int8/nested/true=1/compare=1/equal=true"}
{"Time":"2026-10-03T22:45:35.38153-03:00","Action":"output","Package":"cmd/compile/internal/ssacompile","Test":"TestPhioptIntegerNestedBranches/arm64/int8/nested/true=1/compare=1/equal=true","Output":"=== RUN   TestPhioptIntegerNestedBranches/arm64/int8/nested/true=1/compare=1/equal=true\n","OutputType":"frame"}
{"Time":"2026-10-03T22:45:35.381534-03:00","Action":"output","Package":"cmd/compile/internal/ssacompile","Test":"TestPhioptIntegerNestedBranches/arm64/int8/nested/true=1/compare=1/equal=true","Output":"--- PASS: TestPhioptIntegerNestedBranches/arm64/int8/nested/true=1/compare=1/equal=true (0.00s)\n","OutputType":"frame"}
{"Time":"2026-10-03T22:45:35.381536-03:00","Action":"pass","Package":"cmd/compile/internal/ssacompile","Test":"TestPhioptIntegerNestedBranches/arm64/int8/nested/true=1/compare=1/equal=true","Elapsed":0}
{"Time":"2026-10-03T22:45:35.381538-03:00","Action":"run","Package":"cmd/compile/internal/ssacompile","Test":"TestPhioptIntegerNestedBranches/arm64/int8/direct-true/true=0/compare=0/equal=false"}
{"Time":"2026-10-03T22:45:35.381541-03:00","Action":"output","Package":"cmd/compile/internal/ssacompile","Test":"TestPhioptIntegerNestedBranches/arm64/int8/direct-true/true=0/compare=0/equal=false","Output":"=== RUN   TestPhioptIntegerNestedBranches/arm64/int8/direct-true/true=0/compare=0/equal=false\n","OutputType":"frame"}
{"Time":"2026-10-03T22:45:35.381614-03:00","Action":"output","Package":"cmd/compile/internal/ssacompile","Test":"TestPhioptIntegerNestedBranches/arm64/int8/direct-true/true=0/compare=0/equal=false","Output":"--- PASS: TestPhioptIntegerNestedBranches/arm64/int8/direct-true/true=0/compare=0/equal=false (0.00s)\n","OutputType":"frame"}
{"Time":"2026-10-03T22:45:35.381643-03:00","Action":"pass","Package":"cmd/compile/internal/ssacompile","Test":"TestPhioptIntegerNestedBranches/arm64/int8/direct-true/true=0/compare=0/equal=false","Elapsed":0}
{"Time":"2026-10-03T22:45:35.381654-03:00","Action":"run","Package":"cmd/compile/internal/ssacompile","Test":"TestPhioptIntegerNestedBranches/arm64/int8/direct-true/true=0/compare=0/equal=true"}
{"Time":"2026-10-03T22:45:35.381662-03:00","Action":"output","Package":"cmd/compile/internal/ssacompile","Test":"TestPhioptIntegerNestedBranches/arm64/int8/direct-true/true=0/compare=0/equal=true","Output":"=== RUN   TestPhioptIntegerNestedBranches/arm64/int8/direct-true/true=0/compare=0/equal=true\n","OutputType":"frame"}
{"Time":"2026-10-03T22:45:35.381721-03:00","Action":"output","Package":"cmd/compile/internal/ssacompile","Test":"TestPhioptIntegerNestedBranches/arm64/int8/direct-true/true=0/compare=0/equal=true","Output":"--- PASS: TestPhioptIntegerNestedBranches/arm64/int8/direct-true/true=0/compare=0/equal=true (0.00s)\n","OutputType":"frame"}
{"Time":"2026-10-03T22:45:35.381754-03:00","Action":"pass","Package":"cmd/compile/internal/ssacompile","Test":"TestPhioptIntegerNestedBranches/arm64/int8/direct-true/true=0/compare=0/equal=true","Elapsed":0}
{"Time":"2026-10-03T22:45:35.381759-03:00","Action":"run","Package":"cmd/compile/internal/ssacompile","Test":"TestPhioptIntegerNestedBranches/arm64/int8/direct-true/true=0/compare=1/equal=false"}
{"Time":"2026-10-03T22:45:35.381762-03:00","Action":"output","Package":"cmd/compile/internal/ssacompile","Test":"TestPhioptIntegerNestedBranches/arm64/int8/direct-true/true=0/compare=1/equal=false","Output":"=== RUN   TestPhioptIntegerNestedBranches/arm64/int8/direct-true/true=0/compare=1/equal=false\n","OutputType":"frame"}
{"Time":"2026-10-03T22:45:35.381769-03:00","Action":"output","Package":"cmd/compile/internal/ssacompile","Test":"TestPhioptIntegerNestedBranches/arm64/int8/direct-true/true=0/compare=1/equal=false","Output":"--- PASS: TestPhioptIntegerNestedBranches/arm64/int8/direct-true/true=0/compare=1/equal=false (0.00s)\n","OutputType":"frame"}
{"Time":"2026-10-03T22:45:35.381773-03:00","Action":"pass","Package":"cmd/compile/internal/ssacompile","Test":"TestPhioptIntegerNestedBranches/arm64/int8/direct-true/true=0/compare=1/equal=false","Elapsed":0}
{"Time":"2026-10-03T22:45:35.381776-03:00","Action":"run","Package":"cmd/compile/internal/ssacompile","Test":"TestPhioptIntegerNestedBranches/arm64/int8/direct-true/true=0/compare=1/equal=true"}
{"Time":"2026-10-03T22:45:35.381779-03:00","Action":"output","Package":"cmd/compile/internal/ssacompile","Test":"TestPhioptIntegerNestedBranches/arm64/int8/direct-true/true=0/compare=1/equal=true","Output":"=== RUN   TestPhioptIntegerNestedBranches/arm64/int8/direct-true/true=0/compare=1/equal=true\n","OutputType":"frame"}
{"Time":"2026-10-03T22:45:35.381783-03:00","Action":"output","Package":"cmd/compile/internal/ssacompile","Test":"TestPhioptIntegerNestedBranches/arm64/int8/direct-true/true=0/compare=1/equal=true","Output":"--- PASS: TestPhioptIntegerNestedBranches/arm64/int8/direct-true/true=0/compare=1/equal=true (0.00s)\n","OutputType":"frame"}
{"Time":"2026-10-03T22:45:35.381786-03:00","Action":"pass","Package":"cmd/compile/internal/ssacompile","Test":"TestPhioptIntegerNestedBranches/arm64/int8/direct-true/true=0/compare=1/equal=true","Elapsed":0}
{"Time":"2026-10-03T22:45:35.38179-03:00","Action":"run","Package":"cmd/compile/internal/ssacompile","Test":"TestPhioptIntegerNestedBranches/arm64/int8/direct-true/true=1/compare=0/equal=false"}
{"Time":"2026-10-03T22:45:35.381793-03:00","Action":"output","Package":"cmd/compile/internal/ssacompile","Test":"TestPhioptIntegerNestedBranches/arm64/int8/direct-true/true=1/compare=0/equal=false","Output":"=== RUN   TestPhioptIntegerNestedBranches/arm64/int8/direct-true/true=1/compare=0/equal=false\n","OutputType":"frame"}
{"Time":"2026-10-03T22:45:35.381797-03:00","Action":"output","Package":"cmd/compile/internal/ssacompile","Test":"TestPhioptIntegerNestedBranches/arm64/int8/direct-true/true=1/compare=0/equal=false","Output":"--- PASS: TestPhioptIntegerNestedBranches/arm64/int8/direct-true/true=1/compare=0/equal=false (0.00s)\n","OutputType":"frame"}
{"Time":"2026-10-03T22:45:35.3818-03:00","Action":"pass","Package":"cmd/compile/internal/ssacompile","Test":"TestPhioptIntegerNestedBranches/arm64/int8/direct-true/true=1/compare=0/equal=false","Elapsed":0}
{"Time":"2026-10-03T22:45:35.381802-03:00","Action":"run","Package":"cmd/compile/internal/ssacompile","Test":"TestPhioptIntegerNestedBranches/arm64/int8/direct-true/true=1/compare=0/equal=true"}
{"Time":"2026-10-03T22:45:35.381808-03:00","Action":"output","Package":"cmd/compile/internal/ssacompile","Test":"TestPhioptIntegerNestedBranches/arm64/int8/direct-true/true=1/compare=0/equal=true","Output":"=== RUN   TestPhioptIntegerNestedBranches/arm64/int8/direct-true/true=1/compare=0/equal=true\n","OutputType":"frame"}
{"Time":"2026-10-03T22:45:35.381812-03:00","Action":"output","Package":"cmd/compile/internal/ssacompile","Test":"TestPhioptIntegerNestedBranches/arm64/int8/direct-true/true=1/compare=0/equal=true","Output":"--- PASS: TestPhioptIntegerNestedBranches/arm64/int8/direct-true/true=1/compare=0/equal=true (0.00s)\n","OutputType":"frame"}
{"Time":"2026-10-03T22:45:35.381814-03:00","Action":"pass","Package":"cmd/compile/internal/ssacompile","Test":"TestPhioptIntegerNestedBranches/arm64/int8/direct-true/true=1/compare=0/equal=true","Elapsed":0}
{"Time":"2026-10-03T22:45:35.381817-03:00","Action":"run","Package":"cmd/compile/internal/ssacompile","Test":"TestPhioptIntegerNestedBranches/arm64/int8/direct-true/true=1/compare=1/equal=false"}
{"Time":"2026-10-03T22:45:35.381819-03:00","Action":"output","Package":"cmd/compile/internal/ssacompile","Test":"TestPhioptIntegerNestedBranches/arm64/int8/direct-true/true=1/compare=1/equal=false","Output":"=== RUN   TestPhioptIntegerNestedBranches/arm64/int8/direct-true/true=1/compare=1/equal=false\n","OutputType":"frame"}
{"Time":"2026-10-03T22:45:35.381822-03:00","Action":"output","Package":"cmd/compile/internal/ssacompile","Test":"TestPhioptIntegerNestedBranches/arm64/int8/direct-true/true=1/compare=1/equal=false","Output":"--- PASS: TestPhioptIntegerNestedBranches/arm64/int8/direct-true/true=1/compare=1/equal=false (0.00s)\n","OutputType":"frame"}
{"Time":"2026-10-03T22:45:35.381825-03:00","Action":"pass","Package":"cmd/compile/internal/ssacompile","Test":"TestPhioptIntegerNestedBranches/arm64/int8/direct-true/true=1/compare=1/equal=false","Elapsed":0}
{"Time":"2026-10-03T22:45:35.381827-03:00","Action":"run","Package":"cmd/compile/internal/ssacompile","Test":"TestPhioptIntegerNestedBranches/arm64/int8/direct-true/true=1/compare=1/equal=true"}
{"Time":"2026-10-03T22:45:35.381829-03:00","Action":"output","Package":"cmd/compile/internal/ssacompile","Test":"TestPhioptIntegerNestedBranches/arm64/int8/direct-true/true=1/compare=1/equal=true","Output":"=== RUN   TestPhioptIntegerNestedBranches/arm64/int8/direct-true/true=1/compare=1/equal=true\n","OutputType":"frame"}
{"Time":"2026-10-03T22:45:35.381833-03:00","Action":"output","Package":"cmd/compile/internal/ssacompile","Test":"TestPhioptIntegerNestedBranches/arm64/int8/direct-true/true=1/compare=1/equal=true","Output":"--- PASS: TestPhioptIntegerNestedBranches/arm64/int8/direct-true/true=1/compare=1/equal=true (0.00s)\n","OutputType":"frame"}
{"Time":"2026-10-03T22:45:35.381835-03:00","Action":"pass","Package":"cmd/compile/internal/ssacompile","Test":"TestPhioptIntegerNestedBranches/arm64/int8/direct-true/true=1/compare=1/equal=true","Elapsed":0}
{"Time":"2026-10-03T22:45:35.381842-03:00","Action":"run","Package":"cmd/compile/internal/ssacompile","Test":"TestPhioptIntegerNestedBranches/arm64/int8/direct-false/true=0/compare=0/equal=false"}
{"Time":"2026-10-03T22:45:35.381844-03:00","Action":"output","Package":"cmd/compile/internal/ssacompile","Test":"TestPhioptIntegerNestedBranches/arm64/int8/direct-false/true=0/compare=0/equal=false","Output":"=== RUN   TestPhioptIntegerNestedBranches/arm64/int8/direct-false/true=0/compare=0/equal=false\n","OutputType":"frame"}
{"Time":"2026-10-03T22:45:35.381848-03:00","Action":"output","Package":"cmd/compile/internal/ssacompile","Test":"TestPhioptIntegerNestedBranches/arm64/int8/direct-false/true=0/compare=0/equal=false","Output":"--- PASS: TestPhioptIntegerNestedBranches/arm64/int8/direct-false/true=0/compare=0/equal=false (0.00s)\n","OutputType":"frame"}
{"Time":"2026-10-03T22:45:35.38185-03:00","Action":"pass","Package":"cmd/compile/internal/ssacompile","Test":"TestPhioptIntegerNestedBranches/arm64/int8/direct-false/true=0/compare=0/equal=false","Elapsed":0}
{"Time":"2026-10-03T22:45:35.381853-03:00","Action":"run","Package":"cmd/compile/internal/ssacompile","Test":"TestPhioptIntegerNestedBranches/arm64/int8/direct-false/true=0/compare=0/equal=true"}
{"Time":"2026-10-03T22:45:35.381855-03:00","Action":"output","Package":"cmd/compile/internal/ssacompile","Test":"TestPhioptIntegerNestedBranches/arm64/int8/direct-false/true=0/compare=0/equal=true","Output":"=== RUN   TestPhioptIntegerNestedBranches/arm64/int8/direct-false/true=0/compare=0/equal=true\n","OutputType":"frame"}
{"Time":"2026-10-03T22:45:35.381858-03:00","Action":"output","Package":"cmd/compile/internal/ssacompile","Test":"TestPhioptIntegerNestedBranches/arm64/int8/direct-false/true=0/compare=0/equal=true","Output":"--- PASS: TestPhioptIntegerNestedBranches/arm64/int8/direct-false/true=0/compare=0/equal=true (0.00s)\n","OutputType":"frame"}
{"Time":"2026-10-03T22:45:35.381861-03:00","Action":"pass","Package":"cmd/compile/internal/ssacompile","Test":"TestPhioptIntegerNestedBranches/arm64/int8/direct-false/true=0/compare=0/equal=true","Elapsed":0}
{"Time":"2026-10-03T22:45:35.381863-03:00","Action":"run","Package":"cmd/compile/internal/ssacompile","Test":"TestPhioptIntegerNestedBranches/arm64/int8/direct-false/true=0/compare=1/equal=false"}
{"Time":"2026-10-03T22:45:35.381866-03:00","Action":"output","Package":"cmd/compile/internal/ssacompile","Test":"TestPhioptIntegerNestedBranches/arm64/int8/direct-false/true=0/compare=1/equal=false","Output":"=== RUN   TestPhioptIntegerNestedBranches/arm64/int8/direct-false/true=0/compare=1/equal=false\n","OutputType":"frame"}
{"Time":"2026-10-03T22:45:35.38187-03:00","Action":"output","Package":"cmd/compile/internal/ssacompile","Test":"TestPhioptIntegerNestedBranches/arm64/int8/direct-false/true=0/compare=1/equal=false","Output":"--- PASS: TestPhioptIntegerNestedBranches/arm64/int8/direct-false/true=0/compare=1/equal=false (0.00s)\n","OutputType":"frame"}
{"Time":"2026-10-03T22:45:35.381873-03:00","Action":"pass","Package":"cmd/compile/internal/ssacompile","Test":"TestPhioptIntegerNestedBranches/arm64/int8/direct-false/true=0/compare=1/equal=false","Elapsed":0}
{"Time":"2026-10-03T22:45:35.381876-03:00","Action":"run","Package":"cmd/compile/internal/ssacompile","Test":"TestPhioptIntegerNestedBranches/arm64/int8/direct-false/true=0/compare=1/equal=true"}
{"Time":"2026-10-03T22:45:35.381878-03:00","Action":"output","Package":"cmd/compile/internal/ssacompile","Test":"TestPhioptIntegerNestedBranches/arm64/int8/direct-false/true=0/compare=1/equal=true","Output":"=== RUN   TestPhioptIntegerNestedBranches/arm64/int8/direct-false/true=0/compare=1/equal=true\n","OutputType":"frame"}
{"Time":"2026-10-03T22:45:35.381881-03:00","Action":"output","Package":"cmd/compile/internal/ssacompile","Test":"TestPhioptIntegerNestedBranches/arm64/int8/direct-false/true=0/compare=1/equal=true","Output":"--- PASS: TestPhioptIntegerNestedBranches/arm64/int8/direct-false/true=0/compare=1/equal=true (0.00s)\n","OutputType":"frame"}
{"Time":"2026-10-03T22:45:35.381884-03:00","Action":"pass","Package":"cmd/compile/internal/ssacompile","Test":"TestPhioptIntegerNestedBranches/arm64/int8/direct-false/true=0/compare=1/equal=true","Elapsed":0}
{"Time":"2026-10-03T22:45:35.381887-03:00","Action":"run","Package":"cmd/compile/internal/ssacompile","Test":"TestPhioptIntegerNestedBranches/arm64/int8/direct-false/true=1/compare=0/equal=false"}
{"Time":"2026-10-03T22:45:35.381889-03:00","Action":"output","Package":"cmd/compile/internal/ssacompile","Test":"TestPhioptIntegerNestedBranches/arm64/int8/direct-false/true=1/compare=0/equal=false","Output":"=== RUN   TestPhioptIntegerNestedBranches/arm64/int8/direct-false/true=1/compare=0/equal=false\n","OutputType":"frame"}
{"Time":"2026-10-03T22:45:35.381892-03:00","Action":"output","Package":"cmd/compile/internal/ssacompile","Test":"TestPhioptIntegerNestedBranches/arm64/int8/direct-false/true=1/compare=0/equal=false","Output":"--- PASS: TestPhioptIntegerNestedBranches/arm64/int8/direct-false/true=1/compare=0/equal=false (0.00s)\n","OutputType":"frame"}
{"Time":"2026-10-03T22:45:35.381895-03:00","Action":"pass","Package":"cmd/compile/internal/ssacompile","Test":"TestPhioptIntegerNestedBranches/arm64/int8/direct-false/true=1/compare=0/equal=false","Elapsed":0}
{"Time":"2026-10-03T22:45:35.381898-03:00","Action":"run","Package":"cmd/compile/internal/ssacompile","Test":"TestPhioptIntegerNestedBranches/arm64/int8/direct-false/true=1/compare=0/equal=true"}
{"Time":"2026-10-03T22:45:35.3819-03:00","Action":"output","Package":"cmd/compile/internal/ssacompile","Test":"TestPhioptIntegerNestedBranches/arm64/int8/direct-false/true=1/compare=0/equal=true","Output":"=== RUN   TestPhioptIntegerNestedBranches/arm64/int8/direct-false/true=1/compare=0/equal=true\n","OutputType":"frame"}
{"Time":"2026-10-03T22:45:35.381903-03:00","Action":"output","Package":"cmd/compile/internal/ssacompile","Test":"TestPhioptIntegerNestedBranches/arm64/int8/direct-false/true=1/compare=0/equal=true","Output":"--- PASS: TestPhioptIntegerNestedBranches/arm64/int8/direct-false/true=1/compare=0/equal=true (0.00s)\n","OutputType":"frame"}
{"Time":"2026-10-03T22:45:35.381906-03:00","Action":"pass","Package":"cmd/compile/internal/ssacompile","Test":"TestPhioptIntegerNestedBranches/arm64/int8/direct-false/true=1/compare=0/equal=true","Elapsed":0}
{"Time":"2026-10-03T22:45:35.381908-03:00","Action":"run","Package":"cmd/compile/internal/ssacompile","Test":"TestPhioptIntegerNestedBranches/arm64/int8/direct-false/true=1/compare=1/equal=false"}
{"Time":"2026-10-03T22:45:35.38191-03:00","Action":"output","Package":"cmd/compile/internal/ssacompile","Test":"TestPhioptIntegerNestedBranches/arm64/int8/direct-false/true=1/compare=1/equal=false","Output":"=== RUN   TestPhioptIntegerNestedBranches/arm64/int8/direct-false/true=1/compare=1/equal=false\n","OutputType":"frame"}
{"Time":"2026-10-03T22:45:35.381914-03:00","Action":"output","Package":"cmd/compile/internal/ssacompile","Test":"TestPhioptIntegerNestedBranches/arm64/int8/direct-false/true=1/compare=1/equal=false","Output":"--- PASS: TestPhioptIntegerNestedBranches/arm64/int8/direct-false/true=1/compare=1/equal=false (0.00s)\n","OutputType":"frame"}
{"Time":"2026-10-03T22:45:35.381917-03:00","Action":"pass","Package":"cmd/compile/internal/ssacompile","Test":"TestPhioptIntegerNestedBranches/arm64/int8/direct-false/true=1/compare=1/equal=false","Elapsed":0}
{"Time":"2026-10-03T22:45:35.381921-03:00","Action":"run","Package":"cmd/compile/internal/ssacompile","Test":"TestPhioptIntegerNestedBranches/arm64/int8/direct-false/true=1/compare=1/equal=true"}
{"Time":"2026-10-03T22:45:35.381924-03:00","Action":"output","Package":"cmd/compile/internal/ssacompile","Test":"TestPhioptIntegerNestedBranches/arm64/int8/direct-false/true=1/compare=1/equal=true","Output":"=== RUN   TestPhioptIntegerNestedBranches/arm64/int8/direct-false/true=1/compare=1/equal=true\n","OutputType":"frame"}
{"Time":"2026-10-03T22:45:35.381987-03:00","Action":"output","Package":"cmd/compile/internal/ssacompile","Test":"TestPhioptIntegerNestedBranches/arm64/int8/direct-false/true=1/compare=1/equal=true","Output":"--- PASS: TestPhioptIntegerNestedBranches/arm64/int8/direct-false/true=1/compare=1/equal=true (0.00s)\n","OutputType":"frame"}
{"Time":"2026-10-03T22:45:35.382009-03:00","Action":"pass","Package":"cmd/compile/internal/ssacompile","Test":"TestPhioptIntegerNestedBranches/arm64/int8/direct-false/true=1/compare=1/equal=true","Elapsed":0}
{"Time":"2026-10-03T22:45:35.382022-03:00","Action":"run","Package":"cmd/compile/internal/ssacompile","Test":"TestPhioptIntegerNestedBranches/arm64/uint16/nested/true=0/compare=0/equal=false"}
{"Time":"2026-10-03T22:45:35.382033-03:00","Action":"output","Package":"cmd/compile/internal/ssacompile","Test":"TestPhioptIntegerNestedBranches/arm64/uint16/nested/true=0/compare=0/equal=false","Output":"=== RUN   TestPhioptIntegerNestedBranches/arm64/uint16/nested/true=0/compare=0/equal=false\n","OutputType":"frame"}
{"Time":"2026-10-03T22:45:35.382071-03:00","Action":"output","Package":"cmd/compile/internal/ssacompile","Test":"TestPhioptIntegerNestedBranches/arm64/uint16/nested/true=0/compare=0/equal=false","Output":"--- PASS: TestPhioptIntegerNestedBranches/arm64/uint16/nested/true=0/compare=0/equal=false (0.00s)\n","OutputType":"frame"}
{"Time":"2026-10-03T22:45:35.38208-03:00","Action":"pass","Package":"cmd/compile/internal/ssacompile","Test":"TestPhioptIntegerNestedBranches/arm64/uint16/nested/true=0/compare=0/equal=false","Elapsed":0}
{"Time":"2026-10-03T22:45:35.382084-03:00","Action":"run","Package":"cmd/compile/internal/ssacompile","Test":"TestPhioptIntegerNestedBranches/arm64/uint16/nested/true=0/compare=0/equal=true"}
{"Time":"2026-10-03T22:45:35.382087-03:00","Action":"output","Package":"cmd/compile/internal/ssacompile","Test":"TestPhioptIntegerNestedBranches/arm64/uint16/nested/true=0/compare=0/equal=true","Output":"=== RUN   TestPhioptIntegerNestedBranches/arm64/uint16/nested/true=0/compare=0/equal=true\n","OutputType":"frame"}
{"Time":"2026-10-03T22:45:35.382114-03:00","Action":"output","Package":"cmd/compile/internal/ssacompile","Test":"TestPhioptIntegerNestedBranches/arm64/uint16/nested/true=0/compare=0/equal=true","Output":"--- PASS: TestPhioptIntegerNestedBranches/arm64/uint16/nested/true=0/compare=0/equal=true (0.00s)\n","OutputType":"frame"}
{"Time":"2026-10-03T22:45:35.382127-03:00","Action":"pass","Package":"cmd/compile/internal/ssacompile","Test":"TestPhioptIntegerNestedBranches/arm64/uint16/nested/true=0/compare=0/equal=true","Elapsed":0}
{"Time":"2026-10-03T22:45:35.38213-03:00","Action":"run","Package":"cmd/compile/internal/ssacompile","Test":"TestPhioptIntegerNestedBranches/arm64/uint16/nested/true=0/compare=1/equal=false"}
{"Time":"2026-10-03T22:45:35.382133-03:00","Action":"output","Package":"cmd/compile/internal/ssacompile","Test":"TestPhioptIntegerNestedBranches/arm64/uint16/nested/true=0/compare=1/equal=false","Output":"=== RUN   TestPhioptIntegerNestedBranches/arm64/uint16/nested/true=0/compare=1/equal=false\n","OutputType":"frame"}
{"Time":"2026-10-03T22:45:35.382136-03:00","Action":"output","Package":"cmd/compile/internal/ssacompile","Test":"TestPhioptIntegerNestedBranches/arm64/uint16/nested/true=0/compare=1/equal=false","Output":"--- PASS: TestPhioptIntegerNestedBranches/arm64/uint16/nested/true=0/compare=1/equal=false (0.00s)\n","OutputType":"frame"}
{"Time":"2026-10-03T22:45:35.382139-03:00","Action":"pass","Package":"cmd/compile/internal/ssacompile","Test":"TestPhioptIntegerNestedBranches/arm64/uint16/nested/true=0/compare=1/equal=false","Elapsed":0}
{"Time":"2026-10-03T22:45:35.382141-03:00","Action":"run","Package":"cmd/compile/internal/ssacompile","Test":"TestPhioptIntegerNestedBranches/arm64/uint16/nested/true=0/compare=1/equal=true"}
{"Time":"2026-10-03T22:45:35.382144-03:00","Action":"output","Package":"cmd/compile/internal/ssacompile","Test":"TestPhioptIntegerNestedBranches/arm64/uint16/nested/true=0/compare=1/equal=true","Output":"=== RUN   TestPhioptIntegerNestedBranches/arm64/uint16/nested/true=0/compare=1/equal=true\n","OutputType":"frame"}
{"Time":"2026-10-03T22:45:35.382152-03:00","Action":"output","Package":"cmd/compile/internal/ssacompile","Test":"TestPhioptIntegerNestedBranches/arm64/uint16/nested/true=0/compare=1/equal=true","Output":"--- PASS: TestPhioptIntegerNestedBranches/arm64/uint16/nested/true=0/compare=1/equal=true (0.00s)\n","OutputType":"frame"}
{"Time":"2026-10-03T22:45:35.382155-03:00","Action":"pass","Package":"cmd/compile/internal/ssacompile","Test":"TestPhioptIntegerNestedBranches/arm64/uint16/nested/true=0/compare=1/equal=true","Elapsed":0}
{"Time":"2026-10-03T22:45:35.382159-03:00","Action":"run","Package":"cmd/compile/internal/ssacompile","Test":"TestPhioptIntegerNestedBranches/arm64/uint16/nested/true=1/compare=0/equal=false"}
{"Time":"2026-10-03T22:45:35.382162-03:00","Action":"output","Package":"cmd/compile/internal/ssacompile","Test":"TestPhioptIntegerNestedBranches/arm64/uint16/nested/true=1/compare=0/equal=false","Output":"=== RUN   TestPhioptIntegerNestedBranches/arm64/uint16/nested/true=1/compare=0/equal=false\n","OutputType":"frame"}
{"Time":"2026-10-03T22:45:35.382228-03:00","Action":"output","Package":"cmd/compile/internal/ssacompile","Test":"TestPhioptIntegerNestedBranches/arm64/uint16/nested/true=1/compare=0/equal=false","Output":"--- PASS: TestPhioptIntegerNestedBranches/arm64/uint16/nested/true=1/compare=0/equal=false (0.00s)\n","OutputType":"frame"}
{"Time":"2026-10-03T22:45:35.382234-03:00","Action":"pass","Package":"cmd/compile/internal/ssacompile","Test":"TestPhioptIntegerNestedBranches/arm64/uint16/nested/true=1/compare=0/equal=false","Elapsed":0}
{"Time":"2026-10-03T22:45:35.382237-03:00","Action":"run","Package":"cmd/compile/internal/ssacompile","Test":"TestPhioptIntegerNestedBranches/arm64/uint16/nested/true=1/compare=0/equal=true"}
{"Time":"2026-10-03T22:45:35.382239-03:00","Action":"output","Package":"cmd/compile/internal/ssacompile","Test":"TestPhioptIntegerNestedBranches/arm64/uint16/nested/true=1/compare=0/equal=true","Output":"=== RUN   TestPhioptIntegerNestedBranches/arm64/uint16/nested/true=1/compare=0/equal=true\n","OutputType":"frame"}
{"Time":"2026-10-03T22:45:35.382243-03:00","Action":"output","Package":"cmd/compile/internal/ssacompile","Test":"TestPhioptIntegerNestedBranches/arm64/uint16/nested/true=1/compare=0/equal=true","Output":"--- PASS: TestPhioptIntegerNestedBranches/arm64/uint16/nested/true=1/compare=0/equal=true (0.00s)\n","OutputType":"frame"}
{"Time":"2026-10-03T22:45:35.382245-03:00","Action":"pass","Package":"cmd/compile/internal/ssacompile","Test":"TestPhioptIntegerNestedBranches/arm64/uint16/nested/true=1/compare=0/equal=true","Elapsed":0}
{"Time":"2026-10-03T22:45:35.382247-03:00","Action":"run","Package":"cmd/compile/internal/ssacompile","Test":"TestPhioptIntegerNestedBranches/arm64/uint16/nested/true=1/compare=1/equal=false"}
{"Time":"2026-10-03T22:45:35.38225-03:00","Action":"output","Package":"cmd/compile/internal/ssacompile","Test":"TestPhioptIntegerNestedBranches/arm64/uint16/nested/true=1/compare=1/equal=false","Output":"=== RUN   TestPhioptIntegerNestedBranches/arm64/uint16/nested/true=1/compare=1/equal=false\n","OutputType":"frame"}
{"Time":"2026-10-03T22:45:35.382253-03:00","Action":"output","Package":"cmd/compile/internal/ssacompile","Test":"TestPhioptIntegerNestedBranches/arm64/uint16/nested/true=1/compare=1/equal=false","Output":"--- PASS: TestPhioptIntegerNestedBranches/arm64/uint16/nested/true=1/compare=1/equal=false (0.00s)\n","OutputType":"frame"}
{"Time":"2026-10-03T22:45:35.382256-03:00","Action":"pass","Package":"cmd/compile/internal/ssacompile","Test":"TestPhioptIntegerNestedBranches/arm64/uint16/nested/true=1/compare=1/equal=false","Elapsed":0}
{"Time":"2026-10-03T22:45:35.38226-03:00","Action":"run","Package":"cmd/compile/internal/ssacompile","Test":"TestPhioptIntegerNestedBranches/arm64/uint16/nested/true=1/compare=1/equal=true"}
{"Time":"2026-10-03T22:45:35.382263-03:00","Action":"output","Package":"cmd/compile/internal/ssacompile","Test":"TestPhioptIntegerNestedBranches/arm64/uint16/nested/true=1/compare=1/equal=true","Output":"=== RUN   TestPhioptIntegerNestedBranches/arm64/uint16/nested/true=1/compare=1/equal=true\n","OutputType":"frame"}
{"Time":"2026-10-03T22:45:35.382266-03:00","Action":"output","Package":"cmd/compile/internal/ssacompile","Test":"TestPhioptIntegerNestedBranches/arm64/uint16/nested/true=1/compare=1/equal=true","Output":"--- PASS: TestPhioptIntegerNestedBranches/arm64/uint16/nested/true=1/compare=1/equal=true (0.00s)\n","OutputType":"frame"}
{"Time":"2026-10-03T22:45:35.382269-03:00","Action":"pass","Package":"cmd/compile/internal/ssacompile","Test":"TestPhioptIntegerNestedBranches/arm64/uint16/nested/true=1/compare=1/equal=true","Elapsed":0}
{"Time":"2026-10-03T22:45:35.382273-03:00","Action":"run","Package":"cmd/compile/internal/ssacompile","Test":"TestPhioptIntegerNestedBranches/arm64/uint16/direct-true/true=0/compare=0/equal=false"}
{"Time":"2026-10-03T22:45:35.382276-03:00","Action":"output","Package":"cmd/compile/internal/ssacompile","Test":"TestPhioptIntegerNestedBranches/arm64/uint16/direct-true/true=0/compare=0/equal=false","Output":"=== RUN   TestPhioptIntegerNestedBranches/arm64/uint16/direct-true/true=0/compare=0/equal=false\n","OutputType":"frame"}
{"Time":"2026-10-03T22:45:35.38228-03:00","Action":"output","Package":"cmd/compile/internal/ssacompile","Test":"TestPhioptIntegerNestedBranches/arm64/uint16/direct-true/true=0/compare=0/equal=false","Output":"--- PASS: TestPhioptIntegerNestedBranches/arm64/uint16/direct-true/true=0/compare=0/equal=false (0.00s)\n","OutputType":"frame"}
{"Time":"2026-10-03T22:45:35.382285-03:00","Action":"pass","Package":"cmd/compile/internal/ssacompile","Test":"TestPhioptIntegerNestedBranches/arm64/uint16/direct-true/true=0/compare=0/equal=false","Elapsed":0}
{"Time":"2026-10-03T22:45:35.382288-03:00","Action":"run","Package":"cmd/compile/internal/ssacompile","Test":"TestPhioptIntegerNestedBranches/arm64/uint16/direct-true/true=0/compare=0/equal=true"}
{"Time":"2026-10-03T22:45:35.382291-03:00","Action":"output","Package":"cmd/compile/internal/ssacompile","Test":"TestPhioptIntegerNestedBranches/arm64/uint16/direct-true/true=0/compare=0/equal=true","Output":"=== RUN   TestPhioptIntegerNestedBranches/arm64/uint16/direct-true/true=0/compare=0/equal=true\n","OutputType":"frame"}
{"Time":"2026-10-03T22:45:35.382296-03:00","Action":"output","Package":"cmd/compile/internal/ssacompile","Test":"TestPhioptIntegerNestedBranches/arm64/uint16/direct-true/true=0/compare=0/equal=true","Output":"--- PASS: TestPhioptIntegerNestedBranches/arm64/uint16/direct-true/true=0/compare=0/equal=true (0.00s)\n","OutputType":"frame"}
{"Time":"2026-10-03T22:45:35.3823-03:00","Action":"pass","Package":"cmd/compile/internal/ssacompile","Test":"TestPhioptIntegerNestedBranches/arm64/uint16/direct-true/true=0/compare=0/equal=true","Elapsed":0}
{"Time":"2026-10-03T22:45:35.382302-03:00","Action":"run","Package":"cmd/compile/internal/ssacompile","Test":"TestPhioptIntegerNestedBranches/arm64/uint16/direct-true/true=0/compare=1/equal=false"}
{"Time":"2026-10-03T22:45:35.382304-03:00","Action":"output","Package":"cmd/compile/internal/ssacompile","Test":"TestPhioptIntegerNestedBranches/arm64/uint16/direct-true/true=0/compare=1/equal=false","Output":"=== RUN   TestPhioptIntegerNestedBranches/arm64/uint16/direct-true/true=0/compare=1/equal=false\n","OutputType":"frame"}
{"Time":"2026-10-03T22:45:35.382307-03:00","Action":"output","Package":"cmd/compile/internal/ssacompile","Test":"TestPhioptIntegerNestedBranches/arm64/uint16/direct-true/true=0/compare=1/equal=false","Output":"--- PASS: TestPhioptIntegerNestedBranches/arm64/uint16/direct-true/true=0/compare=1/equal=false (0.00s)\n","OutputType":"frame"}
{"Time":"2026-10-03T22:45:35.382311-03:00","Action":"pass","Package":"cmd/compile/internal/ssacompile","Test":"TestPhioptIntegerNestedBranches/arm64/uint16/direct-true/true=0/compare=1/equal=false","Elapsed":0}
{"Time":"2026-10-03T22:45:35.382313-03:00","Action":"run","Package":"cmd/compile/internal/ssacompile","Test":"TestPhioptIntegerNestedBranches/arm64/uint16/direct-true/true=0/compare=1/equal=true"}
{"Time":"2026-10-03T22:45:35.382315-03:00","Action":"output","Package":"cmd/compile/internal/ssacompile","Test":"TestPhioptIntegerNestedBranches/arm64/uint16/direct-true/true=0/compare=1/equal=true","Output":"=== RUN   TestPhioptIntegerNestedBranches/arm64/uint16/direct-true/true=0/compare=1/equal=true\n","OutputType":"frame"}
{"Time":"2026-10-03T22:45:35.382318-03:00","Action":"output","Package":"cmd/compile/internal/ssacompile","Test":"TestPhioptIntegerNestedBranches/arm64/uint16/direct-true/true=0/compare=1/equal=true","Output":"--- PASS: TestPhioptIntegerNestedBranches/arm64/uint16/direct-true/true=0/compare=1/equal=true (0.00s)\n","OutputType":"frame"}
{"Time":"2026-10-03T22:45:35.382322-03:00","Action":"pass","Package":"cmd/compile/internal/ssacompile","Test":"TestPhioptIntegerNestedBranches/arm64/uint16/direct-true/true=0/compare=1/equal=true","Elapsed":0}
{"Time":"2026-10-03T22:45:35.382325-03:00","Action":"run","Package":"cmd/compile/internal/ssacompile","Test":"TestPhioptIntegerNestedBranches/arm64/uint16/direct-true/true=1/compare=0/equal=false"}
{"Time":"2026-10-03T22:45:35.382328-03:00","Action":"output","Package":"cmd/compile/internal/ssacompile","Test":"TestPhioptIntegerNestedBranches/arm64/uint16/direct-true/true=1/compare=0/equal=false","Output":"=== RUN   TestPhioptIntegerNestedBranches/arm64/uint16/direct-true/true=1/compare=0/equal=false\n","OutputType":"frame"}
{"Time":"2026-10-03T22:45:35.382331-03:00","Action":"output","Package":"cmd/compile/internal/ssacompile","Test":"TestPhioptIntegerNestedBranches/arm64/uint16/direct-true/true=1/compare=0/equal=false","Output":"--- PASS: TestPhioptIntegerNestedBranches/arm64/uint16/direct-true/true=1/compare=0/equal=false (0.00s)\n","OutputType":"frame"}
{"Time":"2026-10-03T22:45:35.382334-03:00","Action":"pass","Package":"cmd/compile/internal/ssacompile","Test":"TestPhioptIntegerNestedBranches/arm64/uint16/direct-true/true=1/compare=0/equal=false","Elapsed":0}
{"Time":"2026-10-03T22:45:35.382337-03:00","Action":"run","Package":"cmd/compile/internal/ssacompile","Test":"TestPhioptIntegerNestedBranches/arm64/uint16/direct-true/true=1/compare=0/equal=true"}
{"Time":"2026-10-03T22:45:35.382339-03:00","Action":"output","Package":"cmd/compile/internal/ssacompile","Test":"TestPhioptIntegerNestedBranches/arm64/uint16/direct-true/true=1/compare=0/equal=true","Output":"=== RUN   TestPhioptIntegerNestedBranches/arm64/uint16/direct-true/true=1/compare=0/equal=true\n","OutputType":"frame"}
{"Time":"2026-10-03T22:45:35.382342-03:00","Action":"output","Package":"cmd/compile/internal/ssacompile","Test":"TestPhioptIntegerNestedBranches/arm64/uint16/direct-true/true=1/compare=0/equal=true","Output":"--- PASS: TestPhioptIntegerNestedBranches/arm64/uint16/direct-true/true=1/compare=0/equal=true (0.00s)\n","OutputType":"frame"}
{"Time":"2026-10-03T22:45:35.382344-03:00","Action":"pass","Package":"cmd/compile/internal/ssacompile","Test":"TestPhioptIntegerNestedBranches/arm64/uint16/direct-true/true=1/compare=0/equal=true","Elapsed":0}
{"Time":"2026-10-03T22:45:35.382348-03:00","Action":"run","Package":"cmd/compile/internal/ssacompile","Test":"TestPhioptIntegerNestedBranches/arm64/uint16/direct-true/true=1/compare=1/equal=false"}
{"Time":"2026-10-03T22:45:35.382352-03:00","Action":"output","Package":"cmd/compile/internal/ssacompile","Test":"TestPhioptIntegerNestedBranches/arm64/uint16/direct-true/true=1/compare=1/equal=false","Output":"=== RUN   TestPhioptIntegerNestedBranches/arm64/uint16/direct-true/true=1/compare=1/equal=false\n","OutputType":"frame"}
{"Time":"2026-10-03T22:45:35.382357-03:00","Action":"output","Package":"cmd/compile/internal/ssacompile","Test":"TestPhioptIntegerNestedBranches/arm64/uint16/direct-true/true=1/compare=1/equal=false","Output":"--- PASS: TestPhioptIntegerNestedBranches/arm64/uint16/direct-true/true=1/compare=1/equal=false (0.00s)\n","OutputType":"frame"}
{"Time":"2026-10-03T22:45:35.38236-03:00","Action":"pass","Package":"cmd/compile/internal/ssacompile","Test":"TestPhioptIntegerNestedBranches/arm64/uint16/direct-true/true=1/compare=1/equal=false","Elapsed":0}
{"Time":"2026-10-03T22:45:35.382364-03:00","Action":"run","Package":"cmd/compile/internal/ssacompile","Test":"TestPhioptIntegerNestedBranches/arm64/uint16/direct-true/true=1/compare=1/equal=true"}
{"Time":"2026-10-03T22:45:35.382367-03:00","Action":"output","Package":"cmd/compile/internal/ssacompile","Test":"TestPhioptIntegerNestedBranches/arm64/uint16/direct-true/true=1/compare=1/equal=true","Output":"=== RUN   TestPhioptIntegerNestedBranches/arm64/uint16/direct-true/true=1/compare=1/equal=true\n","OutputType":"frame"}
{"Time":"2026-10-03T22:45:35.382371-03:00","Action":"output","Package":"cmd/compile/internal/ssacompile","Test":"TestPhioptIntegerNestedBranches/arm64/uint16/direct-true/true=1/compare=1/equal=true","Output":"--- PASS: TestPhioptIntegerNestedBranches/arm64/uint16/direct-true/true=1/compare=1/equal=true (0.00s)\n","OutputType":"frame"}
{"Time":"2026-10-03T22:45:35.382375-03:00","Action":"pass","Package":"cmd/compile/internal/ssacompile","Test":"TestPhioptIntegerNestedBranches/arm64/uint16/direct-true/true=1/compare=1/equal=true","Elapsed":0}
{"Time":"2026-10-03T22:45:35.382378-03:00","Action":"run","Package":"cmd/compile/internal/ssacompile","Test":"TestPhioptIntegerNestedBranches/arm64/uint16/direct-false/true=0/compare=0/equal=false"}
{"Time":"2026-10-03T22:45:35.382382-03:00","Action":"output","Package":"cmd/compile/internal/ssacompile","Test":"TestPhioptIntegerNestedBranches/arm64/uint16/direct-false/true=0/compare=0/equal=false","Output":"=== RUN   TestPhioptIntegerNestedBranches/arm64/uint16/direct-false/true=0/compare=0/equal=false\n","OutputType":"frame"}
{"Time":"2026-10-03T22:45:35.382389-03:00","Action":"output","Package":"cmd/compile/internal/ssacompile","Test":"TestPhioptIntegerNestedBranches/arm64/uint16/direct-false/true=0/compare=0/equal=false","Output":"--- PASS: TestPhioptIntegerNestedBranches/arm64/uint16/direct-false/true=0/compare=0/equal=false (0.00s)\n","OutputType":"frame"}
{"Time":"2026-10-03T22:45:35.382392-03:00","Action":"pass","Package":"cmd/compile/internal/ssacompile","Test":"TestPhioptIntegerNestedBranches/arm64/uint16/direct-false/true=0/compare=0/equal=false","Elapsed":0}
{"Time":"2026-10-03T22:45:35.382396-03:00","Action":"run","Package":"cmd/compile/internal/ssacompile","Test":"TestPhioptIntegerNestedBranches/arm64/uint16/direct-false/true=0/compare=0/equal=true"}
{"Time":"2026-10-03T22:45:35.382401-03:00","Action":"output","Package":"cmd/compile/internal/ssacompile","Test":"TestPhioptIntegerNestedBranches/arm64/uint16/direct-false/true=0/compare=0/equal=true","Output":"=== RUN   TestPhioptIntegerNestedBranches/arm64/uint16/direct-false/true=0/compare=0/equal=true\n","OutputType":"frame"}
{"Time":"2026-10-03T22:45:35.382404-03:00","Action":"output","Package":"cmd/compile/internal/ssacompile","Test":"TestPhioptIntegerNestedBranches/arm64/uint16/direct-false/true=0/compare=0/equal=true","Output":"--- PASS: TestPhioptIntegerNestedBranches/arm64/uint16/direct-false/true=0/compare=0/equal=true (0.00s)\n","OutputType":"frame"}
{"Time":"2026-10-03T22:45:35.382408-03:00","Action":"pass","Package":"cmd/compile/internal/ssacompile","Test":"TestPhioptIntegerNestedBranches/arm64/uint16/direct-false/true=0/compare=0/equal=true","Elapsed":0}
{"Time":"2026-10-03T22:45:35.38241-03:00","Action":"run","Package":"cmd/compile/internal/ssacompile","Test":"TestPhioptIntegerNestedBranches/arm64/uint16/direct-false/true=0/compare=1/equal=false"}
{"Time":"2026-10-03T22:45:35.382414-03:00","Action":"output","Package":"cmd/compile/internal/ssacompile","Test":"TestPhioptIntegerNestedBranches/arm64/uint16/direct-false/true=0/compare=1/equal=false","Output":"=== RUN   TestPhioptIntegerNestedBranches/arm64/uint16/direct-false/true=0/compare=1/equal=false\n","OutputType":"frame"}
{"Time":"2026-10-03T22:45:35.382421-03:00","Action":"output","Package":"cmd/compile/internal/ssacompile","Test":"TestPhioptIntegerNestedBranches/arm64/uint16/direct-false/true=0/compare=1/equal=false","Output":"--- PASS: TestPhioptIntegerNestedBranches/arm64/uint16/direct-false/true=0/compare=1/equal=false (0.00s)\n","OutputType":"frame"}
{"Time":"2026-10-03T22:45:35.382426-03:00","Action":"pass","Package":"cmd/compile/internal/ssacompile","Test":"TestPhioptIntegerNestedBranches/arm64/uint16/direct-false/true=0/compare=1/equal=false","Elapsed":0}
{"Time":"2026-10-03T22:45:35.382432-03:00","Action":"run","Package":"cmd/compile/internal/ssacompile","Test":"TestPhioptIntegerNestedBranches/arm64/uint16/direct-false/true=0/compare=1/equal=true"}
{"Time":"2026-10-03T22:45:35.382435-03:00","Action":"output","Package":"cmd/compile/internal/ssacompile","Test":"TestPhioptIntegerNestedBranches/arm64/uint16/direct-false/true=0/compare=1/equal=true","Output":"=== RUN   TestPhioptIntegerNestedBranches/arm64/uint16/direct-false/true=0/compare=1/equal=true\n","OutputType":"frame"}
{"Time":"2026-10-03T22:45:35.382536-03:00","Action":"output","Package":"cmd/compile/internal/ssacompile","Test":"TestPhioptIntegerNestedBranches/arm64/uint16/direct-false/true=0/compare=1/equal=true","Output":"--- PASS: TestPhioptIntegerNestedBranches/arm64/uint16/direct-false/true=0/compare=1/equal=true (0.00s)\n","OutputType":"frame"}
{"Time":"2026-10-03T22:45:35.382568-03:00","Action":"pass","Package":"cmd/compile/internal/ssacompile","Test":"TestPhioptIntegerNestedBranches/arm64/uint16/direct-false/true=0/compare=1/equal=true","Elapsed":0}
{"Time":"2026-10-03T22:45:35.382575-03:00","Action":"run","Package":"cmd/compile/internal/ssacompile","Test":"TestPhioptIntegerNestedBranches/arm64/uint16/direct-false/true=1/compare=0/equal=false"}
{"Time":"2026-10-03T22:45:35.382578-03:00","Action":"output","Package":"cmd/compile/internal/ssacompile","Test":"TestPhioptIntegerNestedBranches/arm64/uint16/direct-false/true=1/compare=0/equal=false","Output":"=== RUN   TestPhioptIntegerNestedBranches/arm64/uint16/direct-false/true=1/compare=0/equal=false\n","OutputType":"frame"}
{"Time":"2026-10-03T22:45:35.382607-03:00","Action":"output","Package":"cmd/compile/internal/ssacompile","Test":"TestPhioptIntegerNestedBranches/arm64/uint16/direct-false/true=1/compare=0/equal=false","Output":"--- PASS: TestPhioptIntegerNestedBranches/arm64/uint16/direct-false/true=1/compare=0/equal=false (0.00s)\n","OutputType":"frame"}
{"Time":"2026-10-03T22:45:35.382639-03:00","Action":"pass","Package":"cmd/compile/internal/ssacompile","Test":"TestPhioptIntegerNestedBranches/arm64/uint16/direct-false/true=1/compare=0/equal=false","Elapsed":0}
{"Time":"2026-10-03T22:45:35.382645-03:00","Action":"run","Package":"cmd/compile/internal/ssacompile","Test":"TestPhioptIntegerNestedBranches/arm64/uint16/direct-false/true=1/compare=0/equal=true"}
{"Time":"2026-10-03T22:45:35.382649-03:00","Action":"output","Package":"cmd/compile/internal/ssacompile","Test":"TestPhioptIntegerNestedBranches/arm64/uint16/direct-false/true=1/compare=0/equal=true","Output":"=== RUN   TestPhioptIntegerNestedBranches/arm64/uint16/direct-false/true=1/compare=0/equal=true\n","OutputType":"frame"}
{"Time":"2026-10-03T22:45:35.382653-03:00","Action":"output","Package":"cmd/compile/internal/ssacompile","Test":"TestPhioptIntegerNestedBranches/arm64/uint16/direct-false/true=1/compare=0/equal=true","Output":"--- PASS: TestPhioptIntegerNestedBranches/arm64/uint16/direct-false/true=1/compare=0/equal=true (0.00s)\n","OutputType":"frame"}
{"Time":"2026-10-03T22:45:35.382656-03:00","Action":"pass","Package":"cmd/compile/internal/ssacompile","Test":"TestPhioptIntegerNestedBranches/arm64/uint16/direct-false/true=1/compare=0/equal=true","Elapsed":0}
{"Time":"2026-10-03T22:45:35.382658-03:00","Action":"run","Package":"cmd/compile/internal/ssacompile","Test":"TestPhioptIntegerNestedBranches/arm64/uint16/direct-false/true=1/compare=1/equal=false"}
{"Time":"2026-10-03T22:45:35.382661-03:00","Action":"output","Package":"cmd/compile/internal/ssacompile","Test":"TestPhioptIntegerNestedBranches/arm64/uint16/direct-false/true=1/compare=1/equal=false","Output":"=== RUN   TestPhioptIntegerNestedBranches/arm64/uint16/direct-false/true=1/compare=1/equal=false\n","OutputType":"frame"}
{"Time":"2026-10-03T22:45:35.382664-03:00","Action":"output","Package":"cmd/compile/internal/ssacompile","Test":"TestPhioptIntegerNestedBranches/arm64/uint16/direct-false/true=1/compare=1/equal=false","Output":"--- PASS: TestPhioptIntegerNestedBranches/arm64/uint16/direct-false/true=1/compare=1/equal=false (0.00s)\n","OutputType":"frame"}
{"Time":"2026-10-03T22:45:35.382669-03:00","Action":"pass","Package":"cmd/compile/internal/ssacompile","Test":"TestPhioptIntegerNestedBranches/arm64/uint16/direct-false/true=1/compare=1/equal=false","Elapsed":0}
{"Time":"2026-10-03T22:45:35.382672-03:00","Action":"run","Package":"cmd/compile/internal/ssacompile","Test":"TestPhioptIntegerNestedBranches/arm64/uint16/direct-false/true=1/compare=1/equal=true"}
{"Time":"2026-10-03T22:45:35.382674-03:00","Action":"output","Package":"cmd/compile/internal/ssacompile","Test":"TestPhioptIntegerNestedBranches/arm64/uint16/direct-false/true=1/compare=1/equal=true","Output":"=== RUN   TestPhioptIntegerNestedBranches/arm64/uint16/direct-false/true=1/compare=1/equal=true\n","OutputType":"frame"}
{"Time":"2026-10-03T22:45:35.382678-03:00","Action":"output","Package":"cmd/compile/internal/ssacompile","Test":"TestPhioptIntegerNestedBranches/arm64/uint16/direct-false/true=1/compare=1/equal=true","Output":"--- PASS: TestPhioptIntegerNestedBranches/arm64/uint16/direct-false/true=1/compare=1/equal=true (0.00s)\n","OutputType":"frame"}
{"Time":"2026-10-03T22:45:35.38268-03:00","Action":"pass","Package":"cmd/compile/internal/ssacompile","Test":"TestPhioptIntegerNestedBranches/arm64/uint16/direct-false/true=1/compare=1/equal=true","Elapsed":0}
{"Time":"2026-10-03T22:45:35.382683-03:00","Action":"run","Package":"cmd/compile/internal/ssacompile","Test":"TestPhioptIntegerNestedBranches/arm64/int32/nested/true=0/compare=0/equal=false"}
{"Time":"2026-10-03T22:45:35.382685-03:00","Action":"output","Package":"cmd/compile/internal/ssacompile","Test":"TestPhioptIntegerNestedBranches/arm64/int32/nested/true=0/compare=0/equal=false","Output":"=== RUN   TestPhioptIntegerNestedBranches/arm64/int32/nested/true=0/compare=0/equal=false\n","OutputType":"frame"}
{"Time":"2026-10-03T22:45:35.382689-03:00","Action":"output","Package":"cmd/compile/internal/ssacompile","Test":"TestPhioptIntegerNestedBranches/arm64/int32/nested/true=0/compare=0/equal=false","Output":"--- PASS: TestPhioptIntegerNestedBranches/arm64/int32/nested/true=0/compare=0/equal=false (0.00s)\n","OutputType":"frame"}
{"Time":"2026-10-03T22:45:35.382692-03:00","Action":"pass","Package":"cmd/compile/internal/ssacompile","Test":"TestPhioptIntegerNestedBranches/arm64/int32/nested/true=0/compare=0/equal=false","Elapsed":0}
{"Time":"2026-10-03T22:45:35.382694-03:00","Action":"run","Package":"cmd/compile/internal/ssacompile","Test":"TestPhioptIntegerNestedBranches/arm64/int32/nested/true=0/compare=0/equal=true"}
{"Time":"2026-10-03T22:45:35.382696-03:00","Action":"output","Package":"cmd/compile/internal/ssacompile","Test":"TestPhioptIntegerNestedBranches/arm64/int32/nested/true=0/compare=0/equal=true","Output":"=== RUN   TestPhioptIntegerNestedBranches/arm64/int32/nested/true=0/compare=0/equal=true\n","OutputType":"frame"}
{"Time":"2026-10-03T22:45:35.3827-03:00","Action":"output","Package":"cmd/compile/internal/ssacompile","Test":"TestPhioptIntegerNestedBranches/arm64/int32/nested/true=0/compare=0/equal=true","Output":"--- PASS: TestPhioptIntegerNestedBranches/arm64/int32/nested/true=0/compare=0/equal=true (0.00s)\n","OutputType":"frame"}
{"Time":"2026-10-03T22:45:35.382703-03:00","Action":"pass","Package":"cmd/compile/internal/ssacompile","Test":"TestPhioptIntegerNestedBranches/arm64/int32/nested/true=0/compare=0/equal=true","Elapsed":0}
{"Time":"2026-10-03T22:45:35.382705-03:00","Action":"run","Package":"cmd/compile/internal/ssacompile","Test":"TestPhioptIntegerNestedBranches/arm64/int32/nested/true=0/compare=1/equal=false"}
{"Time":"2026-10-03T22:45:35.382708-03:00","Action":"output","Package":"cmd/compile/internal/ssacompile","Test":"TestPhioptIntegerNestedBranches/arm64/int32/nested/true=0/compare=1/equal=false","Output":"=== RUN   TestPhioptIntegerNestedBranches/arm64/int32/nested/true=0/compare=1/equal=false\n","OutputType":"frame"}
{"Time":"2026-10-03T22:45:35.382714-03:00","Action":"output","Package":"cmd/compile/internal/ssacompile","Test":"TestPhioptIntegerNestedBranches/arm64/int32/nested/true=0/compare=1/equal=false","Output":"--- PASS: TestPhioptIntegerNestedBranches/arm64/int32/nested/true=0/compare=1/equal=false (0.00s)\n","OutputType":"frame"}
{"Time":"2026-10-03T22:45:35.382718-03:00","Action":"pass","Package":"cmd/compile/internal/ssacompile","Test":"TestPhioptIntegerNestedBranches/arm64/int32/nested/true=0/compare=1/equal=false","Elapsed":0}
{"Time":"2026-10-03T22:45:35.38272-03:00","Action":"run","Package":"cmd/compile/internal/ssacompile","Test":"TestPhioptIntegerNestedBranches/arm64/int32/nested/true=0/compare=1/equal=true"}
{"Time":"2026-10-03T22:45:35.382723-03:00","Action":"output","Package":"cmd/compile/internal/ssacompile","Test":"TestPhioptIntegerNestedBranches/arm64/int32/nested/true=0/compare=1/equal=true","Output":"=== RUN   TestPhioptIntegerNestedBranches/arm64/int32/nested/true=0/compare=1/equal=true\n","OutputType":"frame"}
{"Time":"2026-10-03T22:45:35.382726-03:00","Action":"output","Package":"cmd/compile/internal/ssacompile","Test":"TestPhioptIntegerNestedBranches/arm64/int32/nested/true=0/compare=1/equal=true","Output":"--- PASS: TestPhioptIntegerNestedBranches/arm64/int32/nested/true=0/compare=1/equal=true (0.00s)\n","OutputType":"frame"}
{"Time":"2026-10-03T22:45:35.382729-03:00","Action":"pass","Package":"cmd/compile/internal/ssacompile","Test":"TestPhioptIntegerNestedBranches/arm64/int32/nested/true=0/compare=1/equal=true","Elapsed":0}
{"Time":"2026-10-03T22:45:35.382732-03:00","Action":"run","Package":"cmd/compile/internal/ssacompile","Test":"TestPhioptIntegerNestedBranches/arm64/int32/nested/true=1/compare=0/equal=false"}
{"Time":"2026-10-03T22:45:35.382736-03:00","Action":"output","Package":"cmd/compile/internal/ssacompile","Test":"TestPhioptIntegerNestedBranches/arm64/int32/nested/true=1/compare=0/equal=false","Output":"=== RUN   TestPhioptIntegerNestedBranches/arm64/int32/nested/true=1/compare=0/equal=false\n","OutputType":"frame"}
{"Time":"2026-10-03T22:45:35.382741-03:00","Action":"output","Package":"cmd/compile/internal/ssacompile","Test":"TestPhioptIntegerNestedBranches/arm64/int32/nested/true=1/compare=0/equal=false","Output":"--- PASS: TestPhioptIntegerNestedBranches/arm64/int32/nested/true=1/compare=0/equal=false (0.00s)\n","OutputType":"frame"}
{"Time":"2026-10-03T22:45:35.382744-03:00","Action":"pass","Package":"cmd/compile/internal/ssacompile","Test":"TestPhioptIntegerNestedBranches/arm64/int32/nested/true=1/compare=0/equal=false","Elapsed":0}
{"Time":"2026-10-03T22:45:35.382746-03:00","Action":"run","Package":"cmd/compile/internal/ssacompile","Test":"TestPhioptIntegerNestedBranches/arm64/int32/nested/true=1/compare=0/equal=true"}
{"Time":"2026-10-03T22:45:35.382749-03:00","Action":"output","Package":"cmd/compile/internal/ssacompile","Test":"TestPhioptIntegerNestedBranches/arm64/int32/nested/true=1/compare=0/equal=true","Output":"=== RUN   TestPhioptIntegerNestedBranches/arm64/int32/nested/true=1/compare=0/equal=true\n","OutputType":"frame"}
{"Time":"2026-10-03T22:45:35.382752-03:00","Action":"output","Package":"cmd/compile/internal/ssacompile","Test":"TestPhioptIntegerNestedBranches/arm64/int32/nested/true=1/compare=0/equal=true","Output":"--- PASS: TestPhioptIntegerNestedBranches/arm64/int32/nested/true=1/compare=0/equal=true (0.00s)\n","OutputType":"frame"}
{"Time":"2026-10-03T22:45:35.382755-03:00","Action":"pass","Package":"cmd/compile/internal/ssacompile","Test":"TestPhioptIntegerNestedBranches/arm64/int32/nested/true=1/compare=0/equal=true","Elapsed":0}
{"Time":"2026-10-03T22:45:35.382757-03:00","Action":"run","Package":"cmd/compile/internal/ssacompile","Test":"TestPhioptIntegerNestedBranches/arm64/int32/nested/true=1/compare=1/equal=false"}
{"Time":"2026-10-03T22:45:35.38276-03:00","Action":"output","Package":"cmd/compile/internal/ssacompile","Test":"TestPhioptIntegerNestedBranches/arm64/int32/nested/true=1/compare=1/equal=false","Output":"=== RUN   TestPhioptIntegerNestedBranches/arm64/int32/nested/true=1/compare=1/equal=false\n","OutputType":"frame"}
{"Time":"2026-10-03T22:45:35.382778-03:00","Action":"output","Package":"cmd/compile/internal/ssacompile","Test":"TestPhioptIntegerNestedBranches/arm64/int32/nested/true=1/compare=1/equal=false","Output":"--- PASS: TestPhioptIntegerNestedBranches/arm64/int32/nested/true=1/compare=1/equal=false (0.00s)\n","OutputType":"frame"}
{"Time":"2026-10-03T22:45:35.382782-03:00","Action":"pass","Package":"cmd/compile/internal/ssacompile","Test":"TestPhioptIntegerNestedBranches/arm64/int32/nested/true=1/compare=1/equal=false","Elapsed":0}
{"Time":"2026-10-03T22:45:35.382785-03:00","Action":"run","Package":"cmd/compile/internal/ssacompile","Test":"TestPhioptIntegerNestedBranches/arm64/int32/nested/true=1/compare=1/equal=true"}
{"Time":"2026-10-03T22:45:35.382787-03:00","Action":"output","Package":"cmd/compile/internal/ssacompile","Test":"TestPhioptIntegerNestedBranches/arm64/int32/nested/true=1/compare=1/equal=true","Output":"=== RUN   TestPhioptIntegerNestedBranches/arm64/int32/nested/true=1/compare=1/equal=true\n","OutputType":"frame"}
{"Time":"2026-10-03T22:45:35.382791-03:00","Action":"output","Package":"cmd/compile/internal/ssacompile","Test":"TestPhioptIntegerNestedBranches/arm64/int32/nested/true=1/compare=1/equal=true","Output":"--- PASS: TestPhioptIntegerNestedBranches/arm64/int32/nested/true=1/compare=1/equal=true (0.00s)\n","OutputType":"frame"}
{"Time":"2026-10-03T22:45:35.382794-03:00","Action":"pass","Package":"cmd/compile/internal/ssacompile","Test":"TestPhioptIntegerNestedBranches/arm64/int32/nested/true=1/compare=1/equal=true","Elapsed":0}
{"Time":"2026-10-03T22:45:35.382798-03:00","Action":"run","Package":"cmd/compile/internal/ssacompile","Test":"TestPhioptIntegerNestedBranches/arm64/int32/direct-true/true=0/compare=0/equal=false"}
{"Time":"2026-10-03T22:45:35.382801-03:00","Action":"output","Package":"cmd/compile/internal/ssacompile","Test":"TestPhioptIntegerNestedBranches/arm64/int32/direct-true/true=0/compare=0/equal=false","Output":"=== RUN   TestPhioptIntegerNestedBranches/arm64/int32/direct-true/true=0/compare=0/equal=false\n","OutputType":"frame"}
{"Time":"2026-10-03T22:45:35.382804-03:00","Action":"output","Package":"cmd/compile/internal/ssacompile","Test":"TestPhioptIntegerNestedBranches/arm64/int32/direct-true/true=0/compare=0/equal=false","Output":"--- PASS: TestPhioptIntegerNestedBranches/arm64/int32/direct-true/true=0/compare=0/equal=false (0.00s)\n","OutputType":"frame"}
{"Time":"2026-10-03T22:45:35.382807-03:00","Action":"pass","Package":"cmd/compile/internal/ssacompile","Test":"TestPhioptIntegerNestedBranches/arm64/int32/direct-true/true=0/compare=0/equal=false","Elapsed":0}
{"Time":"2026-10-03T22:45:35.382809-03:00","Action":"run","Package":"cmd/compile/internal/ssacompile","Test":"TestPhioptIntegerNestedBranches/arm64/int32/direct-true/true=0/compare=0/equal=true"}
{"Time":"2026-10-03T22:45:35.382812-03:00","Action":"output","Package":"cmd/compile/internal/ssacompile","Test":"TestPhioptIntegerNestedBranches/arm64/int32/direct-true/true=0/compare=0/equal=true","Output":"=== RUN   TestPhioptIntegerNestedBranches/arm64/int32/direct-true/true=0/compare=0/equal=true\n","OutputType":"frame"}
{"Time":"2026-10-03T22:45:35.382856-03:00","Action":"output","Package":"cmd/compile/internal/ssacompile","Test":"TestPhioptIntegerNestedBranches/arm64/int32/direct-true/true=0/compare=0/equal=true","Output":"--- PASS: TestPhioptIntegerNestedBranches/arm64/int32/direct-true/true=0/compare=0/equal=true (0.00s)\n","OutputType":"frame"}
{"Time":"2026-10-03T22:45:35.382893-03:00","Action":"pass","Package":"cmd/compile/internal/ssacompile","Test":"TestPhioptIntegerNestedBranches/arm64/int32/direct-true/true=0/compare=0/equal=true","Elapsed":0}
{"Time":"2026-10-03T22:45:35.382901-03:00","Action":"run","Package":"cmd/compile/internal/ssacompile","Test":"TestPhioptIntegerNestedBranches/arm64/int32/direct-true/true=0/compare=1/equal=false"}
{"Time":"2026-10-03T22:45:35.382904-03:00","Action":"output","Package":"cmd/compile/internal/ssacompile","Test":"TestPhioptIntegerNestedBranches/arm64/int32/direct-true/true=0/compare=1/equal=false","Output":"=== RUN   TestPhioptIntegerNestedBranches/arm64/int32/direct-true/true=0/compare=1/equal=false\n","OutputType":"frame"}
{"Time":"2026-10-03T22:45:35.382948-03:00","Action":"output","Package":"cmd/compile/internal/ssacompile","Test":"TestPhioptIntegerNestedBranches/arm64/int32/direct-true/true=0/compare=1/equal=false","Output":"--- PASS: TestPhioptIntegerNestedBranches/arm64/int32/direct-true/true=0/compare=1/equal=false (0.00s)\n","OutputType":"frame"}
{"Time":"2026-10-03T22:45:35.382961-03:00","Action":"pass","Package":"cmd/compile/internal/ssacompile","Test":"TestPhioptIntegerNestedBranches/arm64/int32/direct-true/true=0/compare=1/equal=false","Elapsed":0}
{"Time":"2026-10-03T22:45:35.382977-03:00","Action":"run","Package":"cmd/compile/internal/ssacompile","Test":"TestPhioptIntegerNestedBranches/arm64/int32/direct-true/true=0/compare=1/equal=true"}
{"Time":"2026-10-03T22:45:35.382986-03:00","Action":"output","Package":"cmd/compile/internal/ssacompile","Test":"TestPhioptIntegerNestedBranches/arm64/int32/direct-true/true=0/compare=1/equal=true","Output":"=== RUN   TestPhioptIntegerNestedBranches/arm64/int32/direct-true/true=0/compare=1/equal=true\n","OutputType":"frame"}
{"Time":"2026-10-03T22:45:35.382996-03:00","Action":"output","Package":"cmd/compile/internal/ssacompile","Test":"TestPhioptIntegerNestedBranches/arm64/int32/direct-true/true=0/compare=1/equal=true","Output":"--- PASS: TestPhioptIntegerNestedBranches/arm64/int32/direct-true/true=0/compare=1/equal=true (0.00s)\n","OutputType":"frame"}
{"Time":"2026-10-03T22:45:35.383004-03:00","Action":"pass","Package":"cmd/compile/internal/ssacompile","Test":"TestPhioptIntegerNestedBranches/arm64/int32/direct-true/true=0/compare=1/equal=true","Elapsed":0}
{"Time":"2026-10-03T22:45:35.383021-03:00","Action":"run","Package":"cmd/compile/internal/ssacompile","Test":"TestPhioptIntegerNestedBranches/arm64/int32/direct-true/true=1/compare=0/equal=false"}
{"Time":"2026-10-03T22:45:35.383028-03:00","Action":"output","Package":"cmd/compile/internal/ssacompile","Test":"TestPhioptIntegerNestedBranches/arm64/int32/direct-true/true=1/compare=0/equal=false","Output":"=== RUN   TestPhioptIntegerNestedBranches/arm64/int32/direct-true/true=1/compare=0/equal=false\n","OutputType":"frame"}
{"Time":"2026-10-03T22:45:35.383033-03:00","Action":"output","Package":"cmd/compile/internal/ssacompile","Test":"TestPhioptIntegerNestedBranches/arm64/int32/direct-true/true=1/compare=0/equal=false","Output":"--- PASS: TestPhioptIntegerNestedBranches/arm64/int32/direct-true/true=1/compare=0/equal=false (0.00s)\n","OutputType":"frame"}
{"Time":"2026-10-03T22:45:35.383037-03:00","Action":"pass","Package":"cmd/compile/internal/ssacompile","Test":"TestPhioptIntegerNestedBranches/arm64/int32/direct-true/true=1/compare=0/equal=false","Elapsed":0}
{"Time":"2026-10-03T22:45:35.383041-03:00","Action":"run","Package":"cmd/compile/internal/ssacompile","Test":"TestPhioptIntegerNestedBranches/arm64/int32/direct-true/true=1/compare=0/equal=true"}
{"Time":"2026-10-03T22:45:35.383044-03:00","Action":"output","Package":"cmd/compile/internal/ssacompile","Test":"TestPhioptIntegerNestedBranches/arm64/int32/direct-true/true=1/compare=0/equal=true","Output":"=== RUN   TestPhioptIntegerNestedBranches/arm64/int32/direct-true/true=1/compare=0/equal=true\n","OutputType":"frame"}
{"Time":"2026-10-03T22:45:35.38305-03:00","Action":"output","Package":"cmd/compile/internal/ssacompile","Test":"TestPhioptIntegerNestedBranches/arm64/int32/direct-true/true=1/compare=0/equal=true","Output":"--- PASS: TestPhioptIntegerNestedBranches/arm64/int32/direct-true/true=1/compare=0/equal=true (0.00s)\n","OutputType":"frame"}
{"Time":"2026-10-03T22:45:35.383058-03:00","Action":"pass","Package":"cmd/compile/internal/ssacompile","Test":"TestPhioptIntegerNestedBranches/arm64/int32/direct-true/true=1/compare=0/equal=true","Elapsed":0}
{"Time":"2026-10-03T22:45:35.383065-03:00","Action":"run","Package":"cmd/compile/internal/ssacompile","Test":"TestPhioptIntegerNestedBranches/arm64/int32/direct-true/true=1/compare=1/equal=false"}
{"Time":"2026-10-03T22:45:35.383069-03:00","Action":"output","Package":"cmd/compile/internal/ssacompile","Test":"TestPhioptIntegerNestedBranches/arm64/int32/direct-true/true=1/compare=1/equal=false","Output":"=== RUN   TestPhioptIntegerNestedBranches/arm64/int32/direct-true/true=1/compare=1/equal=false\n","OutputType":"frame"}
{"Time":"2026-10-03T22:45:35.383073-03:00","Action":"output","Package":"cmd/compile/internal/ssacompile","Test":"TestPhioptIntegerNestedBranches/arm64/int32/direct-true/true=1/compare=1/equal=false","Output":"--- PASS: TestPhioptIntegerNestedBranches/arm64/int32/direct-true/true=1/compare=1/equal=false (0.00s)\n","OutputType":"frame"}
{"Time":"2026-10-03T22:45:35.383076-03:00","Action":"pass","Package":"cmd/compile/internal/ssacompile","Test":"TestPhioptIntegerNestedBranches/arm64/int32/direct-true/true=1/compare=1/equal=false","Elapsed":0}
{"Time":"2026-10-03T22:45:35.383079-03:00","Action":"run","Package":"cmd/compile/internal/ssacompile","Test":"TestPhioptIntegerNestedBranches/arm64/int32/direct-true/true=1/compare=1/equal=true"}
{"Time":"2026-10-03T22:45:35.383082-03:00","Action":"output","Package":"cmd/compile/internal/ssacompile","Test":"TestPhioptIntegerNestedBranches/arm64/int32/direct-true/true=1/compare=1/equal=true","Output":"=== RUN   TestPhioptIntegerNestedBranches/arm64/int32/direct-true/true=1/compare=1/equal=true\n","OutputType":"frame"}
{"Time":"2026-10-03T22:45:35.383109-03:00","Action":"output","Package":"cmd/compile/internal/ssacompile","Test":"TestPhioptIntegerNestedBranches/arm64/int32/direct-true/true=1/compare=1/equal=true","Output":"--- PASS: TestPhioptIntegerNestedBranches/arm64/int32/direct-true/true=1/compare=1/equal=true (0.00s)\n","OutputType":"frame"}
{"Time":"2026-10-03T22:45:35.383114-03:00","Action":"pass","Package":"cmd/compile/internal/ssacompile","Test":"TestPhioptIntegerNestedBranches/arm64/int32/direct-true/true=1/compare=1/equal=true","Elapsed":0}
{"Time":"2026-10-03T22:45:35.383118-03:00","Action":"run","Package":"cmd/compile/internal/ssacompile","Test":"TestPhioptIntegerNestedBranches/arm64/int32/direct-false/true=0/compare=0/equal=false"}
{"Time":"2026-10-03T22:45:35.383123-03:00","Action":"output","Package":"cmd/compile/internal/ssacompile","Test":"TestPhioptIntegerNestedBranches/arm64/int32/direct-false/true=0/compare=0/equal=false","Output":"=== RUN   TestPhioptIntegerNestedBranches/arm64/int32/direct-false/true=0/compare=0/equal=false\n","OutputType":"frame"}
{"Time":"2026-10-03T22:45:35.383127-03:00","Action":"output","Package":"cmd/compile/internal/ssacompile","Test":"TestPhioptIntegerNestedBranches/arm64/int32/direct-false/true=0/compare=0/equal=false","Output":"--- PASS: TestPhioptIntegerNestedBranches/arm64/int32/direct-false/true=0/compare=0/equal=false (0.00s)\n","OutputType":"frame"}
{"Time":"2026-10-03T22:45:35.38313-03:00","Action":"pass","Package":"cmd/compile/internal/ssacompile","Test":"TestPhioptIntegerNestedBranches/arm64/int32/direct-false/true=0/compare=0/equal=false","Elapsed":0}
{"Time":"2026-10-03T22:45:35.383134-03:00","Action":"run","Package":"cmd/compile/internal/ssacompile","Test":"TestPhioptIntegerNestedBranches/arm64/int32/direct-false/true=0/compare=0/equal=true"}
{"Time":"2026-10-03T22:45:35.383136-03:00","Action":"output","Package":"cmd/compile/internal/ssacompile","Test":"TestPhioptIntegerNestedBranches/arm64/int32/direct-false/true=0/compare=0/equal=true","Output":"=== RUN   TestPhioptIntegerNestedBranches/arm64/int32/direct-false/true=0/compare=0/equal=true\n","OutputType":"frame"}
{"Time":"2026-10-03T22:45:35.38314-03:00","Action":"output","Package":"cmd/compile/internal/ssacompile","Test":"TestPhioptIntegerNestedBranches/arm64/int32/direct-false/true=0/compare=0/equal=true","Output":"--- PASS: TestPhioptIntegerNestedBranches/arm64/int32/direct-false/true=0/compare=0/equal=true (0.00s)\n","OutputType":"frame"}
{"Time":"2026-10-03T22:45:35.383142-03:00","Action":"pass","Package":"cmd/compile/internal/ssacompile","Test":"TestPhioptIntegerNestedBranches/arm64/int32/direct-false/true=0/compare=0/equal=true","Elapsed":0}
{"Time":"2026-10-03T22:45:35.383144-03:00","Action":"run","Package":"cmd/compile/internal/ssacompile","Test":"TestPhioptIntegerNestedBranches/arm64/int32/direct-false/true=0/compare=1/equal=false"}
{"Time":"2026-10-03T22:45:35.383147-03:00","Action":"output","Package":"cmd/compile/internal/ssacompile","Test":"TestPhioptIntegerNestedBranches/arm64/int32/direct-false/true=0/compare=1/equal=false","Output":"=== RUN   TestPhioptIntegerNestedBranches/arm64/int32/direct-false/true=0/compare=1/equal=false\n","OutputType":"frame"}
{"Time":"2026-10-03T22:45:35.38315-03:00","Action":"output","Package":"cmd/compile/internal/ssacompile","Test":"TestPhioptIntegerNestedBranches/arm64/int32/direct-false/true=0/compare=1/equal=false","Output":"--- PASS: TestPhioptIntegerNestedBranches/arm64/int32/direct-false/true=0/compare=1/equal=false (0.00s)\n","OutputType":"frame"}
{"Time":"2026-10-03T22:45:35.383153-03:00","Action":"pass","Package":"cmd/compile/internal/ssacompile","Test":"TestPhioptIntegerNestedBranches/arm64/int32/direct-false/true=0/compare=1/equal=false","Elapsed":0}
{"Time":"2026-10-03T22:45:35.383155-03:00","Action":"run","Package":"cmd/compile/internal/ssacompile","Test":"TestPhioptIntegerNestedBranches/arm64/int32/direct-false/true=0/compare=1/equal=true"}
{"Time":"2026-10-03T22:45:35.383157-03:00","Action":"output","Package":"cmd/compile/internal/ssacompile","Test":"TestPhioptIntegerNestedBranches/arm64/int32/direct-false/true=0/compare=1/equal=true","Output":"=== RUN   TestPhioptIntegerNestedBranches/arm64/int32/direct-false/true=0/compare=1/equal=true\n","OutputType":"frame"}
{"Time":"2026-10-03T22:45:35.38316-03:00","Action":"output","Package":"cmd/compile/internal/ssacompile","Test":"TestPhioptIntegerNestedBranches/arm64/int32/direct-false/true=0/compare=1/equal=true","Output":"--- PASS: TestPhioptIntegerNestedBranches/arm64/int32/direct-false/true=0/compare=1/equal=true (0.00s)\n","OutputType":"frame"}
{"Time":"2026-10-03T22:45:35.383163-03:00","Action":"pass","Package":"cmd/compile/internal/ssacompile","Test":"TestPhioptIntegerNestedBranches/arm64/int32/direct-false/true=0/compare=1/equal=true","Elapsed":0}
{"Time":"2026-10-03T22:45:35.383165-03:00","Action":"run","Package":"cmd/compile/internal/ssacompile","Test":"TestPhioptIntegerNestedBranches/arm64/int32/direct-false/true=1/compare=0/equal=false"}
{"Time":"2026-10-03T22:45:35.383168-03:00","Action":"output","Package":"cmd/compile/internal/ssacompile","Test":"TestPhioptIntegerNestedBranches/arm64/int32/direct-false/true=1/compare=0/equal=false","Output":"=== RUN   TestPhioptIntegerNestedBranches/arm64/int32/direct-false/true=1/compare=0/equal=false\n","OutputType":"frame"}
{"Time":"2026-10-03T22:45:35.383171-03:00","Action":"output","Package":"cmd/compile/internal/ssacompile","Test":"TestPhioptIntegerNestedBranches/arm64/int32/direct-false/true=1/compare=0/equal=false","Output":"--- PASS: TestPhioptIntegerNestedBranches/arm64/int32/direct-false/true=1/compare=0/equal=false (0.00s)\n","OutputType":"frame"}
{"Time":"2026-10-03T22:45:35.383173-03:00","Action":"pass","Package":"cmd/compile/internal/ssacompile","Test":"TestPhioptIntegerNestedBranches/arm64/int32/direct-false/true=1/compare=0/equal=false","Elapsed":0}
{"Time":"2026-10-03T22:45:35.383175-03:00","Action":"run","Package":"cmd/compile/internal/ssacompile","Test":"TestPhioptIntegerNestedBranches/arm64/int32/direct-false/true=1/compare=0/equal=true"}
{"Time":"2026-10-03T22:45:35.383178-03:00","Action":"output","Package":"cmd/compile/internal/ssacompile","Test":"TestPhioptIntegerNestedBranches/arm64/int32/direct-false/true=1/compare=0/equal=true","Output":"=== RUN   TestPhioptIntegerNestedBranches/arm64/int32/direct-false/true=1/compare=0/equal=true\n","OutputType":"frame"}
{"Time":"2026-10-03T22:45:35.383181-03:00","Action":"output","Package":"cmd/compile/internal/ssacompile","Test":"TestPhioptIntegerNestedBranches/arm64/int32/direct-false/true=1/compare=0/equal=true","Output":"--- PASS: TestPhioptIntegerNestedBranches/arm64/int32/direct-false/true=1/compare=0/equal=true (0.00s)\n","OutputType":"frame"}
{"Time":"2026-10-03T22:45:35.383183-03:00","Action":"pass","Package":"cmd/compile/internal/ssacompile","Test":"TestPhioptIntegerNestedBranches/arm64/int32/direct-false/true=1/compare=0/equal=true","Elapsed":0}
{"Time":"2026-10-03T22:45:35.383186-03:00","Action":"run","Package":"cmd/compile/internal/ssacompile","Test":"TestPhioptIntegerNestedBranches/arm64/int32/direct-false/true=1/compare=1/equal=false"}
{"Time":"2026-10-03T22:45:35.383188-03:00","Action":"output","Package":"cmd/compile/internal/ssacompile","Test":"TestPhioptIntegerNestedBranches/arm64/int32/direct-false/true=1/compare=1/equal=false","Output":"=== RUN   TestPhioptIntegerNestedBranches/arm64/int32/direct-false/true=1/compare=1/equal=false\n","OutputType":"frame"}
{"Time":"2026-10-03T22:45:35.383191-03:00","Action":"output","Package":"cmd/compile/internal/ssacompile","Test":"TestPhioptIntegerNestedBranches/arm64/int32/direct-false/true=1/compare=1/equal=false","Output":"--- PASS: TestPhioptIntegerNestedBranches/arm64/int32/direct-false/true=1/compare=1/equal=false (0.00s)\n","OutputType":"frame"}
{"Time":"2026-10-03T22:45:35.383193-03:00","Action":"pass","Package":"cmd/compile/internal/ssacompile","Test":"TestPhioptIntegerNestedBranches/arm64/int32/direct-false/true=1/compare=1/equal=false","Elapsed":0}
{"Time":"2026-10-03T22:45:35.383196-03:00","Action":"run","Package":"cmd/compile/internal/ssacompile","Test":"TestPhioptIntegerNestedBranches/arm64/int32/direct-false/true=1/compare=1/equal=true"}
{"Time":"2026-10-03T22:45:35.383198-03:00","Action":"output","Package":"cmd/compile/internal/ssacompile","Test":"TestPhioptIntegerNestedBranches/arm64/int32/direct-false/true=1/compare=1/equal=true","Output":"=== RUN   TestPhioptIntegerNestedBranches/arm64/int32/direct-false/true=1/compare=1/equal=true\n","OutputType":"frame"}
{"Time":"2026-10-03T22:45:35.383202-03:00","Action":"output","Package":"cmd/compile/internal/ssacompile","Test":"TestPhioptIntegerNestedBranches/arm64/int32/direct-false/true=1/compare=1/equal=true","Output":"--- PASS: TestPhioptIntegerNestedBranches/arm64/int32/direct-false/true=1/compare=1/equal=true (0.00s)\n","OutputType":"frame"}
{"Time":"2026-10-03T22:45:35.383204-03:00","Action":"pass","Package":"cmd/compile/internal/ssacompile","Test":"TestPhioptIntegerNestedBranches/arm64/int32/direct-false/true=1/compare=1/equal=true","Elapsed":0}
{"Time":"2026-10-03T22:45:35.383207-03:00","Action":"run","Package":"cmd/compile/internal/ssacompile","Test":"TestPhioptIntegerNestedBranches/arm64/uint64/nested/true=0/compare=0/equal=false"}
{"Time":"2026-10-03T22:45:35.383209-03:00","Action":"output","Package":"cmd/compile/internal/ssacompile","Test":"TestPhioptIntegerNestedBranches/arm64/uint64/nested/true=0/compare=0/equal=false","Output":"=== RUN   TestPhioptIntegerNestedBranches/arm64/uint64/nested/true=0/compare=0/equal=false\n","OutputType":"frame"}
{"Time":"2026-10-03T22:45:35.383213-03:00","Action":"output","Package":"cmd/compile/internal/ssacompile","Test":"TestPhioptIntegerNestedBranches/arm64/uint64/nested/true=0/compare=0/equal=false","Output":"--- PASS: TestPhioptIntegerNestedBranches/arm64/uint64/nested/true=0/compare=0/equal=false (0.00s)\n","OutputType":"frame"}
{"Time":"2026-10-03T22:45:35.383215-03:00","Action":"pass","Package":"cmd/compile/internal/ssacompile","Test":"TestPhioptIntegerNestedBranches/arm64/uint64/nested/true=0/compare=0/equal=false","Elapsed":0}
{"Time":"2026-10-03T22:45:35.383218-03:00","Action":"run","Package":"cmd/compile/internal/ssacompile","Test":"TestPhioptIntegerNestedBranches/arm64/uint64/nested/true=0/compare=0/equal=true"}
{"Time":"2026-10-03T22:45:35.38322-03:00","Action":"output","Package":"cmd/compile/internal/ssacompile","Test":"TestPhioptIntegerNestedBranches/arm64/uint64/nested/true=0/compare=0/equal=true","Output":"=== RUN   TestPhioptIntegerNestedBranches/arm64/uint64/nested/true=0/compare=0/equal=true\n","OutputType":"frame"}
{"Time":"2026-10-03T22:45:35.383223-03:00","Action":"output","Package":"cmd/compile/internal/ssacompile","Test":"TestPhioptIntegerNestedBranches/arm64/uint64/nested/true=0/compare=0/equal=true","Output":"--- PASS: TestPhioptIntegerNestedBranches/arm64/uint64/nested/true=0/compare=0/equal=true (0.00s)\n","OutputType":"frame"}
{"Time":"2026-10-03T22:45:35.383228-03:00","Action":"pass","Package":"cmd/compile/internal/ssacompile","Test":"TestPhioptIntegerNestedBranches/arm64/uint64/nested/true=0/compare=0/equal=true","Elapsed":0}
{"Time":"2026-10-03T22:45:35.383231-03:00","Action":"run","Package":"cmd/compile/internal/ssacompile","Test":"TestPhioptIntegerNestedBranches/arm64/uint64/nested/true=0/compare=1/equal=false"}
{"Time":"2026-10-03T22:45:35.383234-03:00","Action":"output","Package":"cmd/compile/internal/ssacompile","Test":"TestPhioptIntegerNestedBranches/arm64/uint64/nested/true=0/compare=1/equal=false","Output":"=== RUN   TestPhioptIntegerNestedBranches/arm64/uint64/nested/true=0/compare=1/equal=false\n","OutputType":"frame"}
{"Time":"2026-10-03T22:45:35.383239-03:00","Action":"output","Package":"cmd/compile/internal/ssacompile","Test":"TestPhioptIntegerNestedBranches/arm64/uint64/nested/true=0/compare=1/equal=false","Output":"--- PASS: TestPhioptIntegerNestedBranches/arm64/uint64/nested/true=0/compare=1/equal=false (0.00s)\n","OutputType":"frame"}
{"Time":"2026-10-03T22:45:35.383242-03:00","Action":"pass","Package":"cmd/compile/internal/ssacompile","Test":"TestPhioptIntegerNestedBranches/arm64/uint64/nested/true=0/compare=1/equal=false","Elapsed":0}
{"Time":"2026-10-03T22:45:35.383244-03:00","Action":"run","Package":"cmd/compile/internal/ssacompile","Test":"TestPhioptIntegerNestedBranches/arm64/uint64/nested/true=0/compare=1/equal=true"}
{"Time":"2026-10-03T22:45:35.383246-03:00","Action":"output","Package":"cmd/compile/internal/ssacompile","Test":"TestPhioptIntegerNestedBranches/arm64/uint64/nested/true=0/compare=1/equal=true","Output":"=== RUN   TestPhioptIntegerNestedBranches/arm64/uint64/nested/true=0/compare=1/equal=true\n","OutputType":"frame"}
{"Time":"2026-10-03T22:45:35.38325-03:00","Action":"output","Package":"cmd/compile/internal/ssacompile","Test":"TestPhioptIntegerNestedBranches/arm64/uint64/nested/true=0/compare=1/equal=true","Output":"--- PASS: TestPhioptIntegerNestedBranches/arm64/uint64/nested/true=0/compare=1/equal=true (0.00s)\n","OutputType":"frame"}
{"Time":"2026-10-03T22:45:35.383252-03:00","Action":"pass","Package":"cmd/compile/internal/ssacompile","Test":"TestPhioptIntegerNestedBranches/arm64/uint64/nested/true=0/compare=1/equal=true","Elapsed":0}
{"Time":"2026-10-03T22:45:35.383254-03:00","Action":"run","Package":"cmd/compile/internal/ssacompile","Test":"TestPhioptIntegerNestedBranches/arm64/uint64/nested/true=1/compare=0/equal=false"}
{"Time":"2026-10-03T22:45:35.383257-03:00","Action":"output","Package":"cmd/compile/internal/ssacompile","Test":"TestPhioptIntegerNestedBranches/arm64/uint64/nested/true=1/compare=0/equal=false","Output":"=== RUN   TestPhioptIntegerNestedBranches/arm64/uint64/nested/true=1/compare=0/equal=false\n","OutputType":"frame"}
{"Time":"2026-10-03T22:45:35.383272-03:00","Action":"output","Package":"cmd/compile/internal/ssacompile","Test":"TestPhioptIntegerNestedBranches/arm64/uint64/nested/true=1/compare=0/equal=false","Output":"--- PASS: TestPhioptIntegerNestedBranches/arm64/uint64/nested/true=1/compare=0/equal=false (0.00s)\n","OutputType":"frame"}
{"Time":"2026-10-03T22:45:35.383275-03:00","Action":"pass","Package":"cmd/compile/internal/ssacompile","Test":"TestPhioptIntegerNestedBranches/arm64/uint64/nested/true=1/compare=0/equal=false","Elapsed":0}
{"Time":"2026-10-03T22:45:35.383278-03:00","Action":"run","Package":"cmd/compile/internal/ssacompile","Test":"TestPhioptIntegerNestedBranches/arm64/uint64/nested/true=1/compare=0/equal=true"}
{"Time":"2026-10-03T22:45:35.383281-03:00","Action":"output","Package":"cmd/compile/internal/ssacompile","Test":"TestPhioptIntegerNestedBranches/arm64/uint64/nested/true=1/compare=0/equal=true","Output":"=== RUN   TestPhioptIntegerNestedBranches/arm64/uint64/nested/true=1/compare=0/equal=true\n","OutputType":"frame"}
{"Time":"2026-10-03T22:45:35.383341-03:00","Action":"output","Package":"cmd/compile/internal/ssacompile","Test":"TestPhioptIntegerNestedBranches/arm64/uint64/nested/true=1/compare=0/equal=true","Output":"--- PASS: TestPhioptIntegerNestedBranches/arm64/uint64/nested/true=1/compare=0/equal=true (0.00s)\n","OutputType":"frame"}
{"Time":"2026-10-03T22:45:35.383357-03:00","Action":"pass","Package":"cmd/compile/internal/ssacompile","Test":"TestPhioptIntegerNestedBranches/arm64/uint64/nested/true=1/compare=0/equal=true","Elapsed":0}
{"Time":"2026-10-03T22:45:35.383366-03:00","Action":"run","Package":"cmd/compile/internal/ssacompile","Test":"TestPhioptIntegerNestedBranches/arm64/uint64/nested/true=1/compare=1/equal=false"}
{"Time":"2026-10-03T22:45:35.383374-03:00","Action":"output","Package":"cmd/compile/internal/ssacompile","Test":"TestPhioptIntegerNestedBranches/arm64/uint64/nested/true=1/compare=1/equal=false","Output":"=== RUN   TestPhioptIntegerNestedBranches/arm64/uint64/nested/true=1/compare=1/equal=false\n","OutputType":"frame"}
{"Time":"2026-10-03T22:45:35.383419-03:00","Action":"output","Package":"cmd/compile/internal/ssacompile","Test":"TestPhioptIntegerNestedBranches/arm64/uint64/nested/true=1/compare=1/equal=false","Output":"--- PASS: TestPhioptIntegerNestedBranches/arm64/uint64/nested/true=1/compare=1/equal=false (0.00s)\n","OutputType":"frame"}
{"Time":"2026-10-03T22:45:35.383426-03:00","Action":"pass","Package":"cmd/compile/internal/ssacompile","Test":"TestPhioptIntegerNestedBranches/arm64/uint64/nested/true=1/compare=1/equal=false","Elapsed":0}
{"Time":"2026-10-03T22:45:35.38343-03:00","Action":"run","Package":"cmd/compile/internal/ssacompile","Test":"TestPhioptIntegerNestedBranches/arm64/uint64/nested/true=1/compare=1/equal=true"}
{"Time":"2026-10-03T22:45:35.383432-03:00","Action":"output","Package":"cmd/compile/internal/ssacompile","Test":"TestPhioptIntegerNestedBranches/arm64/uint64/nested/true=1/compare=1/equal=true","Output":"=== RUN   TestPhioptIntegerNestedBranches/arm64/uint64/nested/true=1/compare=1/equal=true\n","OutputType":"frame"}
{"Time":"2026-10-03T22:45:35.383452-03:00","Action":"output","Package":"cmd/compile/internal/ssacompile","Test":"TestPhioptIntegerNestedBranches/arm64/uint64/nested/true=1/compare=1/equal=true","Output":"--- PASS: TestPhioptIntegerNestedBranches/arm64/uint64/nested/true=1/compare=1/equal=true (0.00s)\n","OutputType":"frame"}
{"Time":"2026-10-03T22:45:35.383456-03:00","Action":"pass","Package":"cmd/compile/internal/ssacompile","Test":"TestPhioptIntegerNestedBranches/arm64/uint64/nested/true=1/compare=1/equal=true","Elapsed":0}
{"Time":"2026-10-03T22:45:35.383458-03:00","Action":"run","Package":"cmd/compile/internal/ssacompile","Test":"TestPhioptIntegerNestedBranches/arm64/uint64/direct-true/true=0/compare=0/equal=false"}
{"Time":"2026-10-03T22:45:35.383461-03:00","Action":"output","Package":"cmd/compile/internal/ssacompile","Test":"TestPhioptIntegerNestedBranches/arm64/uint64/direct-true/true=0/compare=0/equal=false","Output":"=== RUN   TestPhioptIntegerNestedBranches/arm64/uint64/direct-true/true=0/compare=0/equal=false\n","OutputType":"frame"}
{"Time":"2026-10-03T22:45:35.383468-03:00","Action":"output","Package":"cmd/compile/internal/ssacompile","Test":"TestPhioptIntegerNestedBranches/arm64/uint64/direct-true/true=0/compare=0/equal=false","Output":"--- PASS: TestPhioptIntegerNestedBranches/arm64/uint64/direct-true/true=0/compare=0/equal=false (0.00s)\n","OutputType":"frame"}
{"Time":"2026-10-03T22:45:35.383472-03:00","Action":"pass","Package":"cmd/compile/internal/ssacompile","Test":"TestPhioptIntegerNestedBranches/arm64/uint64/direct-true/true=0/compare=0/equal=false","Elapsed":0}
{"Time":"2026-10-03T22:45:35.383475-03:00","Action":"run","Package":"cmd/compile/internal/ssacompile","Test":"TestPhioptIntegerNestedBranches/arm64/uint64/direct-true/true=0/compare=0/equal=true"}
{"Time":"2026-10-03T22:45:35.383477-03:00","Action":"output","Package":"cmd/compile/internal/ssacompile","Test":"TestPhioptIntegerNestedBranches/arm64/uint64/direct-true/true=0/compare=0/equal=true","Output":"=== RUN   TestPhioptIntegerNestedBranches/arm64/uint64/direct-true/true=0/compare=0/equal=true\n","OutputType":"frame"}
{"Time":"2026-10-03T22:45:35.383489-03:00","Action":"output","Package":"cmd/compile/internal/ssacompile","Test":"TestPhioptIntegerNestedBranches/arm64/uint64/direct-true/true=0/compare=0/equal=true","Output":"--- PASS: TestPhioptIntegerNestedBranches/arm64/uint64/direct-true/true=0/compare=0/equal=true (0.00s)\n","OutputType":"frame"}
{"Time":"2026-10-03T22:45:35.383494-03:00","Action":"pass","Package":"cmd/compile/internal/ssacompile","Test":"TestPhioptIntegerNestedBranches/arm64/uint64/direct-true/true=0/compare=0/equal=true","Elapsed":0}
{"Time":"2026-10-03T22:45:35.383497-03:00","Action":"run","Package":"cmd/compile/internal/ssacompile","Test":"TestPhioptIntegerNestedBranches/arm64/uint64/direct-true/true=0/compare=1/equal=false"}
{"Time":"2026-10-03T22:45:35.3835-03:00","Action":"output","Package":"cmd/compile/internal/ssacompile","Test":"TestPhioptIntegerNestedBranches/arm64/uint64/direct-true/true=0/compare=1/equal=false","Output":"=== RUN   TestPhioptIntegerNestedBranches/arm64/uint64/direct-true/true=0/compare=1/equal=false\n","OutputType":"frame"}
{"Time":"2026-10-03T22:45:35.383549-03:00","Action":"output","Package":"cmd/compile/internal/ssacompile","Test":"TestPhioptIntegerNestedBranches/arm64/uint64/direct-true/true=0/compare=1/equal=false","Output":"--- PASS: TestPhioptIntegerNestedBranches/arm64/uint64/direct-true/true=0/compare=1/equal=false (0.00s)\n","OutputType":"frame"}
{"Time":"2026-10-03T22:45:35.383554-03:00","Action":"pass","Package":"cmd/compile/internal/ssacompile","Test":"TestPhioptIntegerNestedBranches/arm64/uint64/direct-true/true=0/compare=1/equal=false","Elapsed":0}
{"Time":"2026-10-03T22:45:35.383558-03:00","Action":"run","Package":"cmd/compile/internal/ssacompile","Test":"TestPhioptIntegerNestedBranches/arm64/uint64/direct-true/true=0/compare=1/equal=true"}
{"Time":"2026-10-03T22:45:35.38356-03:00","Action":"output","Package":"cmd/compile/internal/ssacompile","Test":"TestPhioptIntegerNestedBranches/arm64/uint64/direct-true/true=0/compare=1/equal=true","Output":"=== RUN   TestPhioptIntegerNestedBranches/arm64/uint64/direct-true/true=0/compare=1/equal=true\n","OutputType":"frame"}
{"Time":"2026-10-03T22:45:35.383563-03:00","Action":"output","Package":"cmd/compile/internal/ssacompile","Test":"TestPhioptIntegerNestedBranches/arm64/uint64/direct-true/true=0/compare=1/equal=true","Output":"--- PASS: TestPhioptIntegerNestedBranches/arm64/uint64/direct-true/true=0/compare=1/equal=true (0.00s)\n","OutputType":"frame"}
{"Time":"2026-10-03T22:45:35.383566-03:00","Action":"pass","Package":"cmd/compile/internal/ssacompile","Test":"TestPhioptIntegerNestedBranches/arm64/uint64/direct-true/true=0/compare=1/equal=true","Elapsed":0}
{"Time":"2026-10-03T22:45:35.383569-03:00","Action":"run","Package":"cmd/compile/internal/ssacompile","Test":"TestPhioptIntegerNestedBranches/arm64/uint64/direct-true/true=1/compare=0/equal=false"}
{"Time":"2026-10-03T22:45:35.383571-03:00","Action":"output","Package":"cmd/compile/internal/ssacompile","Test":"TestPhioptIntegerNestedBranches/arm64/uint64/direct-true/true=1/compare=0/equal=false","Output":"=== RUN   TestPhioptIntegerNestedBranches/arm64/uint64/direct-true/true=1/compare=0/equal=false\n","OutputType":"frame"}
{"Time":"2026-10-03T22:45:35.383577-03:00","Action":"output","Package":"cmd/compile/internal/ssacompile","Test":"TestPhioptIntegerNestedBranches/arm64/uint64/direct-true/true=1/compare=0/equal=false","Output":"--- PASS: TestPhioptIntegerNestedBranches/arm64/uint64/direct-true/true=1/compare=0/equal=false (0.00s)\n","OutputType":"frame"}
{"Time":"2026-10-03T22:45:35.38358-03:00","Action":"pass","Package":"cmd/compile/internal/ssacompile","Test":"TestPhioptIntegerNestedBranches/arm64/uint64/direct-true/true=1/compare=0/equal=false","Elapsed":0}
{"Time":"2026-10-03T22:45:35.383584-03:00","Action":"run","Package":"cmd/compile/internal/ssacompile","Test":"TestPhioptIntegerNestedBranches/arm64/uint64/direct-true/true=1/compare=0/equal=true"}
{"Time":"2026-10-03T22:45:35.383587-03:00","Action":"output","Package":"cmd/compile/internal/ssacompile","Test":"TestPhioptIntegerNestedBranches/arm64/uint64/direct-true/true=1/compare=0/equal=true","Output":"=== RUN   TestPhioptIntegerNestedBranches/arm64/uint64/direct-true/true=1/compare=0/equal=true\n","OutputType":"frame"}
{"Time":"2026-10-03T22:45:35.38359-03:00","Action":"output","Package":"cmd/compile/internal/ssacompile","Test":"TestPhioptIntegerNestedBranches/arm64/uint64/direct-true/true=1/compare=0/equal=true","Output":"--- PASS: TestPhioptIntegerNestedBranches/arm64/uint64/direct-true/true=1/compare=0/equal=true (0.00s)\n","OutputType":"frame"}
{"Time":"2026-10-03T22:45:35.383593-03:00","Action":"pass","Package":"cmd/compile/internal/ssacompile","Test":"TestPhioptIntegerNestedBranches/arm64/uint64/direct-true/true=1/compare=0/equal=true","Elapsed":0}
{"Time":"2026-10-03T22:45:35.383595-03:00","Action":"run","Package":"cmd/compile/internal/ssacompile","Test":"TestPhioptIntegerNestedBranches/arm64/uint64/direct-true/true=1/compare=1/equal=false"}
{"Time":"2026-10-03T22:45:35.383598-03:00","Action":"output","Package":"cmd/compile/internal/ssacompile","Test":"TestPhioptIntegerNestedBranches/arm64/uint64/direct-true/true=1/compare=1/equal=false","Output":"=== RUN   TestPhioptIntegerNestedBranches/arm64/uint64/direct-true/true=1/compare=1/equal=false\n","OutputType":"frame"}
{"Time":"2026-10-03T22:45:35.383601-03:00","Action":"output","Package":"cmd/compile/internal/ssacompile","Test":"TestPhioptIntegerNestedBranches/arm64/uint64/direct-true/true=1/compare=1/equal=false","Output":"--- PASS: TestPhioptIntegerNestedBranches/arm64/uint64/direct-true/true=1/compare=1/equal=false (0.00s)\n","OutputType":"frame"}
{"Time":"2026-10-03T22:45:35.383603-03:00","Action":"pass","Package":"cmd/compile/internal/ssacompile","Test":"TestPhioptIntegerNestedBranches/arm64/uint64/direct-true/true=1/compare=1/equal=false","Elapsed":0}
{"Time":"2026-10-03T22:45:35.383605-03:00","Action":"run","Package":"cmd/compile/internal/ssacompile","Test":"TestPhioptIntegerNestedBranches/arm64/uint64/direct-true/true=1/compare=1/equal=true"}
{"Time":"2026-10-03T22:45:35.383608-03:00","Action":"output","Package":"cmd/compile/internal/ssacompile","Test":"TestPhioptIntegerNestedBranches/arm64/uint64/direct-true/true=1/compare=1/equal=true","Output":"=== RUN   TestPhioptIntegerNestedBranches/arm64/uint64/direct-true/true=1/compare=1/equal=true\n","OutputType":"frame"}
{"Time":"2026-10-03T22:45:35.383611-03:00","Action":"output","Package":"cmd/compile/internal/ssacompile","Test":"TestPhioptIntegerNestedBranches/arm64/uint64/direct-true/true=1/compare=1/equal=true","Output":"--- PASS: TestPhioptIntegerNestedBranches/arm64/uint64/direct-true/true=1/compare=1/equal=true (0.00s)\n","OutputType":"frame"}
{"Time":"2026-10-03T22:45:35.383618-03:00","Action":"pass","Package":"cmd/compile/internal/ssacompile","Test":"TestPhioptIntegerNestedBranches/arm64/uint64/direct-true/true=1/compare=1/equal=true","Elapsed":0}
{"Time":"2026-10-03T22:45:35.38362-03:00","Action":"run","Package":"cmd/compile/internal/ssacompile","Test":"TestPhioptIntegerNestedBranches/arm64/uint64/direct-false/true=0/compare=0/equal=false"}
{"Time":"2026-10-03T22:45:35.383623-03:00","Action":"output","Package":"cmd/compile/internal/ssacompile","Test":"TestPhioptIntegerNestedBranches/arm64/uint64/direct-false/true=0/compare=0/equal=false","Output":"=== RUN   TestPhioptIntegerNestedBranches/arm64/uint64/direct-false/true=0/compare=0/equal=false\n","OutputType":"frame"}
{"Time":"2026-10-03T22:45:35.383626-03:00","Action":"output","Package":"cmd/compile/internal/ssacompile","Test":"TestPhioptIntegerNestedBranches/arm64/uint64/direct-false/true=0/compare=0/equal=false","Output":"--- PASS: TestPhioptIntegerNestedBranches/arm64/uint64/direct-false/true=0/compare=0/equal=false (0.00s)\n","OutputType":"frame"}
{"Time":"2026-10-03T22:45:35.383628-03:00","Action":"pass","Package":"cmd/compile/internal/ssacompile","Test":"TestPhioptIntegerNestedBranches/arm64/uint64/direct-false/true=0/compare=0/equal=false","Elapsed":0}
{"Time":"2026-10-03T22:45:35.383631-03:00","Action":"run","Package":"cmd/compile/internal/ssacompile","Test":"TestPhioptIntegerNestedBranches/arm64/uint64/direct-false/true=0/compare=0/equal=true"}
{"Time":"2026-10-03T22:45:35.383634-03:00","Action":"output","Package":"cmd/compile/internal/ssacompile","Test":"TestPhioptIntegerNestedBranches/arm64/uint64/direct-false/true=0/compare=0/equal=true","Output":"=== RUN   TestPhioptIntegerNestedBranches/arm64/uint64/direct-false/true=0/compare=0/equal=true\n","OutputType":"frame"}
{"Time":"2026-10-03T22:45:35.383637-03:00","Action":"output","Package":"cmd/compile/internal/ssacompile","Test":"TestPhioptIntegerNestedBranches/arm64/uint64/direct-false/true=0/compare=0/equal=true","Output":"--- PASS: TestPhioptIntegerNestedBranches/arm64/uint64/direct-false/true=0/compare=0/equal=true (0.00s)\n","OutputType":"frame"}
{"Time":"2026-10-03T22:45:35.383639-03:00","Action":"pass","Package":"cmd/compile/internal/ssacompile","Test":"TestPhioptIntegerNestedBranches/arm64/uint64/direct-false/true=0/compare=0/equal=true","Elapsed":0}
{"Time":"2026-10-03T22:45:35.383641-03:00","Action":"run","Package":"cmd/compile/internal/ssacompile","Test":"TestPhioptIntegerNestedBranches/arm64/uint64/direct-false/true=0/compare=1/equal=false"}
{"Time":"2026-10-03T22:45:35.383644-03:00","Action":"output","Package":"cmd/compile/internal/ssacompile","Test":"TestPhioptIntegerNestedBranches/arm64/uint64/direct-false/true=0/compare=1/equal=false","Output":"=== RUN   TestPhioptIntegerNestedBranches/arm64/uint64/direct-false/true=0/compare=1/equal=false\n","OutputType":"frame"}
{"Time":"2026-10-03T22:45:35.383647-03:00","Action":"output","Package":"cmd/compile/internal/ssacompile","Test":"TestPhioptIntegerNestedBranches/arm64/uint64/direct-false/true=0/compare=1/equal=false","Output":"--- PASS: TestPhioptIntegerNestedBranches/arm64/uint64/direct-false/true=0/compare=1/equal=false (0.00s)\n","OutputType":"frame"}
{"Time":"2026-10-03T22:45:35.38365-03:00","Action":"pass","Package":"cmd/compile/internal/ssacompile","Test":"TestPhioptIntegerNestedBranches/arm64/uint64/direct-false/true=0/compare=1/equal=false","Elapsed":0}
{"Time":"2026-10-03T22:45:35.383652-03:00","Action":"run","Package":"cmd/compile/internal/ssacompile","Test":"TestPhioptIntegerNestedBranches/arm64/uint64/direct-false/true=0/compare=1/equal=true"}
{"Time":"2026-10-03T22:45:35.383654-03:00","Action":"output","Package":"cmd/compile/internal/ssacompile","Test":"TestPhioptIntegerNestedBranches/arm64/uint64/direct-false/true=0/compare=1/equal=true","Output":"=== RUN   TestPhioptIntegerNestedBranches/arm64/uint64/direct-false/true=0/compare=1/equal=true\n","OutputType":"frame"}
{"Time":"2026-10-03T22:45:35.383658-03:00","Action":"output","Package":"cmd/compile/internal/ssacompile","Test":"TestPhioptIntegerNestedBranches/arm64/uint64/direct-false/true=0/compare=1/equal=true","Output":"--- PASS: TestPhioptIntegerNestedBranches/arm64/uint64/direct-false/true=0/compare=1/equal=true (0.00s)\n","OutputType":"frame"}
{"Time":"2026-10-03T22:45:35.38366-03:00","Action":"pass","Package":"cmd/compile/internal/ssacompile","Test":"TestPhioptIntegerNestedBranches/arm64/uint64/direct-false/true=0/compare=1/equal=true","Elapsed":0}
{"Time":"2026-10-03T22:45:35.383664-03:00","Action":"run","Package":"cmd/compile/internal/ssacompile","Test":"TestPhioptIntegerNestedBranches/arm64/uint64/direct-false/true=1/compare=0/equal=false"}
{"Time":"2026-10-03T22:45:35.383666-03:00","Action":"output","Package":"cmd/compile/internal/ssacompile","Test":"TestPhioptIntegerNestedBranches/arm64/uint64/direct-false/true=1/compare=0/equal=false","Output":"=== RUN   TestPhioptIntegerNestedBranches/arm64/uint64/direct-false/true=1/compare=0/equal=false\n","OutputType":"frame"}
{"Time":"2026-10-03T22:45:35.38367-03:00","Action":"output","Package":"cmd/compile/internal/ssacompile","Test":"TestPhioptIntegerNestedBranches/arm64/uint64/direct-false/true=1/compare=0/equal=false","Output":"--- PASS: TestPhioptIntegerNestedBranches/arm64/uint64/direct-false/true=1/compare=0/equal=false (0.00s)\n","OutputType":"frame"}
{"Time":"2026-10-03T22:45:35.383672-03:00","Action":"pass","Package":"cmd/compile/internal/ssacompile","Test":"TestPhioptIntegerNestedBranches/arm64/uint64/direct-false/true=1/compare=0/equal=false","Elapsed":0}
{"Time":"2026-10-03T22:45:35.383674-03:00","Action":"run","Package":"cmd/compile/internal/ssacompile","Test":"TestPhioptIntegerNestedBranches/arm64/uint64/direct-false/true=1/compare=0/equal=true"}
{"Time":"2026-10-03T22:45:35.383677-03:00","Action":"output","Package":"cmd/compile/internal/ssacompile","Test":"TestPhioptIntegerNestedBranches/arm64/uint64/direct-false/true=1/compare=0/equal=true","Output":"=== RUN   TestPhioptIntegerNestedBranches/arm64/uint64/direct-false/true=1/compare=0/equal=true\n","OutputType":"frame"}
{"Time":"2026-10-03T22:45:35.38368-03:00","Action":"output","Package":"cmd/compile/internal/ssacompile","Test":"TestPhioptIntegerNestedBranches/arm64/uint64/direct-false/true=1/compare=0/equal=true","Output":"--- PASS: TestPhioptIntegerNestedBranches/arm64/uint64/direct-false/true=1/compare=0/equal=true (0.00s)\n","OutputType":"frame"}
{"Time":"2026-10-03T22:45:35.383682-03:00","Action":"pass","Package":"cmd/compile/internal/ssacompile","Test":"TestPhioptIntegerNestedBranches/arm64/uint64/direct-false/true=1/compare=0/equal=true","Elapsed":0}
{"Time":"2026-10-03T22:45:35.383685-03:00","Action":"run","Package":"cmd/compile/internal/ssacompile","Test":"TestPhioptIntegerNestedBranches/arm64/uint64/direct-false/true=1/compare=1/equal=false"}
{"Time":"2026-10-03T22:45:35.383687-03:00","Action":"output","Package":"cmd/compile/internal/ssacompile","Test":"TestPhioptIntegerNestedBranches/arm64/uint64/direct-false/true=1/compare=1/equal=false","Output":"=== RUN   TestPhioptIntegerNestedBranches/arm64/uint64/direct-false/true=1/compare=1/equal=false\n","OutputType":"frame"}
{"Time":"2026-10-03T22:45:35.383691-03:00","Action":"output","Package":"cmd/compile/internal/ssacompile","Test":"TestPhioptIntegerNestedBranches/arm64/uint64/direct-false/true=1/compare=1/equal=false","Output":"--- PASS: TestPhioptIntegerNestedBranches/arm64/uint64/direct-false/true=1/compare=1/equal=false (0.00s)\n","OutputType":"frame"}
{"Time":"2026-10-03T22:45:35.383695-03:00","Action":"pass","Package":"cmd/compile/internal/ssacompile","Test":"TestPhioptIntegerNestedBranches/arm64/uint64/direct-false/true=1/compare=1/equal=false","Elapsed":0}
{"Time":"2026-10-03T22:45:35.383697-03:00","Action":"run","Package":"cmd/compile/internal/ssacompile","Test":"TestPhioptIntegerNestedBranches/arm64/uint64/direct-false/true=1/compare=1/equal=true"}
{"Time":"2026-10-03T22:45:35.383699-03:00","Action":"output","Package":"cmd/compile/internal/ssacompile","Test":"TestPhioptIntegerNestedBranches/arm64/uint64/direct-false/true=1/compare=1/equal=true","Output":"=== RUN   TestPhioptIntegerNestedBranches/arm64/uint64/direct-false/true=1/compare=1/equal=true\n","OutputType":"frame"}
{"Time":"2026-10-03T22:45:35.383702-03:00","Action":"output","Package":"cmd/compile/internal/ssacompile","Test":"TestPhioptIntegerNestedBranches/arm64/uint64/direct-false/true=1/compare=1/equal=true","Output":"--- PASS: TestPhioptIntegerNestedBranches/arm64/uint64/direct-false/true=1/compare=1/equal=true (0.00s)\n","OutputType":"frame"}
{"Time":"2026-10-03T22:45:35.383705-03:00","Action":"pass","Package":"cmd/compile/internal/ssacompile","Test":"TestPhioptIntegerNestedBranches/arm64/uint64/direct-false/true=1/compare=1/equal=true","Elapsed":0}
{"Time":"2026-10-03T22:45:35.383708-03:00","Action":"output","Package":"cmd/compile/internal/ssacompile","Test":"TestPhioptIntegerNestedBranches/arm64","Output":"--- PASS: TestPhioptIntegerNestedBranches/arm64 (0.00s)\n","OutputType":"frame"}
{"Time":"2026-10-03T22:45:35.383711-03:00","Action":"pass","Package":"cmd/compile/internal/ssacompile","Test":"TestPhioptIntegerNestedBranches/arm64","Elapsed":0}
{"Time":"2026-10-03T22:45:35.383714-03:00","Action":"output","Package":"cmd/compile/internal/ssacompile","Test":"TestPhioptIntegerNestedBranches","Output":"--- PASS: TestPhioptIntegerNestedBranches (0.01s)\n","OutputType":"frame"}
{"Time":"2026-10-03T22:45:35.383716-03:00","Action":"pass","Package":"cmd/compile/internal/ssacompile","Test":"TestPhioptIntegerNestedBranches","Elapsed":0.01}
{"Time":"2026-10-03T22:45:35.383719-03:00","Action":"run","Package":"cmd/compile/internal/ssacompile","Test":"TestPhioptIntegerRejectsUnsafeFlags"}
{"Time":"2026-10-03T22:45:35.383722-03:00","Action":"output","Package":"cmd/compile/internal/ssacompile","Test":"TestPhioptIntegerRejectsUnsafeFlags","Output":"=== RUN   TestPhioptIntegerRejectsUnsafeFlags\n","OutputType":"frame"}
{"Time":"2026-10-03T22:45:35.383802-03:00","Action":"run","Package":"cmd/compile/internal/ssacompile","Test":"TestPhioptIntegerRejectsUnsafeFlags/other-constant"}
{"Time":"2026-10-03T22:45:35.383807-03:00","Action":"output","Package":"cmd/compile/internal/ssacompile","Test":"TestPhioptIntegerRejectsUnsafeFlags/other-constant","Output":"=== RUN   TestPhioptIntegerRejectsUnsafeFlags/other-constant\n","OutputType":"frame"}
{"Time":"2026-10-03T22:45:35.38394-03:00","Action":"output","Package":"cmd/compile/internal/ssacompile","Test":"TestPhioptIntegerRejectsUnsafeFlags/other-constant","Output":"--- PASS: TestPhioptIntegerRejectsUnsafeFlags/other-constant (0.00s)\n","OutputType":"frame"}
{"Time":"2026-10-03T22:45:35.383956-03:00","Action":"pass","Package":"cmd/compile/internal/ssacompile","Test":"TestPhioptIntegerRejectsUnsafeFlags/other-constant","Elapsed":0}
{"Time":"2026-10-03T22:45:35.383964-03:00","Action":"run","Package":"cmd/compile/internal/ssacompile","Test":"TestPhioptIntegerRejectsUnsafeFlags/negative-constant"}
{"Time":"2026-10-03T22:45:35.383971-03:00","Action":"output","Package":"cmd/compile/internal/ssacompile","Test":"TestPhioptIntegerRejectsUnsafeFlags/negative-constant","Output":"=== RUN   TestPhioptIntegerRejectsUnsafeFlags/negative-constant\n","OutputType":"frame"}
{"Time":"2026-10-03T22:45:35.383982-03:00","Action":"output","Package":"cmd/compile/internal/ssacompile","Test":"TestPhioptIntegerRejectsUnsafeFlags/negative-constant","Output":"--- PASS: TestPhioptIntegerRejectsUnsafeFlags/negative-constant (0.00s)\n","OutputType":"frame"}
{"Time":"2026-10-03T22:45:35.384001-03:00","Action":"pass","Package":"cmd/compile/internal/ssacompile","Test":"TestPhioptIntegerRejectsUnsafeFlags/negative-constant","Elapsed":0}
{"Time":"2026-10-03T22:45:35.384007-03:00","Action":"run","Package":"cmd/compile/internal/ssacompile","Test":"TestPhioptIntegerRejectsUnsafeFlags/same-constant"}
{"Time":"2026-10-03T22:45:35.38401-03:00","Action":"output","Package":"cmd/compile/internal/ssacompile","Test":"TestPhioptIntegerRejectsUnsafeFlags/same-constant","Output":"=== RUN   TestPhioptIntegerRejectsUnsafeFlags/same-constant\n","OutputType":"frame"}
{"Time":"2026-10-03T22:45:35.384014-03:00","Action":"output","Package":"cmd/compile/internal/ssacompile","Test":"TestPhioptIntegerRejectsUnsafeFlags/same-constant","Output":"--- PASS: TestPhioptIntegerRejectsUnsafeFlags/same-constant (0.00s)\n","OutputType":"frame"}
{"Time":"2026-10-03T22:45:35.384016-03:00","Action":"pass","Package":"cmd/compile/internal/ssacompile","Test":"TestPhioptIntegerRejectsUnsafeFlags/same-constant","Elapsed":0}
{"Time":"2026-10-03T22:45:35.38402-03:00","Action":"run","Package":"cmd/compile/internal/ssacompile","Test":"TestPhioptIntegerRejectsUnsafeFlags/shared-successor"}
{"Time":"2026-10-03T22:45:35.384022-03:00","Action":"output","Package":"cmd/compile/internal/ssacompile","Test":"TestPhioptIntegerRejectsUnsafeFlags/shared-successor","Output":"=== RUN   TestPhioptIntegerRejectsUnsafeFlags/shared-successor\n","OutputType":"frame"}
{"Time":"2026-10-03T22:45:35.384025-03:00","Action":"output","Package":"cmd/compile/internal/ssacompile","Test":"TestPhioptIntegerRejectsUnsafeFlags/shared-successor","Output":"--- PASS: TestPhioptIntegerRejectsUnsafeFlags/shared-successor (0.00s)\n","OutputType":"frame"}
{"Time":"2026-10-03T22:45:35.384029-03:00","Action":"pass","Package":"cmd/compile/internal/ssacompile","Test":"TestPhioptIntegerRejectsUnsafeFlags/shared-successor","Elapsed":0}
{"Time":"2026-10-03T22:45:35.384032-03:00","Action":"output","Package":"cmd/compile/internal/ssacompile","Test":"TestPhioptIntegerRejectsUnsafeFlags","Output":"--- PASS: TestPhioptIntegerRejectsUnsafeFlags (0.00s)\n","OutputType":"frame"}
{"Time":"2026-10-03T22:45:35.384035-03:00","Action":"pass","Package":"cmd/compile/internal/ssacompile","Test":"TestPhioptIntegerRejectsUnsafeFlags","Elapsed":0}
{"Time":"2026-10-03T22:45:35.384037-03:00","Action":"run","Package":"cmd/compile/internal/ssacompile","Test":"TestLimitNegSigned"}
{"Time":"2026-10-03T22:45:35.38404-03:00","Action":"output","Package":"cmd/compile/internal/ssacompile","Test":"TestLimitNegSigned","Output":"=== RUN   TestLimitNegSigned\n","OutputType":"frame"}
{"Time":"2026-10-03T22:45:35.389422-03:00","Action":"output","Package":"cmd/compile/internal/ssacompile","Test":"TestLimitNegSigned","Output":"--- PASS: TestLimitNegSigned (0.01s)\n","OutputType":"frame"}
{"Time":"2026-10-03T22:45:35.389427-03:00","Action":"pass","Package":"cmd/compile/internal/ssacompile","Test":"TestLimitNegSigned","Elapsed":0.01}
{"Time":"2026-10-03T22:45:35.389431-03:00","Action":"run","Package":"cmd/compile/internal/ssacompile","Test":"TestLimitNegUnsigned"}
{"Time":"2026-10-03T22:45:35.389436-03:00","Action":"output","Package":"cmd/compile/internal/ssacompile","Test":"TestLimitNegUnsigned","Output":"=== RUN   TestLimitNegUnsigned\n","OutputType":"frame"}
{"Time":"2026-10-03T22:45:35.394618-03:00","Action":"output","Package":"cmd/compile/internal/ssacompile","Test":"TestLimitNegUnsigned","Output":"--- PASS: TestLimitNegUnsigned (0.01s)\n","OutputType":"frame"}
{"Time":"2026-10-03T22:45:35.394623-03:00","Action":"pass","Package":"cmd/compile/internal/ssacompile","Test":"TestLimitNegUnsigned","Elapsed":0.01}
{"Time":"2026-10-03T22:45:35.394627-03:00","Action":"run","Package":"cmd/compile/internal/ssacompile","Test":"TestLimitComSigned"}
{"Time":"2026-10-03T22:45:35.394629-03:00","Action":"output","Package":"cmd/compile/internal/ssacompile","Test":"TestLimitComSigned","Output":"=== RUN   TestLimitComSigned\n","OutputType":"frame"}
{"Time":"2026-10-03T22:45:35.399753-03:00","Action":"output","Package":"cmd/compile/internal/ssacompile","Test":"TestLimitComSigned","Output":"--- PASS: TestLimitComSigned (0.01s)\n","OutputType":"frame"}
{"Time":"2026-10-03T22:45:35.399758-03:00","Action":"pass","Package":"cmd/compile/internal/ssacompile","Test":"TestLimitComSigned","Elapsed":0.01}
{"Time":"2026-10-03T22:45:35.399761-03:00","Action":"run","Package":"cmd/compile/internal/ssacompile","Test":"TestLimitComUnsigned"}
{"Time":"2026-10-03T22:45:35.399764-03:00","Action":"output","Package":"cmd/compile/internal/ssacompile","Test":"TestLimitComUnsigned","Output":"=== RUN   TestLimitComUnsigned\n","OutputType":"frame"}
{"Time":"2026-10-03T22:45:35.404929-03:00","Action":"output","Package":"cmd/compile/internal/ssacompile","Test":"TestLimitComUnsigned","Output":"--- PASS: TestLimitComUnsigned (0.01s)\n","OutputType":"frame"}
{"Time":"2026-10-03T22:45:35.404934-03:00","Action":"pass","Package":"cmd/compile/internal/ssacompile","Test":"TestLimitComUnsigned","Elapsed":0.01}
{"Time":"2026-10-03T22:45:35.404937-03:00","Action":"run","Package":"cmd/compile/internal/ssacompile","Test":"TestLimitCtzUnsigned"}
{"Time":"2026-10-03T22:45:35.404939-03:00","Action":"output","Package":"cmd/compile/internal/ssacompile","Test":"TestLimitCtzUnsigned","Output":"=== RUN   TestLimitCtzUnsigned\n","OutputType":"frame"}
{"Time":"2026-10-03T22:45:35.410031-03:00","Action":"output","Package":"cmd/compile/internal/ssacompile","Test":"TestLimitCtzUnsigned","Output":"--- PASS: TestLimitCtzUnsigned (0.01s)\n","OutputType":"frame"}
{"Time":"2026-10-03T22:45:35.410038-03:00","Action":"pass","Package":"cmd/compile/internal/ssacompile","Test":"TestLimitCtzUnsigned","Elapsed":0.01}
{"Time":"2026-10-03T22:45:35.410042-03:00","Action":"run","Package":"cmd/compile/internal/ssacompile","Test":"TestLimitBitlenUnsigned"}
{"Time":"2026-10-03T22:45:35.410045-03:00","Action":"output","Package":"cmd/compile/internal/ssacompile","Test":"TestLimitBitlenUnsigned","Output":"=== RUN   TestLimitBitlenUnsigned\n","OutputType":"frame"}
{"Time":"2026-10-03T22:45:35.415229-03:00","Action":"output","Package":"cmd/compile/internal/ssacompile","Test":"TestLimitBitlenUnsigned","Output":"--- PASS: TestLimitBitlenUnsigned (0.01s)\n","OutputType":"frame"}
{"Time":"2026-10-03T22:45:35.415236-03:00","Action":"pass","Package":"cmd/compile/internal/ssacompile","Test":"TestLimitBitlenUnsigned","Elapsed":0.01}
{"Time":"2026-10-03T22:45:35.415239-03:00","Action":"run","Package":"cmd/compile/internal/ssacompile","Test":"TestLimitPopcountUnsigned"}
{"Time":"2026-10-03T22:45:35.415243-03:00","Action":"output","Package":"cmd/compile/internal/ssacompile","Test":"TestLimitPopcountUnsigned","Output":"=== RUN   TestLimitPopcountUnsigned\n","OutputType":"frame"}
{"Time":"2026-10-03T22:45:35.420362-03:00","Action":"output","Package":"cmd/compile/internal/ssacompile","Test":"TestLimitPopcountUnsigned","Output":"--- PASS: TestLimitPopcountUnsigned (0.01s)\n","OutputType":"frame"}
{"Time":"2026-10-03T22:45:35.42037-03:00","Action":"pass","Package":"cmd/compile/internal/ssacompile","Test":"TestLimitPopcountUnsigned","Elapsed":0.01}
{"Time":"2026-10-03T22:45:35.420373-03:00","Action":"run","Package":"cmd/compile/internal/ssacompile","Test":"TestConvertIntWithBitsize"}
{"Time":"2026-10-03T22:45:35.420376-03:00","Action":"output","Package":"cmd/compile/internal/ssacompile","Test":"TestConvertIntWithBitsize","Output":"=== RUN   TestConvertIntWithBitsize\n","OutputType":"frame"}
{"Time":"2026-10-03T22:45:35.420379-03:00","Action":"output","Package":"cmd/compile/internal/ssacompile","Test":"TestConvertIntWithBitsize","Output":"--- PASS: TestConvertIntWithBitsize (0.00s)\n","OutputType":"frame"}
{"Time":"2026-10-03T22:45:35.420382-03:00","Action":"pass","Package":"cmd/compile/internal/ssacompile","Test":"TestConvertIntWithBitsize","Elapsed":0}
{"Time":"2026-10-03T22:45:35.420384-03:00","Action":"run","Package":"cmd/compile/internal/ssacompile","Test":"TestRegallocDeadRematerializations"}
{"Time":"2026-10-03T22:45:35.420387-03:00","Action":"output","Package":"cmd/compile/internal/ssacompile","Test":"TestRegallocDeadRematerializations","Output":"=== RUN   TestRegallocDeadRematerializations\n","OutputType":"frame"}
{"Time":"2026-10-03T22:45:35.421717-03:00","Action":"output","Package":"cmd/compile/internal/ssacompile","Test":"TestRegallocDeadRematerializations","Output":"--- PASS: TestRegallocDeadRematerializations (0.00s)\n","OutputType":"frame"}
{"Time":"2026-10-03T22:45:35.421724-03:00","Action":"pass","Package":"cmd/compile/internal/ssacompile","Test":"TestRegallocDeadRematerializations","Elapsed":0}
{"Time":"2026-10-03T22:45:35.421731-03:00","Action":"run","Package":"cmd/compile/internal/ssacompile","Test":"TestLiveControlOps"}
{"Time":"2026-10-03T22:45:35.421734-03:00","Action":"output","Package":"cmd/compile/internal/ssacompile","Test":"TestLiveControlOps","Output":"=== RUN   TestLiveControlOps\n","OutputType":"frame"}
{"Time":"2026-10-03T22:45:35.421877-03:00","Action":"output","Package":"cmd/compile/internal/ssacompile","Test":"TestLiveControlOps","Output":"--- PASS: TestLiveControlOps (0.00s)\n","OutputType":"frame"}
{"Time":"2026-10-03T22:45:35.421881-03:00","Action":"pass","Package":"cmd/compile/internal/ssacompile","Test":"TestLiveControlOps","Elapsed":0}
{"Time":"2026-10-03T22:45:35.421884-03:00","Action":"run","Package":"cmd/compile/internal/ssacompile","Test":"TestNoGetgLoadReg"}
{"Time":"2026-10-03T22:45:35.421887-03:00","Action":"output","Package":"cmd/compile/internal/ssacompile","Test":"TestNoGetgLoadReg","Output":"=== RUN   TestNoGetgLoadReg\n","OutputType":"frame"}
{"Time":"2026-10-03T22:45:35.423069-03:00","Action":"output","Package":"cmd/compile/internal/ssacompile","Test":"TestNoGetgLoadReg","Output":"--- PASS: TestNoGetgLoadReg (0.00s)\n","OutputType":"frame"}
{"Time":"2026-10-03T22:45:35.423075-03:00","Action":"pass","Package":"cmd/compile/internal/ssacompile","Test":"TestNoGetgLoadReg","Elapsed":0}
{"Time":"2026-10-03T22:45:35.423078-03:00","Action":"run","Package":"cmd/compile/internal/ssacompile","Test":"TestSpillWithLoop"}
{"Time":"2026-10-03T22:45:35.423081-03:00","Action":"output","Package":"cmd/compile/internal/ssacompile","Test":"TestSpillWithLoop","Output":"=== RUN   TestSpillWithLoop\n","OutputType":"frame"}
{"Time":"2026-10-03T22:45:35.423183-03:00","Action":"output","Package":"cmd/compile/internal/ssacompile","Test":"TestSpillWithLoop","Output":"--- PASS: TestSpillWithLoop (0.00s)\n","OutputType":"frame"}
{"Time":"2026-10-03T22:45:35.423188-03:00","Action":"pass","Package":"cmd/compile/internal/ssacompile","Test":"TestSpillWithLoop","Elapsed":0}
{"Time":"2026-10-03T22:45:35.423191-03:00","Action":"run","Package":"cmd/compile/internal/ssacompile","Test":"TestSpillMove1"}
{"Time":"2026-10-03T22:45:35.423194-03:00","Action":"output","Package":"cmd/compile/internal/ssacompile","Test":"TestSpillMove1","Output":"=== RUN   TestSpillMove1\n","OutputType":"frame"}
{"Time":"2026-10-03T22:45:35.42331-03:00","Action":"output","Package":"cmd/compile/internal/ssacompile","Test":"TestSpillMove1","Output":"--- PASS: TestSpillMove1 (0.00s)\n","OutputType":"frame"}
{"Time":"2026-10-03T22:45:35.423315-03:00","Action":"pass","Package":"cmd/compile/internal/ssacompile","Test":"TestSpillMove1","Elapsed":0}
{"Time":"2026-10-03T22:45:35.423318-03:00","Action":"run","Package":"cmd/compile/internal/ssacompile","Test":"TestSpillMove2"}
{"Time":"2026-10-03T22:45:35.423321-03:00","Action":"output","Package":"cmd/compile/internal/ssacompile","Test":"TestSpillMove2","Output":"=== RUN   TestSpillMove2\n","OutputType":"frame"}
{"Time":"2026-10-03T22:45:35.423502-03:00","Action":"output","Package":"cmd/compile/internal/ssacompile","Test":"TestSpillMove2","Output":"--- PASS: TestSpillMove2 (0.00s)\n","OutputType":"frame"}
{"Time":"2026-10-03T22:45:35.423535-03:00","Action":"pass","Package":"cmd/compile/internal/ssacompile","Test":"TestSpillMove2","Elapsed":0}
{"Time":"2026-10-03T22:45:35.423548-03:00","Action":"run","Package":"cmd/compile/internal/ssacompile","Test":"TestClobbersArg0"}
{"Time":"2026-10-03T22:45:35.423558-03:00","Action":"output","Package":"cmd/compile/internal/ssacompile","Test":"TestClobbersArg0","Output":"=== RUN   TestClobbersArg0\n","OutputType":"frame"}
{"Time":"2026-10-03T22:45:35.42367-03:00","Action":"output","Package":"cmd/compile/internal/ssacompile","Test":"TestClobbersArg0","Output":"--- PASS: TestClobbersArg0 (0.00s)\n","OutputType":"frame"}
{"Time":"2026-10-03T22:45:35.423678-03:00","Action":"pass","Package":"cmd/compile/internal/ssacompile","Test":"TestClobbersArg0","Elapsed":0}
{"Time":"2026-10-03T22:45:35.423707-03:00","Action":"run","Package":"cmd/compile/internal/ssacompile","Test":"TestClobbersArg1"}
{"Time":"2026-10-03T22:45:35.423712-03:00","Action":"output","Package":"cmd/compile/internal/ssacompile","Test":"TestClobbersArg1","Output":"=== RUN   TestClobbersArg1\n","OutputType":"frame"}
{"Time":"2026-10-03T22:45:35.423892-03:00","Action":"output","Package":"cmd/compile/internal/ssacompile","Test":"TestClobbersArg1","Output":"--- PASS: TestClobbersArg1 (0.00s)\n","OutputType":"frame"}
{"Time":"2026-10-03T22:45:35.423897-03:00","Action":"pass","Package":"cmd/compile/internal/ssacompile","Test":"TestClobbersArg1","Elapsed":0}
{"Time":"2026-10-03T22:45:35.4239-03:00","Action":"run","Package":"cmd/compile/internal/ssacompile","Test":"TestNoRematerializeDeadConstant"}
{"Time":"2026-10-03T22:45:35.423903-03:00","Action":"output","Package":"cmd/compile/internal/ssacompile","Test":"TestNoRematerializeDeadConstant","Output":"=== RUN   TestNoRematerializeDeadConstant\n","OutputType":"frame"}
{"Time":"2026-10-03T22:45:35.425075-03:00","Action":"output","Package":"cmd/compile/internal/ssacompile","Test":"TestNoRematerializeDeadConstant","Output":"--- PASS: TestNoRematerializeDeadConstant (0.00s)\n","OutputType":"frame"}
{"Time":"2026-10-03T22:45:35.42508-03:00","Action":"pass","Package":"cmd/compile/internal/ssacompile","Test":"TestNoRematerializeDeadConstant","Elapsed":0}
{"Time":"2026-10-03T22:45:35.425083-03:00","Action":"run","Package":"cmd/compile/internal/ssacompile","Test":"TestRematerializeableRegCompatible"}
{"Time":"2026-10-03T22:45:35.425086-03:00","Action":"output","Package":"cmd/compile/internal/ssacompile","Test":"TestRematerializeableRegCompatible","Output":"=== RUN   TestRematerializeableRegCompatible\n","OutputType":"frame"}
{"Time":"2026-10-03T22:45:35.425182-03:00","Action":"output","Package":"cmd/compile/internal/ssacompile","Test":"TestRematerializeableRegCompatible","Output":"--- PASS: TestRematerializeableRegCompatible (0.00s)\n","OutputType":"frame"}
{"Time":"2026-10-03T22:45:35.425187-03:00","Action":"pass","Package":"cmd/compile/internal/ssacompile","Test":"TestRematerializeableRegCompatible","Elapsed":0}
{"Time":"2026-10-03T22:45:35.425193-03:00","Action":"run","Package":"cmd/compile/internal/ssacompile","Test":"TestPreload"}
{"Time":"2026-10-03T22:45:35.425196-03:00","Action":"output","Package":"cmd/compile/internal/ssacompile","Test":"TestPreload","Output":"=== RUN   TestPreload\n","OutputType":"frame"}
{"Time":"2026-10-03T22:45:35.425348-03:00","Action":"output","Package":"cmd/compile/internal/ssacompile","Test":"TestPreload","Output":"--- PASS: TestPreload (0.00s)\n","OutputType":"frame"}
{"Time":"2026-10-03T22:45:35.425353-03:00","Action":"pass","Package":"cmd/compile/internal/ssacompile","Test":"TestPreload","Elapsed":0}
{"Time":"2026-10-03T22:45:35.425356-03:00","Action":"run","Package":"cmd/compile/internal/ssacompile","Test":"TestStartRegsDrop"}
{"Time":"2026-10-03T22:45:35.425359-03:00","Action":"output","Package":"cmd/compile/internal/ssacompile","Test":"TestStartRegsDrop","Output":"=== RUN   TestStartRegsDrop\n","OutputType":"frame"}
{"Time":"2026-10-03T22:45:35.425559-03:00","Action":"output","Package":"cmd/compile/internal/ssacompile","Test":"TestStartRegsDrop","Output":"    regalloc_test.go:530: OpLoadReg count in left: 0, right: 5\n"}
{"Time":"2026-10-03T22:45:35.425564-03:00","Action":"output","Package":"cmd/compile/internal/ssacompile","Test":"TestStartRegsDrop","Output":"--- PASS: TestStartRegsDrop (0.00s)\n","OutputType":"frame"}
{"Time":"2026-10-03T22:45:35.425567-03:00","Action":"pass","Package":"cmd/compile/internal/ssacompile","Test":"TestStartRegsDrop","Elapsed":0}
{"Time":"2026-10-03T22:45:35.42557-03:00","Action":"run","Package":"cmd/compile/internal/ssacompile","Test":"TestShuffleTempReuse"}
{"Time":"2026-10-03T22:45:35.425572-03:00","Action":"output","Package":"cmd/compile/internal/ssacompile","Test":"TestShuffleTempReuse","Output":"=== RUN   TestShuffleTempReuse\n","OutputType":"frame"}
{"Time":"2026-10-03T22:45:35.426169-03:00","Action":"output","Package":"cmd/compile/internal/ssacompile","Test":"TestShuffleTempReuse","Output":"--- PASS: TestShuffleTempReuse (0.00s)\n","OutputType":"frame"}
{"Time":"2026-10-03T22:45:35.426174-03:00","Action":"pass","Package":"cmd/compile/internal/ssacompile","Test":"TestShuffleTempReuse","Elapsed":0}
{"Time":"2026-10-03T22:45:35.426177-03:00","Action":"run","Package":"cmd/compile/internal/ssacompile","Test":"TestCondRewrite"}
{"Time":"2026-10-03T22:45:35.42618-03:00","Action":"output","Package":"cmd/compile/internal/ssacompile","Test":"TestCondRewrite","Output":"=== RUN   TestCondRewrite\n","OutputType":"frame"}
{"Time":"2026-10-03T22:45:35.426187-03:00","Action":"run","Package":"cmd/compile/internal/ssacompile","Test":"TestCondRewrite/AddConst64"}
{"Time":"2026-10-03T22:45:35.426189-03:00","Action":"output","Package":"cmd/compile/internal/ssacompile","Test":"TestCondRewrite/AddConst64","Output":"=== RUN   TestCondRewrite/AddConst64\n","OutputType":"frame"}
{"Time":"2026-10-03T22:45:35.426193-03:00","Action":"output","Package":"cmd/compile/internal/ssacompile","Test":"TestCondRewrite/AddConst64","Output":"--- PASS: TestCondRewrite/AddConst64 (0.00s)\n","OutputType":"frame"}
{"Time":"2026-10-03T22:45:35.426195-03:00","Action":"pass","Package":"cmd/compile/internal/ssacompile","Test":"TestCondRewrite/AddConst64","Elapsed":0}
{"Time":"2026-10-03T22:45:35.426198-03:00","Action":"run","Package":"cmd/compile/internal/ssacompile","Test":"TestCondRewrite/AddConst32"}
{"Time":"2026-10-03T22:45:35.4262-03:00","Action":"output","Package":"cmd/compile/internal/ssacompile","Test":"TestCondRewrite/AddConst32","Output":"=== RUN   TestCondRewrite/AddConst32\n","OutputType":"frame"}
{"Time":"2026-10-03T22:45:35.426203-03:00","Action":"output","Package":"cmd/compile/internal/ssacompile","Test":"TestCondRewrite/AddConst32","Output":"--- PASS: TestCondRewrite/AddConst32 (0.00s)\n","OutputType":"frame"}
{"Time":"2026-10-03T22:45:35.426206-03:00","Action":"pass","Package":"cmd/compile/internal/ssacompile","Test":"TestCondRewrite/AddConst32","Elapsed":0}
{"Time":"2026-10-03T22:45:35.426208-03:00","Action":"run","Package":"cmd/compile/internal/ssacompile","Test":"TestCondRewrite/AddVar64"}
{"Time":"2026-10-03T22:45:35.426211-03:00","Action":"output","Package":"cmd/compile/internal/ssacompile","Test":"TestCondRewrite/AddVar64","Output":"=== RUN   TestCondRewrite/AddVar64\n","OutputType":"frame"}
{"Time":"2026-10-03T22:45:35.426215-03:00","Action":"output","Package":"cmd/compile/internal/ssacompile","Test":"TestCondRewrite/AddVar64","Output":"--- PASS: TestCondRewrite/AddVar64 (0.00s)\n","OutputType":"frame"}
{"Time":"2026-10-03T22:45:35.426218-03:00","Action":"pass","Package":"cmd/compile/internal/ssacompile","Test":"TestCondRewrite/AddVar64","Elapsed":0}
{"Time":"2026-10-03T22:45:35.42622-03:00","Action":"run","Package":"cmd/compile/internal/ssacompile","Test":"TestCondRewrite/AddVar64Cset"}
{"Time":"2026-10-03T22:45:35.426222-03:00","Action":"output","Package":"cmd/compile/internal/ssacompile","Test":"TestCondRewrite/AddVar64Cset","Output":"=== RUN   TestCondRewrite/AddVar64Cset\n","OutputType":"frame"}
{"Time":"2026-10-03T22:45:35.426226-03:00","Action":"output","Package":"cmd/compile/internal/ssacompile","Test":"TestCondRewrite/AddVar64Cset","Output":"--- PASS: TestCondRewrite/AddVar64Cset (0.00s)\n","OutputType":"frame"}
{"Time":"2026-10-03T22:45:35.426228-03:00","Action":"pass","Package":"cmd/compile/internal/ssacompile","Test":"TestCondRewrite/AddVar64Cset","Elapsed":0}
{"Time":"2026-10-03T22:45:35.426231-03:00","Action":"run","Package":"cmd/compile/internal/ssacompile","Test":"TestCondRewrite/AddVar32"}
{"Time":"2026-10-03T22:45:35.426233-03:00","Action":"output","Package":"cmd/compile/internal/ssacompile","Test":"TestCondRewrite/AddVar32","Output":"=== RUN   TestCondRewrite/AddVar32\n","OutputType":"frame"}
{"Time":"2026-10-03T22:45:35.426236-03:00","Action":"output","Package":"cmd/compile/internal/ssacompile","Test":"TestCondRewrite/AddVar32","Output":"--- PASS: TestCondRewrite/AddVar32 (0.00s)\n","OutputType":"frame"}
{"Time":"2026-10-03T22:45:35.426238-03:00","Action":"pass","Package":"cmd/compile/internal/ssacompile","Test":"TestCondRewrite/AddVar32","Elapsed":0}
{"Time":"2026-10-03T22:45:35.42624-03:00","Action":"run","Package":"cmd/compile/internal/ssacompile","Test":"TestCondRewrite/MAddVar64"}
{"Time":"2026-10-03T22:45:35.426243-03:00","Action":"output","Package":"cmd/compile/internal/ssacompile","Test":"TestCondRewrite/MAddVar64","Output":"=== RUN   TestCondRewrite/MAddVar64\n","OutputType":"frame"}
{"Time":"2026-10-03T22:45:35.426245-03:00","Action":"output","Package":"cmd/compile/internal/ssacompile","Test":"TestCondRewrite/MAddVar64","Output":"--- PASS: TestCondRewrite/MAddVar64 (0.00s)\n","OutputType":"frame"}
{"Time":"2026-10-03T22:45:35.426248-03:00","Action":"pass","Package":"cmd/compile/internal/ssacompile","Test":"TestCondRewrite/MAddVar64","Elapsed":0}
{"Time":"2026-10-03T22:45:35.42625-03:00","Action":"run","Package":"cmd/compile/internal/ssacompile","Test":"TestCondRewrite/MAddVar32"}
{"Time":"2026-10-03T22:45:35.426252-03:00","Action":"output","Package":"cmd/compile/internal/ssacompile","Test":"TestCondRewrite/MAddVar32","Output":"=== RUN   TestCondRewrite/MAddVar32\n","OutputType":"frame"}
{"Time":"2026-10-03T22:45:35.426255-03:00","Action":"output","Package":"cmd/compile/internal/ssacompile","Test":"TestCondRewrite/MAddVar32","Output":"--- PASS: TestCondRewrite/MAddVar32 (0.00s)\n","OutputType":"frame"}
{"Time":"2026-10-03T22:45:35.426258-03:00","Action":"pass","Package":"cmd/compile/internal/ssacompile","Test":"TestCondRewrite/MAddVar32","Elapsed":0}
{"Time":"2026-10-03T22:45:35.426261-03:00","Action":"run","Package":"cmd/compile/internal/ssacompile","Test":"TestCondRewrite/MSubVar64"}
{"Time":"2026-10-03T22:45:35.426264-03:00","Action":"output","Package":"cmd/compile/internal/ssacompile","Test":"TestCondRewrite/MSubVar64","Output":"=== RUN   TestCondRewrite/MSubVar64\n","OutputType":"frame"}
{"Time":"2026-10-03T22:45:35.426266-03:00","Action":"output","Package":"cmd/compile/internal/ssacompile","Test":"TestCondRewrite/MSubVar64","Output":"--- PASS: TestCondRewrite/MSubVar64 (0.00s)\n","OutputType":"frame"}
{"Time":"2026-10-03T22:45:35.426269-03:00","Action":"pass","Package":"cmd/compile/internal/ssacompile","Test":"TestCondRewrite/MSubVar64","Elapsed":0}
{"Time":"2026-10-03T22:45:35.426271-03:00","Action":"run","Package":"cmd/compile/internal/ssacompile","Test":"TestCondRewrite/MSubVar32"}
{"Time":"2026-10-03T22:45:35.426273-03:00","Action":"output","Package":"cmd/compile/internal/ssacompile","Test":"TestCondRewrite/MSubVar32","Output":"=== RUN   TestCondRewrite/MSubVar32\n","OutputType":"frame"}
{"Time":"2026-10-03T22:45:35.426276-03:00","Action":"output","Package":"cmd/compile/internal/ssacompile","Test":"TestCondRewrite/MSubVar32","Output":"--- PASS: TestCondRewrite/MSubVar32 (0.00s)\n","OutputType":"frame"}
{"Time":"2026-10-03T22:45:35.426278-03:00","Action":"pass","Package":"cmd/compile/internal/ssacompile","Test":"TestCondRewrite/MSubVar32","Elapsed":0}
{"Time":"2026-10-03T22:45:35.42628-03:00","Action":"run","Package":"cmd/compile/internal/ssacompile","Test":"TestCondRewrite/AddShift32"}
{"Time":"2026-10-03T22:45:35.426282-03:00","Action":"output","Package":"cmd/compile/internal/ssacompile","Test":"TestCondRewrite/AddShift32","Output":"=== RUN   TestCondRewrite/AddShift32\n","OutputType":"frame"}
{"Time":"2026-10-03T22:45:35.426285-03:00","Action":"output","Package":"cmd/compile/internal/ssacompile","Test":"TestCondRewrite/AddShift32","Output":"--- PASS: TestCondRewrite/AddShift32 (0.00s)\n","OutputType":"frame"}
{"Time":"2026-10-03T22:45:35.426287-03:00","Action":"pass","Package":"cmd/compile/internal/ssacompile","Test":"TestCondRewrite/AddShift32","Elapsed":0}
{"Time":"2026-10-03T22:45:35.426289-03:00","Action":"run","Package":"cmd/compile/internal/ssacompile","Test":"TestCondRewrite/SubShift32"}
{"Time":"2026-10-03T22:45:35.426291-03:00","Action":"output","Package":"cmd/compile/internal/ssacompile","Test":"TestCondRewrite/SubShift32","Output":"=== RUN   TestCondRewrite/SubShift32\n","OutputType":"frame"}
{"Time":"2026-10-03T22:45:35.426296-03:00","Action":"output","Package":"cmd/compile/internal/ssacompile","Test":"TestCondRewrite/SubShift32","Output":"--- PASS: TestCondRewrite/SubShift32 (0.00s)\n","OutputType":"frame"}
{"Time":"2026-10-03T22:45:35.426298-03:00","Action":"pass","Package":"cmd/compile/internal/ssacompile","Test":"TestCondRewrite/SubShift32","Elapsed":0}
{"Time":"2026-10-03T22:45:35.426301-03:00","Action":"output","Package":"cmd/compile/internal/ssacompile","Test":"TestCondRewrite","Output":"--- PASS: TestCondRewrite (0.00s)\n","OutputType":"frame"}
{"Time":"2026-10-03T22:45:35.426303-03:00","Action":"pass","Package":"cmd/compile/internal/ssacompile","Test":"TestCondRewrite","Elapsed":0}
{"Time":"2026-10-03T22:45:35.426306-03:00","Action":"run","Package":"cmd/compile/internal/ssacompile","Test":"TestMove"}
{"Time":"2026-10-03T22:45:35.426308-03:00","Action":"output","Package":"cmd/compile/internal/ssacompile","Test":"TestMove","Output":"=== RUN   TestMove\n","OutputType":"frame"}
{"Time":"2026-10-03T22:45:35.426311-03:00","Action":"output","Package":"cmd/compile/internal/ssacompile","Test":"TestMove","Output":"--- PASS: TestMove (0.00s)\n","OutputType":"frame"}
{"Time":"2026-10-03T22:45:35.426313-03:00","Action":"pass","Package":"cmd/compile/internal/ssacompile","Test":"TestMove","Elapsed":0}
{"Time":"2026-10-03T22:45:35.426315-03:00","Action":"run","Package":"cmd/compile/internal/ssacompile","Test":"TestMoveSmall"}
{"Time":"2026-10-03T22:45:35.426318-03:00","Action":"output","Package":"cmd/compile/internal/ssacompile","Test":"TestMoveSmall","Output":"=== RUN   TestMoveSmall\n","OutputType":"frame"}
{"Time":"2026-10-03T22:45:35.42632-03:00","Action":"output","Package":"cmd/compile/internal/ssacompile","Test":"TestMoveSmall","Output":"--- PASS: TestMoveSmall (0.00s)\n","OutputType":"frame"}
{"Time":"2026-10-03T22:45:35.426322-03:00","Action":"pass","Package":"cmd/compile/internal/ssacompile","Test":"TestMoveSmall","Elapsed":0}
{"Time":"2026-10-03T22:45:35.426324-03:00","Action":"run","Package":"cmd/compile/internal/ssacompile","Test":"TestSubFlags"}
{"Time":"2026-10-03T22:45:35.426327-03:00","Action":"output","Package":"cmd/compile/internal/ssacompile","Test":"TestSubFlags","Output":"=== RUN   TestSubFlags\n","OutputType":"frame"}
{"Time":"2026-10-03T22:45:35.426329-03:00","Action":"output","Package":"cmd/compile/internal/ssacompile","Test":"TestSubFlags","Output":"--- PASS: TestSubFlags (0.00s)\n","OutputType":"frame"}
{"Time":"2026-10-03T22:45:35.426332-03:00","Action":"pass","Package":"cmd/compile/internal/ssacompile","Test":"TestSubFlags","Elapsed":0}
{"Time":"2026-10-03T22:45:35.426334-03:00","Action":"run","Package":"cmd/compile/internal/ssacompile","Test":"Test32bitUnary"}
{"Time":"2026-10-03T22:45:35.426336-03:00","Action":"output","Package":"cmd/compile/internal/ssacompile","Test":"Test32bitUnary","Output":"=== RUN   Test32bitUnary\n","OutputType":"frame"}
{"Time":"2026-10-03T22:45:35.480019-03:00","Action":"output","Package":"cmd/compile/internal/ssacompile","Test":"Test32bitUnary","Output":"--- PASS: Test32bitUnary (0.05s)\n","OutputType":"frame"}
{"Time":"2026-10-03T22:45:35.480026-03:00","Action":"pass","Package":"cmd/compile/internal/ssacompile","Test":"Test32bitUnary","Elapsed":0.05}
{"Time":"2026-10-03T22:45:35.48003-03:00","Action":"run","Package":"cmd/compile/internal/ssacompile","Test":"TestIsPPC64WordRotateMask"}
{"Time":"2026-10-03T22:45:35.480033-03:00","Action":"output","Package":"cmd/compile/internal/ssacompile","Test":"TestIsPPC64WordRotateMask","Output":"=== RUN   TestIsPPC64WordRotateMask\n","OutputType":"frame"}
{"Time":"2026-10-03T22:45:35.480036-03:00","Action":"output","Package":"cmd/compile/internal/ssacompile","Test":"TestIsPPC64WordRotateMask","Output":"--- PASS: TestIsPPC64WordRotateMask (0.00s)\n","OutputType":"frame"}
{"Time":"2026-10-03T22:45:35.48004-03:00","Action":"pass","Package":"cmd/compile/internal/ssacompile","Test":"TestIsPPC64WordRotateMask","Elapsed":0}
{"Time":"2026-10-03T22:45:35.480042-03:00","Action":"run","Package":"cmd/compile/internal/ssacompile","Test":"TestEncodeDecodePPC64WordRotateMask"}
{"Time":"2026-10-03T22:45:35.480045-03:00","Action":"output","Package":"cmd/compile/internal/ssacompile","Test":"TestEncodeDecodePPC64WordRotateMask","Output":"=== RUN   TestEncodeDecodePPC64WordRotateMask\n","OutputType":"frame"}
{"Time":"2026-10-03T22:45:35.480049-03:00","Action":"output","Package":"cmd/compile/internal/ssacompile","Test":"TestEncodeDecodePPC64WordRotateMask","Output":"--- PASS: TestEncodeDecodePPC64WordRotateMask (0.00s)\n","OutputType":"frame"}
{"Time":"2026-10-03T22:45:35.480051-03:00","Action":"pass","Package":"cmd/compile/internal/ssacompile","Test":"TestEncodeDecodePPC64WordRotateMask","Elapsed":0}
{"Time":"2026-10-03T22:45:35.480054-03:00","Action":"run","Package":"cmd/compile/internal/ssacompile","Test":"TestMergePPC64ClrlsldiSrw"}
{"Time":"2026-10-03T22:45:35.480056-03:00","Action":"output","Package":"cmd/compile/internal/ssacompile","Test":"TestMergePPC64ClrlsldiSrw","Output":"=== RUN   TestMergePPC64ClrlsldiSrw\n","OutputType":"frame"}
{"Time":"2026-10-03T22:45:35.480059-03:00","Action":"output","Package":"cmd/compile/internal/ssacompile","Test":"TestMergePPC64ClrlsldiSrw","Output":"--- PASS: TestMergePPC64ClrlsldiSrw (0.00s)\n","OutputType":"frame"}
{"Time":"2026-10-03T22:45:35.480061-03:00","Action":"pass","Package":"cmd/compile/internal/ssacompile","Test":"TestMergePPC64ClrlsldiSrw","Elapsed":0}
{"Time":"2026-10-03T22:45:35.480063-03:00","Action":"run","Package":"cmd/compile/internal/ssacompile","Test":"TestMergePPC64ClrlsldiRlwinm"}
{"Time":"2026-10-03T22:45:35.480065-03:00","Action":"output","Package":"cmd/compile/internal/ssacompile","Test":"TestMergePPC64ClrlsldiRlwinm","Output":"=== RUN   TestMergePPC64ClrlsldiRlwinm\n","OutputType":"frame"}
{"Time":"2026-10-03T22:45:35.480068-03:00","Action":"output","Package":"cmd/compile/internal/ssacompile","Test":"TestMergePPC64ClrlsldiRlwinm","Output":"--- PASS: TestMergePPC64ClrlsldiRlwinm (0.00s)\n","OutputType":"frame"}
{"Time":"2026-10-03T22:45:35.48007-03:00","Action":"pass","Package":"cmd/compile/internal/ssacompile","Test":"TestMergePPC64ClrlsldiRlwinm","Elapsed":0}
{"Time":"2026-10-03T22:45:35.480073-03:00","Action":"run","Package":"cmd/compile/internal/ssacompile","Test":"TestMergePPC64SldiSrw"}
{"Time":"2026-10-03T22:45:35.480075-03:00","Action":"output","Package":"cmd/compile/internal/ssacompile","Test":"TestMergePPC64SldiSrw","Output":"=== RUN   TestMergePPC64SldiSrw\n","OutputType":"frame"}
{"Time":"2026-10-03T22:45:35.480078-03:00","Action":"output","Package":"cmd/compile/internal/ssacompile","Test":"TestMergePPC64SldiSrw","Output":"--- PASS: TestMergePPC64SldiSrw (0.00s)\n","OutputType":"frame"}
{"Time":"2026-10-03T22:45:35.48008-03:00","Action":"pass","Package":"cmd/compile/internal/ssacompile","Test":"TestMergePPC64SldiSrw","Elapsed":0}
{"Time":"2026-10-03T22:45:35.480083-03:00","Action":"run","Package":"cmd/compile/internal/ssacompile","Test":"TestMergePPC64AndSrwi"}
{"Time":"2026-10-03T22:45:35.480085-03:00","Action":"output","Package":"cmd/compile/internal/ssacompile","Test":"TestMergePPC64AndSrwi","Output":"=== RUN   TestMergePPC64AndSrwi\n","OutputType":"frame"}
{"Time":"2026-10-03T22:45:35.480088-03:00","Action":"output","Package":"cmd/compile/internal/ssacompile","Test":"TestMergePPC64AndSrwi","Output":"--- PASS: TestMergePPC64AndSrwi (0.00s)\n","OutputType":"frame"}
{"Time":"2026-10-03T22:45:35.48009-03:00","Action":"pass","Package":"cmd/compile/internal/ssacompile","Test":"TestMergePPC64AndSrwi","Elapsed":0}
{"Time":"2026-10-03T22:45:35.480092-03:00","Action":"run","Package":"cmd/compile/internal/ssacompile","Test":"TestDisjointTypes"}
{"Time":"2026-10-03T22:45:35.480094-03:00","Action":"output","Package":"cmd/compile/internal/ssacompile","Test":"TestDisjointTypes","Output":"=== RUN   TestDisjointTypes\n","OutputType":"frame"}
{"Time":"2026-10-03T22:45:35.480097-03:00","Action":"output","Package":"cmd/compile/internal/ssacompile","Test":"TestDisjointTypes","Output":"--- PASS: TestDisjointTypes (0.00s)\n","OutputType":"frame"}
{"Time":"2026-10-03T22:45:35.4801-03:00","Action":"pass","Package":"cmd/compile/internal/ssacompile","Test":"TestDisjointTypes","Elapsed":0}
{"Time":"2026-10-03T22:45:35.480102-03:00","Action":"run","Package":"cmd/compile/internal/ssacompile","Test":"TestDisjointTypesRun"}
{"Time":"2026-10-03T22:45:35.480104-03:00","Action":"output","Package":"cmd/compile/internal/ssacompile","Test":"TestDisjointTypesRun","Output":"=== RUN   TestDisjointTypesRun\n","OutputType":"frame"}
{"Time":"2026-10-03T22:45:35.480107-03:00","Action":"output","Package":"cmd/compile/internal/ssacompile","Test":"TestDisjointTypesRun","Output":"--- PASS: TestDisjointTypesRun (0.00s)\n","OutputType":"frame"}
{"Time":"2026-10-03T22:45:35.480109-03:00","Action":"pass","Package":"cmd/compile/internal/ssacompile","Test":"TestDisjointTypesRun","Elapsed":0}
{"Time":"2026-10-03T22:45:35.480112-03:00","Action":"run","Package":"cmd/compile/internal/ssacompile","Test":"TestSCCPBasic"}
{"Time":"2026-10-03T22:45:35.480114-03:00","Action":"output","Package":"cmd/compile/internal/ssacompile","Test":"TestSCCPBasic","Output":"=== RUN   TestSCCPBasic\n","OutputType":"frame"}
{"Time":"2026-10-03T22:45:35.480334-03:00","Action":"output","Package":"cmd/compile/internal/ssacompile","Test":"TestSCCPBasic","Output":"--- PASS: TestSCCPBasic (0.00s)\n","OutputType":"frame"}
{"Time":"2026-10-03T22:45:35.480339-03:00","Action":"pass","Package":"cmd/compile/internal/ssacompile","Test":"TestSCCPBasic","Elapsed":0}
{"Time":"2026-10-03T22:45:35.480345-03:00","Action":"run","Package":"cmd/compile/internal/ssacompile","Test":"TestSCCPIf"}
{"Time":"2026-10-03T22:45:35.480348-03:00","Action":"output","Package":"cmd/compile/internal/ssacompile","Test":"TestSCCPIf","Output":"=== RUN   TestSCCPIf\n","OutputType":"frame"}
{"Time":"2026-10-03T22:45:35.480437-03:00","Action":"output","Package":"cmd/compile/internal/ssacompile","Test":"TestSCCPIf","Output":"--- PASS: TestSCCPIf (0.00s)\n","OutputType":"frame"}
{"Time":"2026-10-03T22:45:35.480441-03:00","Action":"pass","Package":"cmd/compile/internal/ssacompile","Test":"TestSCCPIf","Elapsed":0}
{"Time":"2026-10-03T22:45:35.480444-03:00","Action":"run","Package":"cmd/compile/internal/ssacompile","Test":"TestSchedule"}
{"Time":"2026-10-03T22:45:35.480447-03:00","Action":"output","Package":"cmd/compile/internal/ssacompile","Test":"TestSchedule","Output":"=== RUN   TestSchedule\n","OutputType":"frame"}
{"Time":"2026-10-03T22:45:35.480533-03:00","Action":"output","Package":"cmd/compile/internal/ssacompile","Test":"TestSchedule","Output":"--- PASS: TestSchedule (0.00s)\n","OutputType":"frame"}
{"Time":"2026-10-03T22:45:35.480538-03:00","Action":"pass","Package":"cmd/compile/internal/ssacompile","Test":"TestSchedule","Elapsed":0}
{"Time":"2026-10-03T22:45:35.480543-03:00","Action":"run","Package":"cmd/compile/internal/ssacompile","Test":"TestStoreOrder"}
{"Time":"2026-10-03T22:45:35.480546-03:00","Action":"output","Package":"cmd/compile/internal/ssacompile","Test":"TestStoreOrder","Output":"=== RUN   TestStoreOrder\n","OutputType":"frame"}
{"Time":"2026-10-03T22:45:35.480629-03:00","Action":"output","Package":"cmd/compile/internal/ssacompile","Test":"TestStoreOrder","Output":"--- PASS: TestStoreOrder (0.00s)\n","OutputType":"frame"}
{"Time":"2026-10-03T22:45:35.480634-03:00","Action":"pass","Package":"cmd/compile/internal/ssacompile","Test":"TestStoreOrder","Elapsed":0}
{"Time":"2026-10-03T22:45:35.480637-03:00","Action":"run","Package":"cmd/compile/internal/ssacompile","Test":"TestCarryChainOrder"}
{"Time":"2026-10-03T22:45:35.480639-03:00","Action":"output","Package":"cmd/compile/internal/ssacompile","Test":"TestCarryChainOrder","Output":"=== RUN   TestCarryChainOrder\n","OutputType":"frame"}
{"Time":"2026-10-03T22:45:35.481996-03:00","Action":"output","Package":"cmd/compile/internal/ssacompile","Test":"TestCarryChainOrder","Output":"--- PASS: TestCarryChainOrder (0.00s)\n","OutputType":"frame"}
{"Time":"2026-10-03T22:45:35.482-03:00","Action":"pass","Package":"cmd/compile/internal/ssacompile","Test":"TestCarryChainOrder","Elapsed":0}
{"Time":"2026-10-03T22:45:35.482003-03:00","Action":"run","Package":"cmd/compile/internal/ssacompile","Test":"TestShiftConstAMD64"}
{"Time":"2026-10-03T22:45:35.482006-03:00","Action":"output","Package":"cmd/compile/internal/ssacompile","Test":"TestShiftConstAMD64","Output":"=== RUN   TestShiftConstAMD64\n","OutputType":"frame"}
{"Time":"2026-10-03T22:45:35.482487-03:00","Action":"output","Package":"cmd/compile/internal/ssacompile","Test":"TestShiftConstAMD64","Output":"--- PASS: TestShiftConstAMD64 (0.00s)\n","OutputType":"frame"}
{"Time":"2026-10-03T22:45:35.482491-03:00","Action":"pass","Package":"cmd/compile/internal/ssacompile","Test":"TestShiftConstAMD64","Elapsed":0}
{"Time":"2026-10-03T22:45:35.482495-03:00","Action":"run","Package":"cmd/compile/internal/ssacompile","Test":"TestShiftToExtensionAMD64"}
{"Time":"2026-10-03T22:45:35.482498-03:00","Action":"output","Package":"cmd/compile/internal/ssacompile","Test":"TestShiftToExtensionAMD64","Output":"=== RUN   TestShiftToExtensionAMD64\n","OutputType":"frame"}
{"Time":"2026-10-03T22:45:35.483075-03:00","Action":"output","Package":"cmd/compile/internal/ssacompile","Test":"TestShiftToExtensionAMD64","Output":"--- PASS: TestShiftToExtensionAMD64 (0.00s)\n","OutputType":"frame"}
{"Time":"2026-10-03T22:45:35.483079-03:00","Action":"pass","Package":"cmd/compile/internal/ssacompile","Test":"TestShiftToExtensionAMD64","Elapsed":0}
{"Time":"2026-10-03T22:45:35.483085-03:00","Action":"run","Package":"cmd/compile/internal/ssacompile","Test":"TestShortCircuit"}
{"Time":"2026-10-03T22:45:35.483089-03:00","Action":"output","Package":"cmd/compile/internal/ssacompile","Test":"TestShortCircuit","Output":"=== RUN   TestShortCircuit\n","OutputType":"frame"}
{"Time":"2026-10-03T22:45:35.483177-03:00","Action":"output","Package":"cmd/compile/internal/ssacompile","Test":"TestShortCircuit","Output":"--- PASS: TestShortCircuit (0.00s)\n","OutputType":"frame"}
{"Time":"2026-10-03T22:45:35.483182-03:00","Action":"pass","Package":"cmd/compile/internal/ssacompile","Test":"TestShortCircuit","Elapsed":0}
{"Time":"2026-10-03T22:45:35.483185-03:00","Action":"run","Package":"cmd/compile/internal/ssacompile","Test":"TestWriteBarrierStoreOrder"}
{"Time":"2026-10-03T22:45:35.483187-03:00","Action":"output","Package":"cmd/compile/internal/ssacompile","Test":"TestWriteBarrierStoreOrder","Output":"=== RUN   TestWriteBarrierStoreOrder\n","OutputType":"frame"}
{"Time":"2026-10-03T22:45:35.483414-03:00","Action":"output","Package":"cmd/compile/internal/ssacompile","Test":"TestWriteBarrierStoreOrder","Output":"--- PASS: TestWriteBarrierStoreOrder (0.00s)\n","OutputType":"frame"}
{"Time":"2026-10-03T22:45:35.483418-03:00","Action":"pass","Package":"cmd/compile/internal/ssacompile","Test":"TestWriteBarrierStoreOrder","Elapsed":0}
{"Time":"2026-10-03T22:45:35.483422-03:00","Action":"run","Package":"cmd/compile/internal/ssacompile","Test":"TestWriteBarrierPhi"}
{"Time":"2026-10-03T22:45:35.483424-03:00","Action":"output","Package":"cmd/compile/internal/ssacompile","Test":"TestWriteBarrierPhi","Output":"=== RUN   TestWriteBarrierPhi\n","OutputType":"frame"}
{"Time":"2026-10-03T22:45:35.483572-03:00","Action":"output","Package":"cmd/compile/internal/ssacompile","Test":"TestWriteBarrierPhi","Output":"--- PASS: TestWriteBarrierPhi (0.00s)\n","OutputType":"frame"}
{"Time":"2026-10-03T22:45:35.483576-03:00","Action":"pass","Package":"cmd/compile/internal/ssacompile","Test":"TestWriteBarrierPhi","Elapsed":0}
{"Time":"2026-10-03T22:45:35.483585-03:00","Action":"run","Package":"cmd/compile/internal/ssacompile","Test":"TestZeroExtension"}
{"Time":"2026-10-03T22:45:35.483588-03:00","Action":"output","Package":"cmd/compile/internal/ssacompile","Test":"TestZeroExtension","Output":"=== RUN   TestZeroExtension\n","OutputType":"frame"}
{"Time":"2026-10-03T22:45:35.483591-03:00","Action":"output","Package":"cmd/compile/internal/ssacompile","Test":"TestZeroExtension","Output":"--- PASS: TestZeroExtension (0.00s)\n","OutputType":"frame"}
{"Time":"2026-10-03T22:45:35.483594-03:00","Action":"pass","Package":"cmd/compile/internal/ssacompile","Test":"TestZeroExtension","Elapsed":0}
{"Time":"2026-10-03T22:45:35.483596-03:00","Action":"output","Package":"cmd/compile/internal/ssacompile","Output":"PASS\n","OutputType":"frame"}
{"Time":"2026-10-03T22:45:35.484326-03:00","Action":"output","Package":"cmd/compile/internal/ssacompile","Output":"ok  \tcmd/compile/internal/ssacompile\t9.245s\n"}
{"Time":"2026-10-03T22:45:35.484335-03:00","Action":"pass","Package":"cmd/compile/internal/ssacompile","Elapsed":9.245}
