{"Time":"2026-10-03T22:46:01.595565-03:00","Action":"start","Package":"golang.org/x/tools/internal/refactor/inline"}
{"Time":"2026-10-03T22:46:01.871005-03:00","Action":"run","Package":"golang.org/x/tools/internal/refactor/inline","Test":"TestCalleeEffects"}
{"Time":"2026-10-03T22:46:01.871215-03:00","Action":"output","Package":"golang.org/x/tools/internal/refactor/inline","Test":"TestCalleeEffects","Output":"=== RUN   TestCalleeEffects\n","OutputType":"frame"}
{"Time":"2026-10-03T22:46:01.871318-03:00","Action":"run","Package":"golang.org/x/tools/internal/refactor/inline","Test":"TestCalleeEffects/Assignments_have_unknown_effects."}
{"Time":"2026-10-03T22:46:01.871332-03:00","Action":"output","Package":"golang.org/x/tools/internal/refactor/inline","Test":"TestCalleeEffects/Assignments_have_unknown_effects.","Output":"=== RUN   TestCalleeEffects/Assignments_have_unknown_effects.\n","OutputType":"frame"}
{"Time":"2026-10-03T22:46:01.871567-03:00","Action":"output","Package":"golang.org/x/tools/internal/refactor/inline","Test":"TestCalleeEffects/Assignments_have_unknown_effects.","Output":"    callee.go:126: analyzeCallee func p.f(x int, y int) @ callee.go:2:1\n"}
{"Time":"2026-10-03T22:46:01.871673-03:00","Action":"output","Package":"golang.org/x/tools/internal/refactor/inline","Test":"TestCalleeEffects/Assignments_have_unknown_effects.","Output":"    callee.go:529: effects list = [0 1 -2]\n"}
{"Time":"2026-10-03T22:46:01.871713-03:00","Action":"output","Package":"golang.org/x/tools/internal/refactor/inline","Test":"TestCalleeEffects/Assignments_have_unknown_effects.","Output":"    falcon.go:189: falcon: emit type int۰0 int // \"int\"\n"}
{"Time":"2026-10-03T22:46:01.871764-03:00","Action":"output","Package":"golang.org/x/tools/internal/refactor/inline","Test":"TestCalleeEffects/Assignments_have_unknown_effects.","Output":"--- PASS: TestCalleeEffects/Assignments_have_unknown_effects. (0.00s)\n","OutputType":"frame"}
{"Time":"2026-10-03T22:46:01.871791-03:00","Action":"pass","Package":"golang.org/x/tools/internal/refactor/inline","Test":"TestCalleeEffects/Assignments_have_unknown_effects.","Elapsed":0}
{"Time":"2026-10-03T22:46:01.871812-03:00","Action":"run","Package":"golang.org/x/tools/internal/refactor/inline","Test":"TestCalleeEffects/Reads_from_globals_are_impure."}
{"Time":"2026-10-03T22:46:01.871829-03:00","Action":"output","Package":"golang.org/x/tools/internal/refactor/inline","Test":"TestCalleeEffects/Reads_from_globals_are_impure.","Output":"=== RUN   TestCalleeEffects/Reads_from_globals_are_impure.\n","OutputType":"frame"}
{"Time":"2026-10-03T22:46:01.87185-03:00","Action":"output","Package":"golang.org/x/tools/internal/refactor/inline","Test":"TestCalleeEffects/Reads_from_globals_are_impure.","Output":"    callee.go:126: analyzeCallee func p.f() @ callee.go:2:1\n"}
{"Time":"2026-10-03T22:46:01.871866-03:00","Action":"output","Package":"golang.org/x/tools/internal/refactor/inline","Test":"TestCalleeEffects/Reads_from_globals_are_impure.","Output":"    callee.go:529: effects list = [-1]\n"}
{"Time":"2026-10-03T22:46:01.871876-03:00","Action":"output","Package":"golang.org/x/tools/internal/refactor/inline","Test":"TestCalleeEffects/Reads_from_globals_are_impure.","Output":"    falcon.go:189: falcon: emit type int۰0 int // \"int\"\n"}
{"Time":"2026-10-03T22:46:01.871892-03:00","Action":"output","Package":"golang.org/x/tools/internal/refactor/inline","Test":"TestCalleeEffects/Reads_from_globals_are_impure.","Output":"--- PASS: TestCalleeEffects/Reads_from_globals_are_impure. (0.00s)\n","OutputType":"frame"}
{"Time":"2026-10-03T22:46:01.8719-03:00","Action":"pass","Package":"golang.org/x/tools/internal/refactor/inline","Test":"TestCalleeEffects/Reads_from_globals_are_impure.","Elapsed":0}
{"Time":"2026-10-03T22:46:01.871907-03:00","Action":"run","Package":"golang.org/x/tools/internal/refactor/inline","Test":"TestCalleeEffects/Writes_to_globals_have_effects."}
{"Time":"2026-10-03T22:46:01.871914-03:00","Action":"output","Package":"golang.org/x/tools/internal/refactor/inline","Test":"TestCalleeEffects/Writes_to_globals_have_effects.","Output":"=== RUN   TestCalleeEffects/Writes_to_globals_have_effects.\n","OutputType":"frame"}
{"Time":"2026-10-03T22:46:01.871957-03:00","Action":"output","Package":"golang.org/x/tools/internal/refactor/inline","Test":"TestCalleeEffects/Writes_to_globals_have_effects.","Output":"    callee.go:126: analyzeCallee func p.f() @ callee.go:2:1\n"}
{"Time":"2026-10-03T22:46:01.871966-03:00","Action":"output","Package":"golang.org/x/tools/internal/refactor/inline","Test":"TestCalleeEffects/Writes_to_globals_have_effects.","Output":"    callee.go:529: effects list = [-1 -2]\n"}
{"Time":"2026-10-03T22:46:01.871981-03:00","Action":"output","Package":"golang.org/x/tools/internal/refactor/inline","Test":"TestCalleeEffects/Writes_to_globals_have_effects.","Output":"    falcon.go:189: falcon: emit type int۰0 int // \"int\"\n"}
{"Time":"2026-10-03T22:46:01.871995-03:00","Action":"output","Package":"golang.org/x/tools/internal/refactor/inline","Test":"TestCalleeEffects/Writes_to_globals_have_effects.","Output":"--- PASS: TestCalleeEffects/Writes_to_globals_have_effects. (0.00s)\n","OutputType":"frame"}
{"Time":"2026-10-03T22:46:01.872005-03:00","Action":"pass","Package":"golang.org/x/tools/internal/refactor/inline","Test":"TestCalleeEffects/Writes_to_globals_have_effects.","Elapsed":0}
{"Time":"2026-10-03T22:46:01.872013-03:00","Action":"run","Package":"golang.org/x/tools/internal/refactor/inline","Test":"TestCalleeEffects/Blank_assign_has_no_effect."}
{"Time":"2026-10-03T22:46:01.872021-03:00","Action":"output","Package":"golang.org/x/tools/internal/refactor/inline","Test":"TestCalleeEffects/Blank_assign_has_no_effect.","Output":"=== RUN   TestCalleeEffects/Blank_assign_has_no_effect.\n","OutputType":"frame"}
{"Time":"2026-10-03T22:46:01.872031-03:00","Action":"output","Package":"golang.org/x/tools/internal/refactor/inline","Test":"TestCalleeEffects/Blank_assign_has_no_effect.","Output":"    callee.go:126: analyzeCallee func p.f(x int) @ callee.go:2:1\n"}
{"Time":"2026-10-03T22:46:01.872039-03:00","Action":"output","Package":"golang.org/x/tools/internal/refactor/inline","Test":"TestCalleeEffects/Blank_assign_has_no_effect.","Output":"    callee.go:529: effects list = [0]\n"}
{"Time":"2026-10-03T22:46:01.872057-03:00","Action":"output","Package":"golang.org/x/tools/internal/refactor/inline","Test":"TestCalleeEffects/Blank_assign_has_no_effect.","Output":"    falcon.go:189: falcon: emit type int۰0 int // \"int\"\n"}
{"Time":"2026-10-03T22:46:01.872066-03:00","Action":"output","Package":"golang.org/x/tools/internal/refactor/inline","Test":"TestCalleeEffects/Blank_assign_has_no_effect.","Output":"--- PASS: TestCalleeEffects/Blank_assign_has_no_effect. (0.00s)\n","OutputType":"frame"}
{"Time":"2026-10-03T22:46:01.872073-03:00","Action":"pass","Package":"golang.org/x/tools/internal/refactor/inline","Test":"TestCalleeEffects/Blank_assign_has_no_effect.","Elapsed":0}
{"Time":"2026-10-03T22:46:01.872081-03:00","Action":"run","Package":"golang.org/x/tools/internal/refactor/inline","Test":"TestCalleeEffects/Short_decl_of_new_var_has_has_no_effect."}
{"Time":"2026-10-03T22:46:01.872089-03:00","Action":"output","Package":"golang.org/x/tools/internal/refactor/inline","Test":"TestCalleeEffects/Short_decl_of_new_var_has_has_no_effect.","Output":"=== RUN   TestCalleeEffects/Short_decl_of_new_var_has_has_no_effect.\n","OutputType":"frame"}
{"Time":"2026-10-03T22:46:01.872112-03:00","Action":"output","Package":"golang.org/x/tools/internal/refactor/inline","Test":"TestCalleeEffects/Short_decl_of_new_var_has_has_no_effect.","Output":"    callee.go:126: analyzeCallee func p.f(x int) @ callee.go:2:1\n"}
{"Time":"2026-10-03T22:46:01.87212-03:00","Action":"output","Package":"golang.org/x/tools/internal/refactor/inline","Test":"TestCalleeEffects/Short_decl_of_new_var_has_has_no_effect.","Output":"    callee.go:529: effects list = [0]\n"}
{"Time":"2026-10-03T22:46:01.872126-03:00","Action":"output","Package":"golang.org/x/tools/internal/refactor/inline","Test":"TestCalleeEffects/Short_decl_of_new_var_has_has_no_effect.","Output":"    falcon.go:189: falcon: emit type int۰0 int // \"int\"\n"}
{"Time":"2026-10-03T22:46:01.87214-03:00","Action":"output","Package":"golang.org/x/tools/internal/refactor/inline","Test":"TestCalleeEffects/Short_decl_of_new_var_has_has_no_effect.","Output":"--- PASS: TestCalleeEffects/Short_decl_of_new_var_has_has_no_effect. (0.00s)\n","OutputType":"frame"}
{"Time":"2026-10-03T22:46:01.872156-03:00","Action":"pass","Package":"golang.org/x/tools/internal/refactor/inline","Test":"TestCalleeEffects/Short_decl_of_new_var_has_has_no_effect.","Elapsed":0}
{"Time":"2026-10-03T22:46:01.872171-03:00","Action":"run","Package":"golang.org/x/tools/internal/refactor/inline","Test":"TestCalleeEffects/Short_decl_of_existing_var_(y)_is_an_assignment."}
{"Time":"2026-10-03T22:46:01.872178-03:00","Action":"output","Package":"golang.org/x/tools/internal/refactor/inline","Test":"TestCalleeEffects/Short_decl_of_existing_var_(y)_is_an_assignment.","Output":"=== RUN   TestCalleeEffects/Short_decl_of_existing_var_(y)_is_an_assignment.\n","OutputType":"frame"}
{"Time":"2026-10-03T22:46:01.872196-03:00","Action":"output","Package":"golang.org/x/tools/internal/refactor/inline","Test":"TestCalleeEffects/Short_decl_of_existing_var_(y)_is_an_assignment.","Output":"    callee.go:126: analyzeCallee func p.f(x int) @ callee.go:2:1\n"}
{"Time":"2026-10-03T22:46:01.872205-03:00","Action":"output","Package":"golang.org/x/tools/internal/refactor/inline","Test":"TestCalleeEffects/Short_decl_of_existing_var_(y)_is_an_assignment.","Output":"    callee.go:529: effects list = [0 -2]\n"}
{"Time":"2026-10-03T22:46:01.872213-03:00","Action":"output","Package":"golang.org/x/tools/internal/refactor/inline","Test":"TestCalleeEffects/Short_decl_of_existing_var_(y)_is_an_assignment.","Output":"    falcon.go:189: falcon: emit type int۰0 int // \"int\"\n"}
{"Time":"2026-10-03T22:46:01.872222-03:00","Action":"output","Package":"golang.org/x/tools/internal/refactor/inline","Test":"TestCalleeEffects/Short_decl_of_existing_var_(y)_is_an_assignment.","Output":"--- PASS: TestCalleeEffects/Short_decl_of_existing_var_(y)_is_an_assignment. (0.00s)\n","OutputType":"frame"}
{"Time":"2026-10-03T22:46:01.87223-03:00","Action":"pass","Package":"golang.org/x/tools/internal/refactor/inline","Test":"TestCalleeEffects/Short_decl_of_existing_var_(y)_is_an_assignment.","Elapsed":0}
{"Time":"2026-10-03T22:46:01.872237-03:00","Action":"run","Package":"golang.org/x/tools/internal/refactor/inline","Test":"TestCalleeEffects/Unreferenced_parameters_are_excluded."}
{"Time":"2026-10-03T22:46:01.872243-03:00","Action":"output","Package":"golang.org/x/tools/internal/refactor/inline","Test":"TestCalleeEffects/Unreferenced_parameters_are_excluded.","Output":"=== RUN   TestCalleeEffects/Unreferenced_parameters_are_excluded.\n","OutputType":"frame"}
{"Time":"2026-10-03T22:46:01.872252-03:00","Action":"output","Package":"golang.org/x/tools/internal/refactor/inline","Test":"TestCalleeEffects/Unreferenced_parameters_are_excluded.","Output":"    callee.go:126: analyzeCallee func p.f(x int, y int, z int) @ callee.go:2:1\n"}
{"Time":"2026-10-03T22:46:01.872262-03:00","Action":"output","Package":"golang.org/x/tools/internal/refactor/inline","Test":"TestCalleeEffects/Unreferenced_parameters_are_excluded.","Output":"    callee.go:529: effects list = [2 0]\n"}
{"Time":"2026-10-03T22:46:01.872271-03:00","Action":"output","Package":"golang.org/x/tools/internal/refactor/inline","Test":"TestCalleeEffects/Unreferenced_parameters_are_excluded.","Output":"    falcon.go:189: falcon: emit type int۰0 int // \"int\"\n"}
{"Time":"2026-10-03T22:46:01.872512-03:00","Action":"output","Package":"golang.org/x/tools/internal/refactor/inline","Test":"TestCalleeEffects/Unreferenced_parameters_are_excluded.","Output":"    falcon.go:210: falcon: emit constraint z + x\n"}
{"Time":"2026-10-03T22:46:01.872527-03:00","Action":"output","Package":"golang.org/x/tools/internal/refactor/inline","Test":"TestCalleeEffects/Unreferenced_parameters_are_excluded.","Output":"--- PASS: TestCalleeEffects/Unreferenced_parameters_are_excluded. (0.00s)\n","OutputType":"frame"}
{"Time":"2026-10-03T22:46:01.872545-03:00","Action":"pass","Package":"golang.org/x/tools/internal/refactor/inline","Test":"TestCalleeEffects/Unreferenced_parameters_are_excluded.","Elapsed":0}
{"Time":"2026-10-03T22:46:01.872556-03:00","Action":"run","Package":"golang.org/x/tools/internal/refactor/inline","Test":"TestCalleeEffects/Built-in_len_has_no_effect."}
{"Time":"2026-10-03T22:46:01.872566-03:00","Action":"output","Package":"golang.org/x/tools/internal/refactor/inline","Test":"TestCalleeEffects/Built-in_len_has_no_effect.","Output":"=== RUN   TestCalleeEffects/Built-in_len_has_no_effect.\n","OutputType":"frame"}
{"Time":"2026-10-03T22:46:01.872891-03:00","Action":"output","Package":"golang.org/x/tools/internal/refactor/inline","Test":"TestCalleeEffects/Built-in_len_has_no_effect.","Output":"    callee.go:126: analyzeCallee func p.f(x string, y string) @ callee.go:2:1\n"}
{"Time":"2026-10-03T22:46:01.872912-03:00","Action":"output","Package":"golang.org/x/tools/internal/refactor/inline","Test":"TestCalleeEffects/Built-in_len_has_no_effect.","Output":"    callee.go:529: effects list = [1 0]\n"}
{"Time":"2026-10-03T22:46:01.872922-03:00","Action":"output","Package":"golang.org/x/tools/internal/refactor/inline","Test":"TestCalleeEffects/Built-in_len_has_no_effect.","Output":"    falcon.go:189: falcon: emit type int۰0 int // \"int\"\n"}
{"Time":"2026-10-03T22:46:01.872931-03:00","Action":"output","Package":"golang.org/x/tools/internal/refactor/inline","Test":"TestCalleeEffects/Built-in_len_has_no_effect.","Output":"    falcon.go:189: falcon: emit type string۰1 string // \"string\"\n"}
{"Time":"2026-10-03T22:46:01.872988-03:00","Action":"output","Package":"golang.org/x/tools/internal/refactor/inline","Test":"TestCalleeEffects/Built-in_len_has_no_effect.","Output":"    falcon.go:210: falcon: emit constraint len(y) + len(x)\n"}
{"Time":"2026-10-03T22:46:01.873001-03:00","Action":"output","Package":"golang.org/x/tools/internal/refactor/inline","Test":"TestCalleeEffects/Built-in_len_has_no_effect.","Output":"--- PASS: TestCalleeEffects/Built-in_len_has_no_effect. (0.00s)\n","OutputType":"frame"}
{"Time":"2026-10-03T22:46:01.873008-03:00","Action":"pass","Package":"golang.org/x/tools/internal/refactor/inline","Test":"TestCalleeEffects/Built-in_len_has_no_effect.","Elapsed":0}
{"Time":"2026-10-03T22:46:01.873017-03:00","Action":"run","Package":"golang.org/x/tools/internal/refactor/inline","Test":"TestCalleeEffects/Built-in_println_has_effects."}
{"Time":"2026-10-03T22:46:01.873023-03:00","Action":"output","Package":"golang.org/x/tools/internal/refactor/inline","Test":"TestCalleeEffects/Built-in_println_has_effects.","Output":"=== RUN   TestCalleeEffects/Built-in_println_has_effects.\n","OutputType":"frame"}
{"Time":"2026-10-03T22:46:01.873048-03:00","Action":"output","Package":"golang.org/x/tools/internal/refactor/inline","Test":"TestCalleeEffects/Built-in_println_has_effects.","Output":"    callee.go:126: analyzeCallee func p.f(x int, y int) @ callee.go:2:1\n"}
{"Time":"2026-10-03T22:46:01.873081-03:00","Action":"output","Package":"golang.org/x/tools/internal/refactor/inline","Test":"TestCalleeEffects/Built-in_println_has_effects.","Output":"    callee.go:529: effects list = [1 0 -2]\n"}
{"Time":"2026-10-03T22:46:01.873092-03:00","Action":"output","Package":"golang.org/x/tools/internal/refactor/inline","Test":"TestCalleeEffects/Built-in_println_has_effects.","Output":"    falcon.go:189: falcon: emit type int۰0 int // \"int\"\n"}
{"Time":"2026-10-03T22:46:01.873103-03:00","Action":"output","Package":"golang.org/x/tools/internal/refactor/inline","Test":"TestCalleeEffects/Built-in_println_has_effects.","Output":"--- PASS: TestCalleeEffects/Built-in_println_has_effects. (0.00s)\n","OutputType":"frame"}
{"Time":"2026-10-03T22:46:01.873134-03:00","Action":"pass","Package":"golang.org/x/tools/internal/refactor/inline","Test":"TestCalleeEffects/Built-in_println_has_effects.","Elapsed":0}
{"Time":"2026-10-03T22:46:01.873144-03:00","Action":"run","Package":"golang.org/x/tools/internal/refactor/inline","Test":"TestCalleeEffects/Return_has_no_effect,_and_no_control_successor."}
{"Time":"2026-10-03T22:46:01.873161-03:00","Action":"output","Package":"golang.org/x/tools/internal/refactor/inline","Test":"TestCalleeEffects/Return_has_no_effect,_and_no_control_successor.","Output":"=== RUN   TestCalleeEffects/Return_has_no_effect,_and_no_control_successor.\n","OutputType":"frame"}
{"Time":"2026-10-03T22:46:01.873171-03:00","Action":"output","Package":"golang.org/x/tools/internal/refactor/inline","Test":"TestCalleeEffects/Return_has_no_effect,_and_no_control_successor.","Output":"    callee.go:126: analyzeCallee func p.f(x int, y int) int @ callee.go:2:1\n"}
{"Time":"2026-10-03T22:46:01.873181-03:00","Action":"output","Package":"golang.org/x/tools/internal/refactor/inline","Test":"TestCalleeEffects/Return_has_no_effect,_and_no_control_successor.","Output":"    callee.go:529: effects list = [0 1]\n"}
{"Time":"2026-10-03T22:46:01.87319-03:00","Action":"output","Package":"golang.org/x/tools/internal/refactor/inline","Test":"TestCalleeEffects/Return_has_no_effect,_and_no_control_successor.","Output":"    falcon.go:189: falcon: emit type int۰0 int // \"int\"\n"}
{"Time":"2026-10-03T22:46:01.873198-03:00","Action":"output","Package":"golang.org/x/tools/internal/refactor/inline","Test":"TestCalleeEffects/Return_has_no_effect,_and_no_control_successor.","Output":"    falcon.go:210: falcon: emit constraint x + y\n"}
{"Time":"2026-10-03T22:46:01.873209-03:00","Action":"output","Package":"golang.org/x/tools/internal/refactor/inline","Test":"TestCalleeEffects/Return_has_no_effect,_and_no_control_successor.","Output":"--- PASS: TestCalleeEffects/Return_has_no_effect,_and_no_control_successor. (0.00s)\n","OutputType":"frame"}
{"Time":"2026-10-03T22:46:01.873217-03:00","Action":"pass","Package":"golang.org/x/tools/internal/refactor/inline","Test":"TestCalleeEffects/Return_has_no_effect,_and_no_control_successor.","Elapsed":0}
{"Time":"2026-10-03T22:46:01.873228-03:00","Action":"run","Package":"golang.org/x/tools/internal/refactor/inline","Test":"TestCalleeEffects/Loops_(etc)_have_unknown_effects."}
{"Time":"2026-10-03T22:46:01.873236-03:00","Action":"output","Package":"golang.org/x/tools/internal/refactor/inline","Test":"TestCalleeEffects/Loops_(etc)_have_unknown_effects.","Output":"=== RUN   TestCalleeEffects/Loops_(etc)_have_unknown_effects.\n","OutputType":"frame"}
{"Time":"2026-10-03T22:46:01.873263-03:00","Action":"output","Package":"golang.org/x/tools/internal/refactor/inline","Test":"TestCalleeEffects/Loops_(etc)_have_unknown_effects.","Output":"    callee.go:126: analyzeCallee func p.f(x bool, y bool) @ callee.go:2:1\n"}
{"Time":"2026-10-03T22:46:01.87329-03:00","Action":"output","Package":"golang.org/x/tools/internal/refactor/inline","Test":"TestCalleeEffects/Loops_(etc)_have_unknown_effects.","Output":"    callee.go:529: effects list = [0 -2 1]\n"}
{"Time":"2026-10-03T22:46:01.873299-03:00","Action":"output","Package":"golang.org/x/tools/internal/refactor/inline","Test":"TestCalleeEffects/Loops_(etc)_have_unknown_effects.","Output":"    falcon.go:189: falcon: emit type int۰0 int // \"int\"\n"}
{"Time":"2026-10-03T22:46:01.873314-03:00","Action":"output","Package":"golang.org/x/tools/internal/refactor/inline","Test":"TestCalleeEffects/Loops_(etc)_have_unknown_effects.","Output":"    falcon.go:189: falcon: emit type bool۰1 bool // \"bool\"\n"}
{"Time":"2026-10-03T22:46:01.873323-03:00","Action":"output","Package":"golang.org/x/tools/internal/refactor/inline","Test":"TestCalleeEffects/Loops_(etc)_have_unknown_effects.","Output":"--- PASS: TestCalleeEffects/Loops_(etc)_have_unknown_effects. (0.00s)\n","OutputType":"frame"}
{"Time":"2026-10-03T22:46:01.873331-03:00","Action":"pass","Package":"golang.org/x/tools/internal/refactor/inline","Test":"TestCalleeEffects/Loops_(etc)_have_unknown_effects.","Elapsed":0}
{"Time":"2026-10-03T22:46:01.87334-03:00","Action":"run","Package":"golang.org/x/tools/internal/refactor/inline","Test":"TestCalleeEffects/Calls_have_unknown_effects."}
{"Time":"2026-10-03T22:46:01.873348-03:00","Action":"output","Package":"golang.org/x/tools/internal/refactor/inline","Test":"TestCalleeEffects/Calls_have_unknown_effects.","Output":"=== RUN   TestCalleeEffects/Calls_have_unknown_effects.\n","OutputType":"frame"}
{"Time":"2026-10-03T22:46:01.873362-03:00","Action":"output","Package":"golang.org/x/tools/internal/refactor/inline","Test":"TestCalleeEffects/Calls_have_unknown_effects.","Output":"    callee.go:126: analyzeCallee func p.f(x int, y int) @ callee.go:2:1\n"}
{"Time":"2026-10-03T22:46:01.873371-03:00","Action":"output","Package":"golang.org/x/tools/internal/refactor/inline","Test":"TestCalleeEffects/Calls_have_unknown_effects.","Output":"    callee.go:529: effects list = [0 -2 1]\n"}
{"Time":"2026-10-03T22:46:01.873387-03:00","Action":"output","Package":"golang.org/x/tools/internal/refactor/inline","Test":"TestCalleeEffects/Calls_have_unknown_effects.","Output":"    falcon.go:189: falcon: emit type int۰0 int // \"int\"\n"}
{"Time":"2026-10-03T22:46:01.873398-03:00","Action":"output","Package":"golang.org/x/tools/internal/refactor/inline","Test":"TestCalleeEffects/Calls_have_unknown_effects.","Output":"--- PASS: TestCalleeEffects/Calls_have_unknown_effects. (0.00s)\n","OutputType":"frame"}
{"Time":"2026-10-03T22:46:01.873407-03:00","Action":"pass","Package":"golang.org/x/tools/internal/refactor/inline","Test":"TestCalleeEffects/Calls_have_unknown_effects.","Elapsed":0}
{"Time":"2026-10-03T22:46:01.873451-03:00","Action":"run","Package":"golang.org/x/tools/internal/refactor/inline","Test":"TestCalleeEffects/Calls_to_some_built-ins_are_pure."}
{"Time":"2026-10-03T22:46:01.873487-03:00","Action":"output","Package":"golang.org/x/tools/internal/refactor/inline","Test":"TestCalleeEffects/Calls_to_some_built-ins_are_pure.","Output":"=== RUN   TestCalleeEffects/Calls_to_some_built-ins_are_pure.\n","OutputType":"frame"}
{"Time":"2026-10-03T22:46:01.87359-03:00","Action":"output","Package":"golang.org/x/tools/internal/refactor/inline","Test":"TestCalleeEffects/Calls_to_some_built-ins_are_pure.","Output":"    callee.go:126: analyzeCallee func p.f(x int, y int) @ callee.go:2:1\n"}
{"Time":"2026-10-03T22:46:01.873659-03:00","Action":"output","Package":"golang.org/x/tools/internal/refactor/inline","Test":"TestCalleeEffects/Calls_to_some_built-ins_are_pure.","Output":"    callee.go:529: effects list = [0 1]\n"}
{"Time":"2026-10-03T22:46:01.87369-03:00","Action":"output","Package":"golang.org/x/tools/internal/refactor/inline","Test":"TestCalleeEffects/Calls_to_some_built-ins_are_pure.","Output":"    falcon.go:189: falcon: emit type int۰0 int // \"int\"\n"}
{"Time":"2026-10-03T22:46:01.873709-03:00","Action":"output","Package":"golang.org/x/tools/internal/refactor/inline","Test":"TestCalleeEffects/Calls_to_some_built-ins_are_pure.","Output":"--- PASS: TestCalleeEffects/Calls_to_some_built-ins_are_pure. (0.00s)\n","OutputType":"frame"}
{"Time":"2026-10-03T22:46:01.873722-03:00","Action":"pass","Package":"golang.org/x/tools/internal/refactor/inline","Test":"TestCalleeEffects/Calls_to_some_built-ins_are_pure.","Elapsed":0}
{"Time":"2026-10-03T22:46:01.873736-03:00","Action":"run","Package":"golang.org/x/tools/internal/refactor/inline","Test":"TestCalleeEffects/Calls_to_some_built-ins_are_pure_(variant)."}
{"Time":"2026-10-03T22:46:01.873746-03:00","Action":"output","Package":"golang.org/x/tools/internal/refactor/inline","Test":"TestCalleeEffects/Calls_to_some_built-ins_are_pure_(variant).","Output":"=== RUN   TestCalleeEffects/Calls_to_some_built-ins_are_pure_(variant).\n","OutputType":"frame"}
{"Time":"2026-10-03T22:46:01.873779-03:00","Action":"output","Package":"golang.org/x/tools/internal/refactor/inline","Test":"TestCalleeEffects/Calls_to_some_built-ins_are_pure_(variant).","Output":"    callee.go:126: analyzeCallee func p.f(x int, y int) @ callee.go:2:1\n"}
{"Time":"2026-10-03T22:46:01.873815-03:00","Action":"output","Package":"golang.org/x/tools/internal/refactor/inline","Test":"TestCalleeEffects/Calls_to_some_built-ins_are_pure_(variant).","Output":"    callee.go:529: effects list = [0 1 -2]\n"}
{"Time":"2026-10-03T22:46:01.873826-03:00","Action":"output","Package":"golang.org/x/tools/internal/refactor/inline","Test":"TestCalleeEffects/Calls_to_some_built-ins_are_pure_(variant).","Output":"    falcon.go:189: falcon: emit type int۰0 int // \"int\"\n"}
{"Time":"2026-10-03T22:46:01.873858-03:00","Action":"output","Package":"golang.org/x/tools/internal/refactor/inline","Test":"TestCalleeEffects/Calls_to_some_built-ins_are_pure_(variant).","Output":"--- PASS: TestCalleeEffects/Calls_to_some_built-ins_are_pure_(variant). (0.00s)\n","OutputType":"frame"}
{"Time":"2026-10-03T22:46:01.873867-03:00","Action":"pass","Package":"golang.org/x/tools/internal/refactor/inline","Test":"TestCalleeEffects/Calls_to_some_built-ins_are_pure_(variant).","Elapsed":0}
{"Time":"2026-10-03T22:46:01.873876-03:00","Action":"run","Package":"golang.org/x/tools/internal/refactor/inline","Test":"TestCalleeEffects/Calls_to_some_built-ins_are_pure_(another_variants)."}
{"Time":"2026-10-03T22:46:01.873883-03:00","Action":"output","Package":"golang.org/x/tools/internal/refactor/inline","Test":"TestCalleeEffects/Calls_to_some_built-ins_are_pure_(another_variants).","Output":"=== RUN   TestCalleeEffects/Calls_to_some_built-ins_are_pure_(another_variants).\n","OutputType":"frame"}
{"Time":"2026-10-03T22:46:01.873908-03:00","Action":"output","Package":"golang.org/x/tools/internal/refactor/inline","Test":"TestCalleeEffects/Calls_to_some_built-ins_are_pure_(another_variants).","Output":"    callee.go:126: analyzeCallee func p.f(x int, y int) @ callee.go:2:1\n"}
{"Time":"2026-10-03T22:46:01.873936-03:00","Action":"output","Package":"golang.org/x/tools/internal/refactor/inline","Test":"TestCalleeEffects/Calls_to_some_built-ins_are_pure_(another_variants).","Output":"    callee.go:529: effects list = [0 1]\n"}
{"Time":"2026-10-03T22:46:01.873947-03:00","Action":"output","Package":"golang.org/x/tools/internal/refactor/inline","Test":"TestCalleeEffects/Calls_to_some_built-ins_are_pure_(another_variants).","Output":"    falcon.go:189: falcon: emit type int۰0 int // \"int\"\n"}
{"Time":"2026-10-03T22:46:01.873958-03:00","Action":"output","Package":"golang.org/x/tools/internal/refactor/inline","Test":"TestCalleeEffects/Calls_to_some_built-ins_are_pure_(another_variants).","Output":"--- PASS: TestCalleeEffects/Calls_to_some_built-ins_are_pure_(another_variants). (0.00s)\n","OutputType":"frame"}
{"Time":"2026-10-03T22:46:01.873974-03:00","Action":"pass","Package":"golang.org/x/tools/internal/refactor/inline","Test":"TestCalleeEffects/Calls_to_some_built-ins_are_pure_(another_variants).","Elapsed":0}
{"Time":"2026-10-03T22:46:01.873984-03:00","Action":"run","Package":"golang.org/x/tools/internal/refactor/inline","Test":"TestCalleeEffects/Reading_a_local_var_is_impure_but_does_not_have_effects."}
{"Time":"2026-10-03T22:46:01.87399-03:00","Action":"output","Package":"golang.org/x/tools/internal/refactor/inline","Test":"TestCalleeEffects/Reading_a_local_var_is_impure_but_does_not_have_effects.","Output":"=== RUN   TestCalleeEffects/Reading_a_local_var_is_impure_but_does_not_have_effects.\n","OutputType":"frame"}
{"Time":"2026-10-03T22:46:01.87401-03:00","Action":"output","Package":"golang.org/x/tools/internal/refactor/inline","Test":"TestCalleeEffects/Reading_a_local_var_is_impure_but_does_not_have_effects.","Output":"    callee.go:126: analyzeCallee func p.f(x bool, y bool) @ callee.go:2:1\n"}
{"Time":"2026-10-03T22:46:01.874037-03:00","Action":"output","Package":"golang.org/x/tools/internal/refactor/inline","Test":"TestCalleeEffects/Reading_a_local_var_is_impure_but_does_not_have_effects.","Output":"    callee.go:529: effects list = [0 -2 1]\n"}
{"Time":"2026-10-03T22:46:01.874047-03:00","Action":"output","Package":"golang.org/x/tools/internal/refactor/inline","Test":"TestCalleeEffects/Reading_a_local_var_is_impure_but_does_not_have_effects.","Output":"    falcon.go:189: falcon: emit type int۰0 int // \"int\"\n"}
{"Time":"2026-10-03T22:46:01.874056-03:00","Action":"output","Package":"golang.org/x/tools/internal/refactor/inline","Test":"TestCalleeEffects/Reading_a_local_var_is_impure_but_does_not_have_effects.","Output":"    falcon.go:189: falcon: emit type bool۰1 bool // \"bool\"\n"}
{"Time":"2026-10-03T22:46:01.874073-03:00","Action":"output","Package":"golang.org/x/tools/internal/refactor/inline","Test":"TestCalleeEffects/Reading_a_local_var_is_impure_but_does_not_have_effects.","Output":"--- PASS: TestCalleeEffects/Reading_a_local_var_is_impure_but_does_not_have_effects. (0.00s)\n","OutputType":"frame"}
{"Time":"2026-10-03T22:46:01.874091-03:00","Action":"pass","Package":"golang.org/x/tools/internal/refactor/inline","Test":"TestCalleeEffects/Reading_a_local_var_is_impure_but_does_not_have_effects.","Elapsed":0}
{"Time":"2026-10-03T22:46:01.874101-03:00","Action":"output","Package":"golang.org/x/tools/internal/refactor/inline","Test":"TestCalleeEffects","Output":"--- PASS: TestCalleeEffects (0.00s)\n","OutputType":"frame"}
{"Time":"2026-10-03T22:46:01.874109-03:00","Action":"pass","Package":"golang.org/x/tools/internal/refactor/inline","Test":"TestCalleeEffects","Elapsed":0}
{"Time":"2026-10-03T22:46:01.874118-03:00","Action":"run","Package":"golang.org/x/tools/internal/refactor/inline","Test":"TestGonCalleeSafety"}
{"Time":"2026-10-03T22:46:01.874136-03:00","Action":"output","Package":"golang.org/x/tools/internal/refactor/inline","Test":"TestGonCalleeSafety","Output":"=== RUN   TestGonCalleeSafety\n","OutputType":"frame"}
{"Time":"2026-10-03T22:46:01.874146-03:00","Action":"run","Package":"golang.org/x/tools/internal/refactor/inline","Test":"TestGonCalleeSafety/return_if_c_{_1_}_else_{_2_},_nil"}
{"Time":"2026-10-03T22:46:01.874154-03:00","Action":"output","Package":"golang.org/x/tools/internal/refactor/inline","Test":"TestGonCalleeSafety/return_if_c_{_1_}_else_{_2_},_nil","Output":"=== RUN   TestGonCalleeSafety/return_if_c_{_1_}_else_{_2_},_nil\n","OutputType":"frame"}
{"Time":"2026-10-03T22:46:01.87423-03:00","Action":"output","Package":"golang.org/x/tools/internal/refactor/inline","Test":"TestGonCalleeSafety/return_if_c_{_1_}_else_{_2_},_nil","Output":"--- PASS: TestGonCalleeSafety/return_if_c_{_1_}_else_{_2_},_nil (0.00s)\n","OutputType":"frame"}
{"Time":"2026-10-03T22:46:01.874241-03:00","Action":"pass","Package":"golang.org/x/tools/internal/refactor/inline","Test":"TestGonCalleeSafety/return_if_c_{_1_}_else_{_2_},_nil","Elapsed":0}
{"Time":"2026-10-03T22:46:01.874254-03:00","Action":"run","Package":"golang.org/x/tools/internal/refactor/inline","Test":"TestGonCalleeSafety/return_read()!,_nil"}
{"Time":"2026-10-03T22:46:01.874261-03:00","Action":"output","Package":"golang.org/x/tools/internal/refactor/inline","Test":"TestGonCalleeSafety/return_read()!,_nil","Output":"=== RUN   TestGonCalleeSafety/return_read()!,_nil\n","OutputType":"frame"}
{"Time":"2026-10-03T22:46:01.874305-03:00","Action":"output","Package":"golang.org/x/tools/internal/refactor/inline","Test":"TestGonCalleeSafety/return_read()!,_nil","Output":"--- PASS: TestGonCalleeSafety/return_read()!,_nil (0.00s)\n","OutputType":"frame"}
{"Time":"2026-10-03T22:46:01.874319-03:00","Action":"pass","Package":"golang.org/x/tools/internal/refactor/inline","Test":"TestGonCalleeSafety/return_read()!,_nil","Elapsed":0}
{"Time":"2026-10-03T22:46:01.874328-03:00","Action":"run","Package":"golang.org/x/tools/internal/refactor/inline","Test":"TestGonCalleeSafety/return_read()_or_err_{_return_0,_err_},_nil"}
{"Time":"2026-10-03T22:46:01.874337-03:00","Action":"output","Package":"golang.org/x/tools/internal/refactor/inline","Test":"TestGonCalleeSafety/return_read()_or_err_{_return_0,_err_},_nil","Output":"=== RUN   TestGonCalleeSafety/return_read()_or_err_{_return_0,_err_},_nil\n","OutputType":"frame"}
{"Time":"2026-10-03T22:46:01.874368-03:00","Action":"output","Package":"golang.org/x/tools/internal/refactor/inline","Test":"TestGonCalleeSafety/return_read()_or_err_{_return_0,_err_},_nil","Output":"--- PASS: TestGonCalleeSafety/return_read()_or_err_{_return_0,_err_},_nil (0.00s)\n","OutputType":"frame"}
{"Time":"2026-10-03T22:46:01.874377-03:00","Action":"pass","Package":"golang.org/x/tools/internal/refactor/inline","Test":"TestGonCalleeSafety/return_read()_or_err_{_return_0,_err_},_nil","Elapsed":0}
{"Time":"2026-10-03T22:46:01.874398-03:00","Action":"run","Package":"golang.org/x/tools/internal/refactor/inline","Test":"TestGonCalleeSafety/var_cb_func()_int_=_()_=\u003e_1;_return_cb(),_nil"}
{"Time":"2026-10-03T22:46:01.874406-03:00","Action":"output","Package":"golang.org/x/tools/internal/refactor/inline","Test":"TestGonCalleeSafety/var_cb_func()_int_=_()_=\u003e_1;_return_cb(),_nil","Output":"=== RUN   TestGonCalleeSafety/var_cb_func()_int_=_()_=\u003e_1;_return_cb(),_nil\n","OutputType":"frame"}
{"Time":"2026-10-03T22:46:01.874544-03:00","Action":"output","Package":"golang.org/x/tools/internal/refactor/inline","Test":"TestGonCalleeSafety/var_cb_func()_int_=_()_=\u003e_1;_return_cb(),_nil","Output":"--- PASS: TestGonCalleeSafety/var_cb_func()_int_=_()_=\u003e_1;_return_cb(),_nil (0.00s)\n","OutputType":"frame"}
{"Time":"2026-10-03T22:46:01.874555-03:00","Action":"pass","Package":"golang.org/x/tools/internal/refactor/inline","Test":"TestGonCalleeSafety/var_cb_func()_int_=_()_=\u003e_1;_return_cb(),_nil","Elapsed":0}
{"Time":"2026-10-03T22:46:01.874563-03:00","Action":"run","Package":"golang.org/x/tools/internal/refactor/inline","Test":"TestGonCalleeSafety/var_p_*int;_return_*p_??_1,_nil"}
{"Time":"2026-10-03T22:46:01.87457-03:00","Action":"output","Package":"golang.org/x/tools/internal/refactor/inline","Test":"TestGonCalleeSafety/var_p_*int;_return_*p_??_1,_nil","Output":"=== RUN   TestGonCalleeSafety/var_p_*int;_return_*p_??_1,_nil\n","OutputType":"frame"}
{"Time":"2026-10-03T22:46:01.874599-03:00","Action":"output","Package":"golang.org/x/tools/internal/refactor/inline","Test":"TestGonCalleeSafety/var_p_*int;_return_*p_??_1,_nil","Output":"--- PASS: TestGonCalleeSafety/var_p_*int;_return_*p_??_1,_nil (0.00s)\n","OutputType":"frame"}
{"Time":"2026-10-03T22:46:01.874609-03:00","Action":"pass","Package":"golang.org/x/tools/internal/refactor/inline","Test":"TestGonCalleeSafety/var_p_*int;_return_*p_??_1,_nil","Elapsed":0}
{"Time":"2026-10-03T22:46:01.874617-03:00","Action":"run","Package":"golang.org/x/tools/internal/refactor/inline","Test":"TestGonCalleeSafety/return_1,_nil"}
{"Time":"2026-10-03T22:46:01.874623-03:00","Action":"output","Package":"golang.org/x/tools/internal/refactor/inline","Test":"TestGonCalleeSafety/return_1,_nil","Output":"=== RUN   TestGonCalleeSafety/return_1,_nil\n","OutputType":"frame"}
{"Time":"2026-10-03T22:46:01.874652-03:00","Action":"output","Package":"golang.org/x/tools/internal/refactor/inline","Test":"TestGonCalleeSafety/return_1,_nil","Output":"    callee.go:126: analyzeCallee func p.f(c bool) (int, error) @ p.go:1:54\n"}
{"Time":"2026-10-03T22:46:01.874677-03:00","Action":"output","Package":"golang.org/x/tools/internal/refactor/inline","Test":"TestGonCalleeSafety/return_1,_nil","Output":"    callee.go:529: effects list = []\n"}
{"Time":"2026-10-03T22:46:01.874686-03:00","Action":"output","Package":"golang.org/x/tools/internal/refactor/inline","Test":"TestGonCalleeSafety/return_1,_nil","Output":"    falcon.go:189: falcon: emit type int۰0 int // \"int\"\n"}
{"Time":"2026-10-03T22:46:01.874695-03:00","Action":"output","Package":"golang.org/x/tools/internal/refactor/inline","Test":"TestGonCalleeSafety/return_1,_nil","Output":"    falcon.go:189: falcon: emit type bool۰1 bool // \"bool\"\n"}
{"Time":"2026-10-03T22:46:01.874713-03:00","Action":"output","Package":"golang.org/x/tools/internal/refactor/inline","Test":"TestGonCalleeSafety/return_1,_nil","Output":"--- PASS: TestGonCalleeSafety/return_1,_nil (0.00s)\n","OutputType":"frame"}
{"Time":"2026-10-03T22:46:01.874728-03:00","Action":"pass","Package":"golang.org/x/tools/internal/refactor/inline","Test":"TestGonCalleeSafety/return_1,_nil","Elapsed":0}
{"Time":"2026-10-03T22:46:01.874736-03:00","Action":"output","Package":"golang.org/x/tools/internal/refactor/inline","Test":"TestGonCalleeSafety","Output":"--- PASS: TestGonCalleeSafety (0.00s)\n","OutputType":"frame"}
{"Time":"2026-10-03T22:46:01.874744-03:00","Action":"pass","Package":"golang.org/x/tools/internal/refactor/inline","Test":"TestGonCalleeSafety","Elapsed":0}
{"Time":"2026-10-03T22:46:01.87475-03:00","Action":"run","Package":"golang.org/x/tools/internal/refactor/inline","Test":"TestGonCallerSafety"}
{"Time":"2026-10-03T22:46:01.874765-03:00","Action":"output","Package":"golang.org/x/tools/internal/refactor/inline","Test":"TestGonCallerSafety","Output":"=== RUN   TestGonCallerSafety\n","OutputType":"frame"}
{"Time":"2026-10-03T22:46:01.874773-03:00","Action":"run","Package":"golang.org/x/tools/internal/refactor/inline","Test":"TestGonCallerSafety/contextual_constructor"}
{"Time":"2026-10-03T22:46:01.87478-03:00","Action":"output","Package":"golang.org/x/tools/internal/refactor/inline","Test":"TestGonCallerSafety/contextual_constructor","Output":"=== RUN   TestGonCallerSafety/contextual_constructor\n","OutputType":"frame"}
{"Time":"2026-10-03T22:46:01.874822-03:00","Action":"output","Package":"golang.org/x/tools/internal/refactor/inline","Test":"TestGonCallerSafety/contextual_constructor","Output":"    callee.go:126: analyzeCallee func p.f(x int) int @ callee.go:2:1\n"}
{"Time":"2026-10-03T22:46:01.874841-03:00","Action":"output","Package":"golang.org/x/tools/internal/refactor/inline","Test":"TestGonCallerSafety/contextual_constructor","Output":"    callee.go:529: effects list = [0]\n"}
{"Time":"2026-10-03T22:46:01.874851-03:00","Action":"output","Package":"golang.org/x/tools/internal/refactor/inline","Test":"TestGonCallerSafety/contextual_constructor","Output":"    falcon.go:189: falcon: emit type int۰0 int // \"int\"\n"}
{"Time":"2026-10-03T22:46:01.875316-03:00","Action":"output","Package":"golang.org/x/tools/internal/refactor/inline","Test":"TestGonCallerSafety/contextual_constructor","Output":"    inline.go:108: inline f(1) @ caller.go:2:43\n"}
{"Time":"2026-10-03T22:46:01.875421-03:00","Action":"output","Package":"golang.org/x/tools/internal/refactor/inline","Test":"TestGonCallerSafety/contextual_constructor","Output":"--- PASS: TestGonCallerSafety/contextual_constructor (0.00s)\n","OutputType":"frame"}
{"Time":"2026-10-03T22:46:01.875431-03:00","Action":"pass","Package":"golang.org/x/tools/internal/refactor/inline","Test":"TestGonCallerSafety/contextual_constructor","Elapsed":0}
{"Time":"2026-10-03T22:46:01.875448-03:00","Action":"run","Package":"golang.org/x/tools/internal/refactor/inline","Test":"TestGonCallerSafety/implicit_Option_argument"}
{"Time":"2026-10-03T22:46:01.875456-03:00","Action":"output","Package":"golang.org/x/tools/internal/refactor/inline","Test":"TestGonCallerSafety/implicit_Option_argument","Output":"=== RUN   TestGonCallerSafety/implicit_Option_argument\n","OutputType":"frame"}
{"Time":"2026-10-03T22:46:01.875538-03:00","Action":"output","Package":"golang.org/x/tools/internal/refactor/inline","Test":"TestGonCallerSafety/implicit_Option_argument","Output":"--- PASS: TestGonCallerSafety/implicit_Option_argument (0.00s)\n","OutputType":"frame"}
{"Time":"2026-10-03T22:46:01.875548-03:00","Action":"pass","Package":"golang.org/x/tools/internal/refactor/inline","Test":"TestGonCallerSafety/implicit_Option_argument","Elapsed":0}
{"Time":"2026-10-03T22:46:01.875556-03:00","Action":"run","Package":"golang.org/x/tools/internal/refactor/inline","Test":"TestGonCallerSafety/lambda_argument"}
{"Time":"2026-10-03T22:46:01.875562-03:00","Action":"output","Package":"golang.org/x/tools/internal/refactor/inline","Test":"TestGonCallerSafety/lambda_argument","Output":"=== RUN   TestGonCallerSafety/lambda_argument\n","OutputType":"frame"}
{"Time":"2026-10-03T22:46:01.875612-03:00","Action":"output","Package":"golang.org/x/tools/internal/refactor/inline","Test":"TestGonCallerSafety/lambda_argument","Output":"    callee.go:126: analyzeCallee func p.f(cb func(int) int) int @ callee.go:2:1\n"}
{"Time":"2026-10-03T22:46:01.875632-03:00","Action":"output","Package":"golang.org/x/tools/internal/refactor/inline","Test":"TestGonCallerSafety/lambda_argument","Output":"    callee.go:529: effects list = [0 -2]\n"}
{"Time":"2026-10-03T22:46:01.875642-03:00","Action":"output","Package":"golang.org/x/tools/internal/refactor/inline","Test":"TestGonCallerSafety/lambda_argument","Output":"    falcon.go:189: falcon: emit type int۰0 int // \"int\"\n"}
{"Time":"2026-10-03T22:46:01.87584-03:00","Action":"output","Package":"golang.org/x/tools/internal/refactor/inline","Test":"TestGonCallerSafety/lambda_argument","Output":"    inline.go:108: inline f((x) =\u003e x + 1) @ caller.go:2:24\n"}
{"Time":"2026-10-03T22:46:01.875862-03:00","Action":"output","Package":"golang.org/x/tools/internal/refactor/inline","Test":"TestGonCallerSafety/lambda_argument","Output":"--- PASS: TestGonCallerSafety/lambda_argument (0.00s)\n","OutputType":"frame"}
{"Time":"2026-10-03T22:46:01.875868-03:00","Action":"pass","Package":"golang.org/x/tools/internal/refactor/inline","Test":"TestGonCallerSafety/lambda_argument","Elapsed":0}
{"Time":"2026-10-03T22:46:01.875875-03:00","Action":"run","Package":"golang.org/x/tools/internal/refactor/inline","Test":"TestGonCallerSafety/coalesce_argument"}
{"Time":"2026-10-03T22:46:01.87588-03:00","Action":"output","Package":"golang.org/x/tools/internal/refactor/inline","Test":"TestGonCallerSafety/coalesce_argument","Output":"=== RUN   TestGonCallerSafety/coalesce_argument\n","OutputType":"frame"}
{"Time":"2026-10-03T22:46:01.87593-03:00","Action":"output","Package":"golang.org/x/tools/internal/refactor/inline","Test":"TestGonCallerSafety/coalesce_argument","Output":"    callee.go:126: analyzeCallee func p.f(x *int) *int @ callee.go:2:1\n"}
{"Time":"2026-10-03T22:46:01.875939-03:00","Action":"output","Package":"golang.org/x/tools/internal/refactor/inline","Test":"TestGonCallerSafety/coalesce_argument","Output":"    callee.go:529: effects list = [0]\n"}
{"Time":"2026-10-03T22:46:01.875946-03:00","Action":"output","Package":"golang.org/x/tools/internal/refactor/inline","Test":"TestGonCallerSafety/coalesce_argument","Output":"    falcon.go:189: falcon: emit type int۰0 int // \"int\"\n"}
{"Time":"2026-10-03T22:46:01.876117-03:00","Action":"output","Package":"golang.org/x/tools/internal/refactor/inline","Test":"TestGonCallerSafety/coalesce_argument","Output":"    inline.go:108: inline f(p ?? q) @ caller.go:2:34\n"}
{"Time":"2026-10-03T22:46:01.876142-03:00","Action":"output","Package":"golang.org/x/tools/internal/refactor/inline","Test":"TestGonCallerSafety/coalesce_argument","Output":"--- PASS: TestGonCallerSafety/coalesce_argument (0.00s)\n","OutputType":"frame"}
{"Time":"2026-10-03T22:46:01.876148-03:00","Action":"pass","Package":"golang.org/x/tools/internal/refactor/inline","Test":"TestGonCallerSafety/coalesce_argument","Elapsed":0}
{"Time":"2026-10-03T22:46:01.876155-03:00","Action":"run","Package":"golang.org/x/tools/internal/refactor/inline","Test":"TestGonCallerSafety/safe_navigation"}
{"Time":"2026-10-03T22:46:01.87616-03:00","Action":"output","Package":"golang.org/x/tools/internal/refactor/inline","Test":"TestGonCallerSafety/safe_navigation","Output":"=== RUN   TestGonCallerSafety/safe_navigation\n","OutputType":"frame"}
{"Time":"2026-10-03T22:46:01.876239-03:00","Action":"output","Package":"golang.org/x/tools/internal/refactor/inline","Test":"TestGonCallerSafety/safe_navigation","Output":"    callee.go:126: analyzeCallee func p.f() int @ callee.go:2:1\n"}
{"Time":"2026-10-03T22:46:01.876248-03:00","Action":"output","Package":"golang.org/x/tools/internal/refactor/inline","Test":"TestGonCallerSafety/safe_navigation","Output":"    callee.go:529: effects list = []\n"}
{"Time":"2026-10-03T22:46:01.876255-03:00","Action":"output","Package":"golang.org/x/tools/internal/refactor/inline","Test":"TestGonCallerSafety/safe_navigation","Output":"    falcon.go:189: falcon: emit type int۰0 int // \"int\"\n"}
{"Time":"2026-10-03T22:46:01.876432-03:00","Action":"output","Package":"golang.org/x/tools/internal/refactor/inline","Test":"TestGonCallerSafety/safe_navigation","Output":"    inline.go:108: inline f() @ caller.go:2:60\n"}
{"Time":"2026-10-03T22:46:01.876456-03:00","Action":"output","Package":"golang.org/x/tools/internal/refactor/inline","Test":"TestGonCallerSafety/safe_navigation","Output":"--- PASS: TestGonCallerSafety/safe_navigation (0.00s)\n","OutputType":"frame"}
{"Time":"2026-10-03T22:46:01.876464-03:00","Action":"pass","Package":"golang.org/x/tools/internal/refactor/inline","Test":"TestGonCallerSafety/safe_navigation","Elapsed":0}
{"Time":"2026-10-03T22:46:01.876475-03:00","Action":"run","Package":"golang.org/x/tools/internal/refactor/inline","Test":"TestGonCallerSafety/conditional_argument"}
{"Time":"2026-10-03T22:46:01.876481-03:00","Action":"output","Package":"golang.org/x/tools/internal/refactor/inline","Test":"TestGonCallerSafety/conditional_argument","Output":"=== RUN   TestGonCallerSafety/conditional_argument\n","OutputType":"frame"}
{"Time":"2026-10-03T22:46:01.876519-03:00","Action":"output","Package":"golang.org/x/tools/internal/refactor/inline","Test":"TestGonCallerSafety/conditional_argument","Output":"    callee.go:126: analyzeCallee func p.f(x int) int @ callee.go:2:1\n"}
{"Time":"2026-10-03T22:46:01.876529-03:00","Action":"output","Package":"golang.org/x/tools/internal/refactor/inline","Test":"TestGonCallerSafety/conditional_argument","Output":"    callee.go:529: effects list = [0]\n"}
{"Time":"2026-10-03T22:46:01.876536-03:00","Action":"output","Package":"golang.org/x/tools/internal/refactor/inline","Test":"TestGonCallerSafety/conditional_argument","Output":"    falcon.go:189: falcon: emit type int۰0 int // \"int\"\n"}
{"Time":"2026-10-03T22:46:01.876554-03:00","Action":"output","Package":"golang.org/x/tools/internal/refactor/inline","Test":"TestGonCallerSafety/conditional_argument","Output":"    falcon.go:210: falcon: emit constraint x + x\n"}
{"Time":"2026-10-03T22:46:01.876725-03:00","Action":"output","Package":"golang.org/x/tools/internal/refactor/inline","Test":"TestGonCallerSafety/conditional_argument","Output":"    inline.go:108: inline f(if c { 1 } else { 2 }) @ caller.go:2:30\n"}
{"Time":"2026-10-03T22:46:01.876745-03:00","Action":"output","Package":"golang.org/x/tools/internal/refactor/inline","Test":"TestGonCallerSafety/conditional_argument","Output":"--- PASS: TestGonCallerSafety/conditional_argument (0.00s)\n","OutputType":"frame"}
{"Time":"2026-10-03T22:46:01.876752-03:00","Action":"pass","Package":"golang.org/x/tools/internal/refactor/inline","Test":"TestGonCallerSafety/conditional_argument","Elapsed":0}
{"Time":"2026-10-03T22:46:01.876758-03:00","Action":"run","Package":"golang.org/x/tools/internal/refactor/inline","Test":"TestGonCallerSafety/nil_target_argument"}
{"Time":"2026-10-03T22:46:01.876763-03:00","Action":"output","Package":"golang.org/x/tools/internal/refactor/inline","Test":"TestGonCallerSafety/nil_target_argument","Output":"=== RUN   TestGonCallerSafety/nil_target_argument\n","OutputType":"frame"}
{"Time":"2026-10-03T22:46:01.876802-03:00","Action":"output","Package":"golang.org/x/tools/internal/refactor/inline","Test":"TestGonCallerSafety/nil_target_argument","Output":"    callee.go:126: analyzeCallee func p.f(x *int) *int @ callee.go:2:1\n"}
{"Time":"2026-10-03T22:46:01.876812-03:00","Action":"output","Package":"golang.org/x/tools/internal/refactor/inline","Test":"TestGonCallerSafety/nil_target_argument","Output":"    callee.go:529: effects list = [0]\n"}
{"Time":"2026-10-03T22:46:01.876819-03:00","Action":"output","Package":"golang.org/x/tools/internal/refactor/inline","Test":"TestGonCallerSafety/nil_target_argument","Output":"    falcon.go:189: falcon: emit type int۰0 int // \"int\"\n"}
{"Time":"2026-10-03T22:46:01.876994-03:00","Action":"output","Package":"golang.org/x/tools/internal/refactor/inline","Test":"TestGonCallerSafety/nil_target_argument","Output":"    inline.go:108: inline f(if c { nil } else { nil }) @ caller.go:2:31\n"}
{"Time":"2026-10-03T22:46:01.877019-03:00","Action":"output","Package":"golang.org/x/tools/internal/refactor/inline","Test":"TestGonCallerSafety/nil_target_argument","Output":"--- PASS: TestGonCallerSafety/nil_target_argument (0.00s)\n","OutputType":"frame"}
{"Time":"2026-10-03T22:46:01.877027-03:00","Action":"pass","Package":"golang.org/x/tools/internal/refactor/inline","Test":"TestGonCallerSafety/nil_target_argument","Elapsed":0}
{"Time":"2026-10-03T22:46:01.877035-03:00","Action":"run","Package":"golang.org/x/tools/internal/refactor/inline","Test":"TestGonCallerSafety/then_branch"}
{"Time":"2026-10-03T22:46:01.87705-03:00","Action":"output","Package":"golang.org/x/tools/internal/refactor/inline","Test":"TestGonCallerSafety/then_branch","Output":"=== RUN   TestGonCallerSafety/then_branch\n","OutputType":"frame"}
{"Time":"2026-10-03T22:46:01.877057-03:00","Action":"output","Package":"golang.org/x/tools/internal/refactor/inline","Test":"TestGonCallerSafety/then_branch","Output":"    callee.go:126: analyzeCallee func p.f() int @ callee.go:2:1\n"}
{"Time":"2026-10-03T22:46:01.877076-03:00","Action":"output","Package":"golang.org/x/tools/internal/refactor/inline","Test":"TestGonCallerSafety/then_branch","Output":"    callee.go:529: effects list = []\n"}
{"Time":"2026-10-03T22:46:01.877086-03:00","Action":"output","Package":"golang.org/x/tools/internal/refactor/inline","Test":"TestGonCallerSafety/then_branch","Output":"    falcon.go:189: falcon: emit type int۰0 int // \"int\"\n"}
{"Time":"2026-10-03T22:46:01.877216-03:00","Action":"output","Package":"golang.org/x/tools/internal/refactor/inline","Test":"TestGonCallerSafety/then_branch","Output":"    inline.go:108: inline f() @ caller.go:2:37\n"}
{"Time":"2026-10-03T22:46:01.877227-03:00","Action":"output","Package":"golang.org/x/tools/internal/refactor/inline","Test":"TestGonCallerSafety/then_branch","Output":"--- PASS: TestGonCallerSafety/then_branch (0.00s)\n","OutputType":"frame"}
{"Time":"2026-10-03T22:46:01.877233-03:00","Action":"pass","Package":"golang.org/x/tools/internal/refactor/inline","Test":"TestGonCallerSafety/then_branch","Elapsed":0}
{"Time":"2026-10-03T22:46:01.87724-03:00","Action":"run","Package":"golang.org/x/tools/internal/refactor/inline","Test":"TestGonCallerSafety/else_branch"}
{"Time":"2026-10-03T22:46:01.877245-03:00","Action":"output","Package":"golang.org/x/tools/internal/refactor/inline","Test":"TestGonCallerSafety/else_branch","Output":"=== RUN   TestGonCallerSafety/else_branch\n","OutputType":"frame"}
{"Time":"2026-10-03T22:46:01.877289-03:00","Action":"output","Package":"golang.org/x/tools/internal/refactor/inline","Test":"TestGonCallerSafety/else_branch","Output":"    callee.go:126: analyzeCallee func p.f() int @ callee.go:2:1\n"}
{"Time":"2026-10-03T22:46:01.877298-03:00","Action":"output","Package":"golang.org/x/tools/internal/refactor/inline","Test":"TestGonCallerSafety/else_branch","Output":"    callee.go:529: effects list = []\n"}
{"Time":"2026-10-03T22:46:01.877306-03:00","Action":"output","Package":"golang.org/x/tools/internal/refactor/inline","Test":"TestGonCallerSafety/else_branch","Output":"    falcon.go:189: falcon: emit type int۰0 int // \"int\"\n"}
{"Time":"2026-10-03T22:46:01.877444-03:00","Action":"output","Package":"golang.org/x/tools/internal/refactor/inline","Test":"TestGonCallerSafety/else_branch","Output":"    inline.go:108: inline f() @ caller.go:2:48\n"}
{"Time":"2026-10-03T22:46:01.877456-03:00","Action":"output","Package":"golang.org/x/tools/internal/refactor/inline","Test":"TestGonCallerSafety/else_branch","Output":"--- PASS: TestGonCallerSafety/else_branch (0.00s)\n","OutputType":"frame"}
{"Time":"2026-10-03T22:46:01.877463-03:00","Action":"pass","Package":"golang.org/x/tools/internal/refactor/inline","Test":"TestGonCallerSafety/else_branch","Elapsed":0}
{"Time":"2026-10-03T22:46:01.877468-03:00","Action":"run","Package":"golang.org/x/tools/internal/refactor/inline","Test":"TestGonCallerSafety/condition"}
{"Time":"2026-10-03T22:46:01.877473-03:00","Action":"output","Package":"golang.org/x/tools/internal/refactor/inline","Test":"TestGonCallerSafety/condition","Output":"=== RUN   TestGonCallerSafety/condition\n","OutputType":"frame"}
{"Time":"2026-10-03T22:46:01.87751-03:00","Action":"output","Package":"golang.org/x/tools/internal/refactor/inline","Test":"TestGonCallerSafety/condition","Output":"    callee.go:126: analyzeCallee func p.f() bool @ callee.go:2:1\n"}
{"Time":"2026-10-03T22:46:01.877519-03:00","Action":"output","Package":"golang.org/x/tools/internal/refactor/inline","Test":"TestGonCallerSafety/condition","Output":"    callee.go:529: effects list = []\n"}
{"Time":"2026-10-03T22:46:01.877533-03:00","Action":"output","Package":"golang.org/x/tools/internal/refactor/inline","Test":"TestGonCallerSafety/condition","Output":"    falcon.go:189: falcon: emit type int۰0 int // \"int\"\n"}
{"Time":"2026-10-03T22:46:01.877538-03:00","Action":"output","Package":"golang.org/x/tools/internal/refactor/inline","Test":"TestGonCallerSafety/condition","Output":"    falcon.go:189: falcon: emit type bool۰1 bool // \"bool\"\n"}
{"Time":"2026-10-03T22:46:01.877688-03:00","Action":"output","Package":"golang.org/x/tools/internal/refactor/inline","Test":"TestGonCallerSafety/condition","Output":"    inline.go:108: inline f() @ caller.go:2:27\n"}
{"Time":"2026-10-03T22:46:01.877699-03:00","Action":"output","Package":"golang.org/x/tools/internal/refactor/inline","Test":"TestGonCallerSafety/condition","Output":"--- PASS: TestGonCallerSafety/condition (0.00s)\n","OutputType":"frame"}
{"Time":"2026-10-03T22:46:01.877706-03:00","Action":"pass","Package":"golang.org/x/tools/internal/refactor/inline","Test":"TestGonCallerSafety/condition","Elapsed":0}
{"Time":"2026-10-03T22:46:01.877712-03:00","Action":"run","Package":"golang.org/x/tools/internal/refactor/inline","Test":"TestGonCallerSafety/sibling_operand"}
{"Time":"2026-10-03T22:46:01.877717-03:00","Action":"output","Package":"golang.org/x/tools/internal/refactor/inline","Test":"TestGonCallerSafety/sibling_operand","Output":"=== RUN   TestGonCallerSafety/sibling_operand\n","OutputType":"frame"}
{"Time":"2026-10-03T22:46:01.877934-03:00","Action":"output","Package":"golang.org/x/tools/internal/refactor/inline","Test":"TestGonCallerSafety/sibling_operand","Output":"    callee.go:126: analyzeCallee func p.f() int @ callee.go:2:1\n"}
{"Time":"2026-10-03T22:46:01.877954-03:00","Action":"output","Package":"golang.org/x/tools/internal/refactor/inline","Test":"TestGonCallerSafety/sibling_operand","Output":"    callee.go:529: effects list = []\n"}
{"Time":"2026-10-03T22:46:01.877965-03:00","Action":"output","Package":"golang.org/x/tools/internal/refactor/inline","Test":"TestGonCallerSafety/sibling_operand","Output":"    falcon.go:189: falcon: emit type int۰0 int // \"int\"\n"}
{"Time":"2026-10-03T22:46:01.878109-03:00","Action":"output","Package":"golang.org/x/tools/internal/refactor/inline","Test":"TestGonCallerSafety/sibling_operand","Output":"    inline.go:108: inline f() @ caller.go:2:30\n"}
{"Time":"2026-10-03T22:46:01.87814-03:00","Action":"output","Package":"golang.org/x/tools/internal/refactor/inline","Test":"TestGonCallerSafety/sibling_operand","Output":"--- PASS: TestGonCallerSafety/sibling_operand (0.00s)\n","OutputType":"frame"}
{"Time":"2026-10-03T22:46:01.878151-03:00","Action":"pass","Package":"golang.org/x/tools/internal/refactor/inline","Test":"TestGonCallerSafety/sibling_operand","Elapsed":0}
{"Time":"2026-10-03T22:46:01.878159-03:00","Action":"run","Package":"golang.org/x/tools/internal/refactor/inline","Test":"TestGonCallerSafety/package_initializer"}
{"Time":"2026-10-03T22:46:01.878166-03:00","Action":"output","Package":"golang.org/x/tools/internal/refactor/inline","Test":"TestGonCallerSafety/package_initializer","Output":"=== RUN   TestGonCallerSafety/package_initializer\n","OutputType":"frame"}
{"Time":"2026-10-03T22:46:01.878262-03:00","Action":"output","Package":"golang.org/x/tools/internal/refactor/inline","Test":"TestGonCallerSafety/package_initializer","Output":"    callee.go:126: analyzeCallee func p.f(x int) int @ callee.go:2:1\n"}
{"Time":"2026-10-03T22:46:01.878279-03:00","Action":"output","Package":"golang.org/x/tools/internal/refactor/inline","Test":"TestGonCallerSafety/package_initializer","Output":"    callee.go:529: effects list = [0]\n"}
{"Time":"2026-10-03T22:46:01.878288-03:00","Action":"output","Package":"golang.org/x/tools/internal/refactor/inline","Test":"TestGonCallerSafety/package_initializer","Output":"    falcon.go:189: falcon: emit type int۰0 int // \"int\"\n"}
{"Time":"2026-10-03T22:46:01.878475-03:00","Action":"output","Package":"golang.org/x/tools/internal/refactor/inline","Test":"TestGonCallerSafety/package_initializer","Output":"    inline.go:108: inline f(if c { 1 } else { 2 }) @ caller.go:2:22\n"}
{"Time":"2026-10-03T22:46:01.878501-03:00","Action":"output","Package":"golang.org/x/tools/internal/refactor/inline","Test":"TestGonCallerSafety/package_initializer","Output":"--- PASS: TestGonCallerSafety/package_initializer (0.00s)\n","OutputType":"frame"}
{"Time":"2026-10-03T22:46:01.878511-03:00","Action":"pass","Package":"golang.org/x/tools/internal/refactor/inline","Test":"TestGonCallerSafety/package_initializer","Elapsed":0}
{"Time":"2026-10-03T22:46:01.878517-03:00","Action":"run","Package":"golang.org/x/tools/internal/refactor/inline","Test":"TestGonCallerSafety/propagation_argument"}
{"Time":"2026-10-03T22:46:01.878545-03:00","Action":"output","Package":"golang.org/x/tools/internal/refactor/inline","Test":"TestGonCallerSafety/propagation_argument","Output":"=== RUN   TestGonCallerSafety/propagation_argument\n","OutputType":"frame"}
{"Time":"2026-10-03T22:46:01.878594-03:00","Action":"output","Package":"golang.org/x/tools/internal/refactor/inline","Test":"TestGonCallerSafety/propagation_argument","Output":"    callee.go:126: analyzeCallee func p.f(x int) int @ callee.go:2:1\n"}
{"Time":"2026-10-03T22:46:01.878621-03:00","Action":"output","Package":"golang.org/x/tools/internal/refactor/inline","Test":"TestGonCallerSafety/propagation_argument","Output":"    callee.go:529: effects list = [0]\n"}
{"Time":"2026-10-03T22:46:01.878634-03:00","Action":"output","Package":"golang.org/x/tools/internal/refactor/inline","Test":"TestGonCallerSafety/propagation_argument","Output":"    falcon.go:189: falcon: emit type int۰0 int // \"int\"\n"}
{"Time":"2026-10-03T22:46:01.878792-03:00","Action":"output","Package":"golang.org/x/tools/internal/refactor/inline","Test":"TestGonCallerSafety/propagation_argument","Output":"    inline.go:108: inline f(read()!) @ caller.go:2:77\n"}
{"Time":"2026-10-03T22:46:01.878822-03:00","Action":"output","Package":"golang.org/x/tools/internal/refactor/inline","Test":"TestGonCallerSafety/propagation_argument","Output":"--- PASS: TestGonCallerSafety/propagation_argument (0.00s)\n","OutputType":"frame"}
{"Time":"2026-10-03T22:46:01.878833-03:00","Action":"pass","Package":"golang.org/x/tools/internal/refactor/inline","Test":"TestGonCallerSafety/propagation_argument","Elapsed":0}
{"Time":"2026-10-03T22:46:01.878843-03:00","Action":"run","Package":"golang.org/x/tools/internal/refactor/inline","Test":"TestGonCallerSafety/propagated_call"}
{"Time":"2026-10-03T22:46:01.87885-03:00","Action":"output","Package":"golang.org/x/tools/internal/refactor/inline","Test":"TestGonCallerSafety/propagated_call","Output":"=== RUN   TestGonCallerSafety/propagated_call\n","OutputType":"frame"}
{"Time":"2026-10-03T22:46:01.878875-03:00","Action":"output","Package":"golang.org/x/tools/internal/refactor/inline","Test":"TestGonCallerSafety/propagated_call","Output":"    callee.go:126: analyzeCallee func p.f() (int, error) @ callee.go:2:1\n"}
{"Time":"2026-10-03T22:46:01.878893-03:00","Action":"output","Package":"golang.org/x/tools/internal/refactor/inline","Test":"TestGonCallerSafety/propagated_call","Output":"    callee.go:529: effects list = []\n"}
{"Time":"2026-10-03T22:46:01.878903-03:00","Action":"output","Package":"golang.org/x/tools/internal/refactor/inline","Test":"TestGonCallerSafety/propagated_call","Output":"    falcon.go:189: falcon: emit type int۰0 int // \"int\"\n"}
{"Time":"2026-10-03T22:46:01.87909-03:00","Action":"output","Package":"golang.org/x/tools/internal/refactor/inline","Test":"TestGonCallerSafety/propagated_call","Output":"    inline.go:108: inline f() @ caller.go:2:33\n"}
{"Time":"2026-10-03T22:46:01.879108-03:00","Action":"output","Package":"golang.org/x/tools/internal/refactor/inline","Test":"TestGonCallerSafety/propagated_call","Output":"--- PASS: TestGonCallerSafety/propagated_call (0.00s)\n","OutputType":"frame"}
{"Time":"2026-10-03T22:46:01.879116-03:00","Action":"pass","Package":"golang.org/x/tools/internal/refactor/inline","Test":"TestGonCallerSafety/propagated_call","Elapsed":0}
{"Time":"2026-10-03T22:46:01.879135-03:00","Action":"run","Package":"golang.org/x/tools/internal/refactor/inline","Test":"TestGonCallerSafety/handler_call"}
{"Time":"2026-10-03T22:46:01.879141-03:00","Action":"output","Package":"golang.org/x/tools/internal/refactor/inline","Test":"TestGonCallerSafety/handler_call","Output":"=== RUN   TestGonCallerSafety/handler_call\n","OutputType":"frame"}
{"Time":"2026-10-03T22:46:01.87918-03:00","Action":"output","Package":"golang.org/x/tools/internal/refactor/inline","Test":"TestGonCallerSafety/handler_call","Output":"    callee.go:126: analyzeCallee func p.f() int @ callee.go:2:1\n"}
{"Time":"2026-10-03T22:46:01.879191-03:00","Action":"output","Package":"golang.org/x/tools/internal/refactor/inline","Test":"TestGonCallerSafety/handler_call","Output":"    callee.go:529: effects list = []\n"}
{"Time":"2026-10-03T22:46:01.879197-03:00","Action":"output","Package":"golang.org/x/tools/internal/refactor/inline","Test":"TestGonCallerSafety/handler_call","Output":"    falcon.go:189: falcon: emit type int۰0 int // \"int\"\n"}
{"Time":"2026-10-03T22:46:01.879349-03:00","Action":"output","Package":"golang.org/x/tools/internal/refactor/inline","Test":"TestGonCallerSafety/handler_call","Output":"    inline.go:108: inline f() @ caller.go:2:91\n"}
{"Time":"2026-10-03T22:46:01.879372-03:00","Action":"output","Package":"golang.org/x/tools/internal/refactor/inline","Test":"TestGonCallerSafety/handler_call","Output":"--- PASS: TestGonCallerSafety/handler_call (0.00s)\n","OutputType":"frame"}
{"Time":"2026-10-03T22:46:01.879379-03:00","Action":"pass","Package":"golang.org/x/tools/internal/refactor/inline","Test":"TestGonCallerSafety/handler_call","Elapsed":0}
{"Time":"2026-10-03T22:46:01.879406-03:00","Action":"run","Package":"golang.org/x/tools/internal/refactor/inline","Test":"TestGonCallerSafety/unrelated_conditional"}
{"Time":"2026-10-03T22:46:01.879413-03:00","Action":"output","Package":"golang.org/x/tools/internal/refactor/inline","Test":"TestGonCallerSafety/unrelated_conditional","Output":"=== RUN   TestGonCallerSafety/unrelated_conditional\n","OutputType":"frame"}
{"Time":"2026-10-03T22:46:01.879438-03:00","Action":"output","Package":"golang.org/x/tools/internal/refactor/inline","Test":"TestGonCallerSafety/unrelated_conditional","Output":"    callee.go:126: analyzeCallee func p.f() int @ callee.go:2:1\n"}
{"Time":"2026-10-03T22:46:01.879446-03:00","Action":"output","Package":"golang.org/x/tools/internal/refactor/inline","Test":"TestGonCallerSafety/unrelated_conditional","Output":"    callee.go:529: effects list = []\n"}
{"Time":"2026-10-03T22:46:01.879452-03:00","Action":"output","Package":"golang.org/x/tools/internal/refactor/inline","Test":"TestGonCallerSafety/unrelated_conditional","Output":"    falcon.go:189: falcon: emit type int۰0 int // \"int\"\n"}
{"Time":"2026-10-03T22:46:01.879601-03:00","Action":"output","Package":"golang.org/x/tools/internal/refactor/inline","Test":"TestGonCallerSafety/unrelated_conditional","Output":"    inline.go:108: inline f() @ caller.go:2:62\n"}
{"Time":"2026-10-03T22:46:01.879611-03:00","Action":"output","Package":"golang.org/x/tools/internal/refactor/inline","Test":"TestGonCallerSafety/unrelated_conditional","Output":"    inline.go:657: multiple-assignment vars: map[]\n"}
{"Time":"2026-10-03T22:46:01.879627-03:00","Action":"output","Package":"golang.org/x/tools/internal/refactor/inline","Test":"TestGonCallerSafety/unrelated_conditional","Output":"    inline.go:1985: falcon env: type int۰0 int\n"}
{"Time":"2026-10-03T22:46:01.879636-03:00","Action":"output","Package":"golang.org/x/tools/internal/refactor/inline","Test":"TestGonCallerSafety/unrelated_conditional","Output":"    inline.go:2436: binding decl not needed: all parameters substituted\n"}
{"Time":"2026-10-03T22:46:01.879658-03:00","Action":"output","Package":"golang.org/x/tools/internal/refactor/inline","Test":"TestGonCallerSafety/unrelated_conditional","Output":"    inline.go:1075: strategy: reduce expr-context call to { return expr }\n"}
{"Time":"2026-10-03T22:46:01.879739-03:00","Action":"output","Package":"golang.org/x/tools/internal/refactor/inline","Test":"TestGonCallerSafety/unrelated_conditional","Output":"--- PASS: TestGonCallerSafety/unrelated_conditional (0.00s)\n","OutputType":"frame"}
{"Time":"2026-10-03T22:46:01.879767-03:00","Action":"pass","Package":"golang.org/x/tools/internal/refactor/inline","Test":"TestGonCallerSafety/unrelated_conditional","Elapsed":0}
{"Time":"2026-10-03T22:46:01.879774-03:00","Action":"output","Package":"golang.org/x/tools/internal/refactor/inline","Test":"TestGonCallerSafety","Output":"--- PASS: TestGonCallerSafety (0.01s)\n","OutputType":"frame"}
{"Time":"2026-10-03T22:46:01.87978-03:00","Action":"pass","Package":"golang.org/x/tools/internal/refactor/inline","Test":"TestGonCallerSafety","Elapsed":0.01}
{"Time":"2026-10-03T22:46:01.879795-03:00","Action":"run","Package":"golang.org/x/tools/internal/refactor/inline","Test":"TestGonCallerExecution"}
{"Time":"2026-10-03T22:46:01.8798-03:00","Action":"output","Package":"golang.org/x/tools/internal/refactor/inline","Test":"TestGonCallerExecution","Output":"=== RUN   TestGonCallerExecution\n","OutputType":"frame"}
{"Time":"2026-10-03T22:46:01.879806-03:00","Action":"run","Package":"golang.org/x/tools/internal/refactor/inline","Test":"TestGonCallerExecution/legacy"}
{"Time":"2026-10-03T22:46:01.879811-03:00","Action":"output","Package":"golang.org/x/tools/internal/refactor/inline","Test":"TestGonCallerExecution/legacy","Output":"=== RUN   TestGonCallerExecution/legacy\n","OutputType":"frame"}
{"Time":"2026-10-03T22:46:01.880076-03:00","Action":"output","Package":"golang.org/x/tools/internal/refactor/inline","Test":"TestGonCallerExecution/legacy","Output":"    callee.go:126: analyzeCallee func main.f(x int) int @ main.go:7:1\n"}
{"Time":"2026-10-03T22:46:01.880086-03:00","Action":"output","Package":"golang.org/x/tools/internal/refactor/inline","Test":"TestGonCallerExecution/legacy","Output":"    callee.go:529: effects list = [0]\n"}
{"Time":"2026-10-03T22:46:01.880093-03:00","Action":"output","Package":"golang.org/x/tools/internal/refactor/inline","Test":"TestGonCallerExecution/legacy","Output":"    falcon.go:189: falcon: emit type int۰0 int // \"int\"\n"}
{"Time":"2026-10-03T22:46:01.88012-03:00","Action":"output","Package":"golang.org/x/tools/internal/refactor/inline","Test":"TestGonCallerExecution/legacy","Output":"    falcon.go:210: falcon: emit constraint x + x\n"}
{"Time":"2026-10-03T22:46:03.171148-03:00","Action":"output","Package":"golang.org/x/tools/internal/refactor/inline","Test":"TestGonCallerExecution/legacy","Output":"--- PASS: TestGonCallerExecution/legacy (1.29s)\n","OutputType":"frame"}
{"Time":"2026-10-03T22:46:03.171211-03:00","Action":"pass","Package":"golang.org/x/tools/internal/refactor/inline","Test":"TestGonCallerExecution/legacy","Elapsed":1.29}
{"Time":"2026-10-03T22:46:03.171256-03:00","Action":"run","Package":"golang.org/x/tools/internal/refactor/inline","Test":"TestGonCallerExecution/modern"}
{"Time":"2026-10-03T22:46:03.171277-03:00","Action":"output","Package":"golang.org/x/tools/internal/refactor/inline","Test":"TestGonCallerExecution/modern","Output":"=== RUN   TestGonCallerExecution/modern\n","OutputType":"frame"}
{"Time":"2026-10-03T22:46:03.172335-03:00","Action":"output","Package":"golang.org/x/tools/internal/refactor/inline","Test":"TestGonCallerExecution/modern","Output":"    callee.go:126: analyzeCallee func main.f(x int) int @ main.go:7:1\n"}
{"Time":"2026-10-03T22:46:03.172391-03:00","Action":"output","Package":"golang.org/x/tools/internal/refactor/inline","Test":"TestGonCallerExecution/modern","Output":"    callee.go:529: effects list = [0]\n"}
{"Time":"2026-10-03T22:46:03.17241-03:00","Action":"output","Package":"golang.org/x/tools/internal/refactor/inline","Test":"TestGonCallerExecution/modern","Output":"    falcon.go:189: falcon: emit type int۰0 int // \"int\"\n"}
{"Time":"2026-10-03T22:46:03.172503-03:00","Action":"output","Package":"golang.org/x/tools/internal/refactor/inline","Test":"TestGonCallerExecution/modern","Output":"    falcon.go:210: falcon: emit constraint x + x\n"}
{"Time":"2026-10-03T22:46:03.481933-03:00","Action":"output","Package":"golang.org/x/tools/internal/refactor/inline","Test":"TestGonCallerExecution/modern","Output":"--- PASS: TestGonCallerExecution/modern (0.31s)\n","OutputType":"frame"}
{"Time":"2026-10-03T22:46:03.482006-03:00","Action":"pass","Package":"golang.org/x/tools/internal/refactor/inline","Test":"TestGonCallerExecution/modern","Elapsed":0.31}
{"Time":"2026-10-03T22:46:03.482022-03:00","Action":"output","Package":"golang.org/x/tools/internal/refactor/inline","Test":"TestGonCallerExecution","Output":"--- PASS: TestGonCallerExecution (1.60s)\n","OutputType":"frame"}
{"Time":"2026-10-03T22:46:03.482051-03:00","Action":"pass","Package":"golang.org/x/tools/internal/refactor/inline","Test":"TestGonCallerExecution","Elapsed":1.6}
{"Time":"2026-10-03T22:46:03.482059-03:00","Action":"run","Package":"golang.org/x/tools/internal/refactor/inline","Test":"TestGonOptionalCalleeWithoutMetadata"}
{"Time":"2026-10-03T22:46:03.482067-03:00","Action":"output","Package":"golang.org/x/tools/internal/refactor/inline","Test":"TestGonOptionalCalleeWithoutMetadata","Output":"=== RUN   TestGonOptionalCalleeWithoutMetadata\n","OutputType":"frame"}
{"Time":"2026-10-03T22:46:03.482215-03:00","Action":"output","Package":"golang.org/x/tools/internal/refactor/inline","Test":"TestGonOptionalCalleeWithoutMetadata","Output":"--- PASS: TestGonOptionalCalleeWithoutMetadata (0.00s)\n","OutputType":"frame"}
{"Time":"2026-10-03T22:46:03.482225-03:00","Action":"pass","Package":"golang.org/x/tools/internal/refactor/inline","Test":"TestGonOptionalCalleeWithoutMetadata","Elapsed":0}
{"Time":"2026-10-03T22:46:03.482233-03:00","Action":"run","Package":"golang.org/x/tools/internal/refactor/inline","Test":"TestBasics"}
{"Time":"2026-10-03T22:46:03.48224-03:00","Action":"output","Package":"golang.org/x/tools/internal/refactor/inline","Test":"TestBasics","Output":"=== RUN   TestBasics\n","OutputType":"frame"}
{"Time":"2026-10-03T22:46:03.482248-03:00","Action":"run","Package":"golang.org/x/tools/internal/refactor/inline","Test":"TestBasics/Basic"}
{"Time":"2026-10-03T22:46:03.482254-03:00","Action":"output","Package":"golang.org/x/tools/internal/refactor/inline","Test":"TestBasics/Basic","Output":"=== RUN   TestBasics/Basic\n","OutputType":"frame"}
{"Time":"2026-10-03T22:46:03.482336-03:00","Action":"output","Package":"golang.org/x/tools/internal/refactor/inline","Test":"TestBasics/Basic","Output":"    callee.go:126: analyzeCallee func p.f(x int) int @ callee.go:2:1\n"}
{"Time":"2026-10-03T22:46:03.482379-03:00","Action":"output","Package":"golang.org/x/tools/internal/refactor/inline","Test":"TestBasics/Basic","Output":"    callee.go:529: effects list = [0]\n"}
{"Time":"2026-10-03T22:46:03.482389-03:00","Action":"output","Package":"golang.org/x/tools/internal/refactor/inline","Test":"TestBasics/Basic","Output":"    falcon.go:189: falcon: emit type int۰0 int // \"int\"\n"}
{"Time":"2026-10-03T22:46:03.482799-03:00","Action":"output","Package":"golang.org/x/tools/internal/refactor/inline","Test":"TestBasics/Basic","Output":"    inline.go:108: inline f(0) @ caller.go:2:10\n"}
{"Time":"2026-10-03T22:46:03.482845-03:00","Action":"output","Package":"golang.org/x/tools/internal/refactor/inline","Test":"TestBasics/Basic","Output":"    inline.go:839: arg #0: 0 pure=true effects=false duplicable=true free=map[] type=untyped int\n"}
{"Time":"2026-10-03T22:46:03.482869-03:00","Action":"output","Package":"golang.org/x/tools/internal/refactor/inline","Test":"TestBasics/Basic","Output":"    inline.go:1985: falcon env: type int۰0 int\n"}
{"Time":"2026-10-03T22:46:03.48288-03:00","Action":"output","Package":"golang.org/x/tools/internal/refactor/inline","Test":"TestBasics/Basic","Output":"    inline.go:2000: falcon env: const x int۰0 = 0\n"}
{"Time":"2026-10-03T22:46:03.482889-03:00","Action":"output","Package":"golang.org/x/tools/internal/refactor/inline","Test":"TestBasics/Basic","Output":"    inline.go:1844: replacing parameter \"x\" by argument \"0\"\n"}
{"Time":"2026-10-03T22:46:03.482898-03:00","Action":"output","Package":"golang.org/x/tools/internal/refactor/inline","Test":"TestBasics/Basic","Output":"    inline.go:686: - replace id \"x\" @ #27 to \"0\"\n"}
{"Time":"2026-10-03T22:46:03.482905-03:00","Action":"output","Package":"golang.org/x/tools/internal/refactor/inline","Test":"TestBasics/Basic","Output":"    inline.go:2436: binding decl not needed: all parameters substituted\n"}
{"Time":"2026-10-03T22:46:03.482912-03:00","Action":"output","Package":"golang.org/x/tools/internal/refactor/inline","Test":"TestBasics/Basic","Output":"    inline.go:1075: strategy: reduce expr-context call to { return expr }\n"}
{"Time":"2026-10-03T22:46:03.482967-03:00","Action":"output","Package":"golang.org/x/tools/internal/refactor/inline","Test":"TestBasics/Basic","Output":"--- PASS: TestBasics/Basic (0.00s)\n","OutputType":"frame"}
{"Time":"2026-10-03T22:46:03.482979-03:00","Action":"pass","Package":"golang.org/x/tools/internal/refactor/inline","Test":"TestBasics/Basic","Elapsed":0}
{"Time":"2026-10-03T22:46:03.482987-03:00","Action":"run","Package":"golang.org/x/tools/internal/refactor/inline","Test":"TestBasics/Empty_body,_no_arg_effects."}
{"Time":"2026-10-03T22:46:03.482993-03:00","Action":"output","Package":"golang.org/x/tools/internal/refactor/inline","Test":"TestBasics/Empty_body,_no_arg_effects.","Output":"=== RUN   TestBasics/Empty_body,_no_arg_effects.\n","OutputType":"frame"}
{"Time":"2026-10-03T22:46:03.483054-03:00","Action":"output","Package":"golang.org/x/tools/internal/refactor/inline","Test":"TestBasics/Empty_body,_no_arg_effects.","Output":"    callee.go:126: analyzeCallee func p.f(x int, y int) @ callee.go:2:1\n"}
{"Time":"2026-10-03T22:46:03.483066-03:00","Action":"output","Package":"golang.org/x/tools/internal/refactor/inline","Test":"TestBasics/Empty_body,_no_arg_effects.","Output":"    callee.go:529: effects list = []\n"}
{"Time":"2026-10-03T22:46:03.483073-03:00","Action":"output","Package":"golang.org/x/tools/internal/refactor/inline","Test":"TestBasics/Empty_body,_no_arg_effects.","Output":"    falcon.go:189: falcon: emit type int۰0 int // \"int\"\n"}
{"Time":"2026-10-03T22:46:03.483282-03:00","Action":"output","Package":"golang.org/x/tools/internal/refactor/inline","Test":"TestBasics/Empty_body,_no_arg_effects.","Output":"    inline.go:108: inline f(1, 2) @ caller.go:2:13\n"}
{"Time":"2026-10-03T22:46:03.483305-03:00","Action":"output","Package":"golang.org/x/tools/internal/refactor/inline","Test":"TestBasics/Empty_body,_no_arg_effects.","Output":"    inline.go:657: multiple-assignment vars: map[]\n"}
{"Time":"2026-10-03T22:46:03.483328-03:00","Action":"output","Package":"golang.org/x/tools/internal/refactor/inline","Test":"TestBasics/Empty_body,_no_arg_effects.","Output":"    inline.go:839: arg #0: 1 pure=true effects=false duplicable=true free=map[] type=untyped int\n"}
{"Time":"2026-10-03T22:46:03.48334-03:00","Action":"output","Package":"golang.org/x/tools/internal/refactor/inline","Test":"TestBasics/Empty_body,_no_arg_effects.","Output":"    inline.go:839: arg #1: 2 pure=true effects=false duplicable=true free=map[] type=untyped int\n"}
{"Time":"2026-10-03T22:46:03.483346-03:00","Action":"output","Package":"golang.org/x/tools/internal/refactor/inline","Test":"TestBasics/Empty_body,_no_arg_effects.","Output":"    inline.go:1985: falcon env: type int۰0 int\n"}
{"Time":"2026-10-03T22:46:03.483361-03:00","Action":"output","Package":"golang.org/x/tools/internal/refactor/inline","Test":"TestBasics/Empty_body,_no_arg_effects.","Output":"    inline.go:2000: falcon env: const x int۰0 = 1\n"}
{"Time":"2026-10-03T22:46:03.483367-03:00","Action":"output","Package":"golang.org/x/tools/internal/refactor/inline","Test":"TestBasics/Empty_body,_no_arg_effects.","Output":"    inline.go:2000: falcon env: const y int۰0 = 2\n"}
{"Time":"2026-10-03T22:46:03.483375-03:00","Action":"output","Package":"golang.org/x/tools/internal/refactor/inline","Test":"TestBasics/Empty_body,_no_arg_effects.","Output":"    inline.go:1844: replacing parameter \"x\" by argument \"1\"\n"}
{"Time":"2026-10-03T22:46:03.48338-03:00","Action":"output","Package":"golang.org/x/tools/internal/refactor/inline","Test":"TestBasics/Empty_body,_no_arg_effects.","Output":"    inline.go:1844: replacing parameter \"y\" by argument \"2\"\n"}
{"Time":"2026-10-03T22:46:03.483386-03:00","Action":"output","Package":"golang.org/x/tools/internal/refactor/inline","Test":"TestBasics/Empty_body,_no_arg_effects.","Output":"    inline.go:2436: binding decl not needed: all parameters substituted\n"}
{"Time":"2026-10-03T22:46:03.483392-03:00","Action":"output","Package":"golang.org/x/tools/internal/refactor/inline","Test":"TestBasics/Empty_body,_no_arg_effects.","Output":"    inline.go:889: strategy: reduce call to empty body\n"}
{"Time":"2026-10-03T22:46:03.483416-03:00","Action":"output","Package":"golang.org/x/tools/internal/refactor/inline","Test":"TestBasics/Empty_body,_no_arg_effects.","Output":"--- PASS: TestBasics/Empty_body,_no_arg_effects. (0.00s)\n","OutputType":"frame"}
{"Time":"2026-10-03T22:46:03.483425-03:00","Action":"pass","Package":"golang.org/x/tools/internal/refactor/inline","Test":"TestBasics/Empty_body,_no_arg_effects.","Elapsed":0}
{"Time":"2026-10-03T22:46:03.483438-03:00","Action":"run","Package":"golang.org/x/tools/internal/refactor/inline","Test":"TestBasics/Empty_body,_some_arg_effects."}
{"Time":"2026-10-03T22:46:03.483457-03:00","Action":"output","Package":"golang.org/x/tools/internal/refactor/inline","Test":"TestBasics/Empty_body,_some_arg_effects.","Output":"=== RUN   TestBasics/Empty_body,_some_arg_effects.\n","OutputType":"frame"}
{"Time":"2026-10-03T22:46:03.483559-03:00","Action":"output","Package":"golang.org/x/tools/internal/refactor/inline","Test":"TestBasics/Empty_body,_some_arg_effects.","Output":"    callee.go:126: analyzeCallee func p.f(x int, y int, z int) @ callee.go:2:1\n"}
{"Time":"2026-10-03T22:46:03.483577-03:00","Action":"output","Package":"golang.org/x/tools/internal/refactor/inline","Test":"TestBasics/Empty_body,_some_arg_effects.","Output":"    callee.go:529: effects list = []\n"}
{"Time":"2026-10-03T22:46:03.483599-03:00","Action":"output","Package":"golang.org/x/tools/internal/refactor/inline","Test":"TestBasics/Empty_body,_some_arg_effects.","Output":"    falcon.go:189: falcon: emit type int۰0 int // \"int\"\n"}
{"Time":"2026-10-03T22:46:03.483819-03:00","Action":"output","Package":"golang.org/x/tools/internal/refactor/inline","Test":"TestBasics/Empty_body,_some_arg_effects.","Output":"    inline.go:108: inline f(1, recover().(int), 3) @ caller.go:2:13\n"}
{"Time":"2026-10-03T22:46:03.483834-03:00","Action":"output","Package":"golang.org/x/tools/internal/refactor/inline","Test":"TestBasics/Empty_body,_some_arg_effects.","Output":"    inline.go:657: multiple-assignment vars: map[]\n"}
{"Time":"2026-10-03T22:46:03.483858-03:00","Action":"output","Package":"golang.org/x/tools/internal/refactor/inline","Test":"TestBasics/Empty_body,_some_arg_effects.","Output":"    inline.go:839: arg #0: 1 pure=true effects=false duplicable=true free=map[] type=untyped int\n"}
{"Time":"2026-10-03T22:46:03.483872-03:00","Action":"output","Package":"golang.org/x/tools/internal/refactor/inline","Test":"TestBasics/Empty_body,_some_arg_effects.","Output":"    inline.go:839: arg #1: recover().(int) pure=false effects=true duplicable=false free=map[int:true recover:true] type=int\n"}
{"Time":"2026-10-03T22:46:03.483882-03:00","Action":"output","Package":"golang.org/x/tools/internal/refactor/inline","Test":"TestBasics/Empty_body,_some_arg_effects.","Output":"    inline.go:839: arg #2: 3 pure=true effects=false duplicable=true free=map[] type=untyped int\n"}
{"Time":"2026-10-03T22:46:03.483888-03:00","Action":"output","Package":"golang.org/x/tools/internal/refactor/inline","Test":"TestBasics/Empty_body,_some_arg_effects.","Output":"    inline.go:1689: keeping param \"y\": though unreferenced, it has effects\n"}
{"Time":"2026-10-03T22:46:03.483895-03:00","Action":"output","Package":"golang.org/x/tools/internal/refactor/inline","Test":"TestBasics/Empty_body,_some_arg_effects.","Output":"    inline.go:1985: falcon env: type int۰0 int\n"}
{"Time":"2026-10-03T22:46:03.483902-03:00","Action":"output","Package":"golang.org/x/tools/internal/refactor/inline","Test":"TestBasics/Empty_body,_some_arg_effects.","Output":"    inline.go:2000: falcon env: const x int۰0 = 1\n"}
{"Time":"2026-10-03T22:46:03.483926-03:00","Action":"output","Package":"golang.org/x/tools/internal/refactor/inline","Test":"TestBasics/Empty_body,_some_arg_effects.","Output":"    inline.go:2006: falcon env: var y int\n"}
{"Time":"2026-10-03T22:46:03.483933-03:00","Action":"output","Package":"golang.org/x/tools/internal/refactor/inline","Test":"TestBasics/Empty_body,_some_arg_effects.","Output":"    inline.go:2000: falcon env: const z int۰0 = 3\n"}
{"Time":"2026-10-03T22:46:03.483939-03:00","Action":"output","Package":"golang.org/x/tools/internal/refactor/inline","Test":"TestBasics/Empty_body,_some_arg_effects.","Output":"    inline.go:1844: replacing parameter \"x\" by argument \"1\"\n"}
{"Time":"2026-10-03T22:46:03.483945-03:00","Action":"output","Package":"golang.org/x/tools/internal/refactor/inline","Test":"TestBasics/Empty_body,_some_arg_effects.","Output":"    inline.go:1844: replacing parameter \"z\" by argument \"3\"\n"}
{"Time":"2026-10-03T22:46:03.483967-03:00","Action":"output","Package":"golang.org/x/tools/internal/refactor/inline","Test":"TestBasics/Empty_body,_some_arg_effects.","Output":"    inline.go:2446: binding decl: var _ int = recover().(int)\n"}
{"Time":"2026-10-03T22:46:03.483978-03:00","Action":"output","Package":"golang.org/x/tools/internal/refactor/inline","Test":"TestBasics/Empty_body,_some_arg_effects.","Output":"    inline.go:889: strategy: reduce call to empty body\n"}
{"Time":"2026-10-03T22:46:03.48406-03:00","Action":"output","Package":"golang.org/x/tools/internal/refactor/inline","Test":"TestBasics/Empty_body,_some_arg_effects.","Output":"--- PASS: TestBasics/Empty_body,_some_arg_effects. (0.00s)\n","OutputType":"frame"}
{"Time":"2026-10-03T22:46:03.48407-03:00","Action":"pass","Package":"golang.org/x/tools/internal/refactor/inline","Test":"TestBasics/Empty_body,_some_arg_effects.","Elapsed":0}
{"Time":"2026-10-03T22:46:03.484079-03:00","Action":"run","Package":"golang.org/x/tools/internal/refactor/inline","Test":"TestBasics/Non-duplicable_arguments_are_not_substituted_even_if_pure."}
{"Time":"2026-10-03T22:46:03.484085-03:00","Action":"output","Package":"golang.org/x/tools/internal/refactor/inline","Test":"TestBasics/Non-duplicable_arguments_are_not_substituted_even_if_pure.","Output":"=== RUN   TestBasics/Non-duplicable_arguments_are_not_substituted_even_if_pure.\n","OutputType":"frame"}
{"Time":"2026-10-03T22:46:03.484151-03:00","Action":"output","Package":"golang.org/x/tools/internal/refactor/inline","Test":"TestBasics/Non-duplicable_arguments_are_not_substituted_even_if_pure.","Output":"    callee.go:126: analyzeCallee func p.f(s string, i int) @ callee.go:2:1\n"}
{"Time":"2026-10-03T22:46:03.484176-03:00","Action":"output","Package":"golang.org/x/tools/internal/refactor/inline","Test":"TestBasics/Non-duplicable_arguments_are_not_substituted_even_if_pure.","Output":"    callee.go:529: effects list = [0 1 -2]\n"}
{"Time":"2026-10-03T22:46:03.484184-03:00","Action":"output","Package":"golang.org/x/tools/internal/refactor/inline","Test":"TestBasics/Non-duplicable_arguments_are_not_substituted_even_if_pure.","Output":"    falcon.go:189: falcon: emit type int۰0 int // \"int\"\n"}
{"Time":"2026-10-03T22:46:03.484192-03:00","Action":"output","Package":"golang.org/x/tools/internal/refactor/inline","Test":"TestBasics/Non-duplicable_arguments_are_not_substituted_even_if_pure.","Output":"    falcon.go:189: falcon: emit type string۰1 string // \"string\"\n"}
{"Time":"2026-10-03T22:46:03.484449-03:00","Action":"output","Package":"golang.org/x/tools/internal/refactor/inline","Test":"TestBasics/Non-duplicable_arguments_are_not_substituted_even_if_pure.","Output":"    inline.go:108: inline f(\"hi\", 0) @ caller.go:2:13\n"}
{"Time":"2026-10-03T22:46:03.484459-03:00","Action":"output","Package":"golang.org/x/tools/internal/refactor/inline","Test":"TestBasics/Non-duplicable_arguments_are_not_substituted_even_if_pure.","Output":"    inline.go:657: multiple-assignment vars: map[]\n"}
{"Time":"2026-10-03T22:46:03.484483-03:00","Action":"output","Package":"golang.org/x/tools/internal/refactor/inline","Test":"TestBasics/Non-duplicable_arguments_are_not_substituted_even_if_pure.","Output":"    inline.go:839: arg #0: \"hi\" pure=true effects=false duplicable=false free=map[] type=untyped string\n"}
{"Time":"2026-10-03T22:46:03.484498-03:00","Action":"output","Package":"golang.org/x/tools/internal/refactor/inline","Test":"TestBasics/Non-duplicable_arguments_are_not_substituted_even_if_pure.","Output":"    inline.go:839: arg #1: 0 pure=true effects=false duplicable=true free=map[] type=untyped int\n"}
{"Time":"2026-10-03T22:46:03.484506-03:00","Action":"output","Package":"golang.org/x/tools/internal/refactor/inline","Test":"TestBasics/Non-duplicable_arguments_are_not_substituted_even_if_pure.","Output":"    inline.go:1684: keeping param \"s\": argument is not duplicable\n"}
{"Time":"2026-10-03T22:46:03.484514-03:00","Action":"output","Package":"golang.org/x/tools/internal/refactor/inline","Test":"TestBasics/Non-duplicable_arguments_are_not_substituted_even_if_pure.","Output":"    inline.go:1985: falcon env: type int۰0 int\n"}
{"Time":"2026-10-03T22:46:03.484526-03:00","Action":"output","Package":"golang.org/x/tools/internal/refactor/inline","Test":"TestBasics/Non-duplicable_arguments_are_not_substituted_even_if_pure.","Output":"    inline.go:1985: falcon env: type string۰1 string\n"}
{"Time":"2026-10-03T22:46:03.484534-03:00","Action":"output","Package":"golang.org/x/tools/internal/refactor/inline","Test":"TestBasics/Non-duplicable_arguments_are_not_substituted_even_if_pure.","Output":"    inline.go:2006: falcon env: var s untyped string\n"}
{"Time":"2026-10-03T22:46:03.48454-03:00","Action":"output","Package":"golang.org/x/tools/internal/refactor/inline","Test":"TestBasics/Non-duplicable_arguments_are_not_substituted_even_if_pure.","Output":"    inline.go:2000: falcon env: const i int۰0 = 0\n"}
{"Time":"2026-10-03T22:46:03.484547-03:00","Action":"output","Package":"golang.org/x/tools/internal/refactor/inline","Test":"TestBasics/Non-duplicable_arguments_are_not_substituted_even_if_pure.","Output":"    inline.go:1844: replacing parameter \"i\" by argument \"0\"\n"}
{"Time":"2026-10-03T22:46:03.484555-03:00","Action":"output","Package":"golang.org/x/tools/internal/refactor/inline","Test":"TestBasics/Non-duplicable_arguments_are_not_substituted_even_if_pure.","Output":"    inline.go:686: - replace id \"i\" @ #38 to \"0\"\n"}
{"Time":"2026-10-03T22:46:03.48457-03:00","Action":"output","Package":"golang.org/x/tools/internal/refactor/inline","Test":"TestBasics/Non-duplicable_arguments_are_not_substituted_even_if_pure.","Output":"    inline.go:686: - replace id \"i\" @ #41 to \"0\"\n"}
{"Time":"2026-10-03T22:46:03.484597-03:00","Action":"output","Package":"golang.org/x/tools/internal/refactor/inline","Test":"TestBasics/Non-duplicable_arguments_are_not_substituted_even_if_pure.","Output":"    inline.go:2446: binding decl: var s string = \"hi\"\n"}
{"Time":"2026-10-03T22:46:03.484605-03:00","Action":"output","Package":"golang.org/x/tools/internal/refactor/inline","Test":"TestBasics/Non-duplicable_arguments_are_not_substituted_even_if_pure.","Output":"    inline.go:1200: strategy: reduce stmt-context call to { stmts }\n"}
{"Time":"2026-10-03T22:46:03.484675-03:00","Action":"output","Package":"golang.org/x/tools/internal/refactor/inline","Test":"TestBasics/Non-duplicable_arguments_are_not_substituted_even_if_pure.","Output":"--- PASS: TestBasics/Non-duplicable_arguments_are_not_substituted_even_if_pure. (0.00s)\n","OutputType":"frame"}
{"Time":"2026-10-03T22:46:03.484683-03:00","Action":"pass","Package":"golang.org/x/tools/internal/refactor/inline","Test":"TestBasics/Non-duplicable_arguments_are_not_substituted_even_if_pure.","Elapsed":0}
{"Time":"2026-10-03T22:46:03.48469-03:00","Action":"run","Package":"golang.org/x/tools/internal/refactor/inline","Test":"TestBasics/Workaround_for_T(x)_misformatting_(#63362)."}
{"Time":"2026-10-03T22:46:03.484696-03:00","Action":"output","Package":"golang.org/x/tools/internal/refactor/inline","Test":"TestBasics/Workaround_for_T(x)_misformatting_(#63362).","Output":"=== RUN   TestBasics/Workaround_for_T(x)_misformatting_(#63362).\n","OutputType":"frame"}
{"Time":"2026-10-03T22:46:03.484741-03:00","Action":"output","Package":"golang.org/x/tools/internal/refactor/inline","Test":"TestBasics/Workaround_for_T(x)_misformatting_(#63362).","Output":"    callee.go:126: analyzeCallee func p.f(ch \u003c-chan int) @ callee.go:2:1\n"}
{"Time":"2026-10-03T22:46:03.484779-03:00","Action":"output","Package":"golang.org/x/tools/internal/refactor/inline","Test":"TestBasics/Workaround_for_T(x)_misformatting_(#63362).","Output":"    callee.go:529: effects list = [0 -2]\n"}
{"Time":"2026-10-03T22:46:03.484788-03:00","Action":"output","Package":"golang.org/x/tools/internal/refactor/inline","Test":"TestBasics/Workaround_for_T(x)_misformatting_(#63362).","Output":"    falcon.go:189: falcon: emit type int۰0 int // \"int\"\n"}
{"Time":"2026-10-03T22:46:03.484949-03:00","Action":"output","Package":"golang.org/x/tools/internal/refactor/inline","Test":"TestBasics/Workaround_for_T(x)_misformatting_(#63362).","Output":"    inline.go:108: inline f(ch) @ caller.go:2:24\n"}
{"Time":"2026-10-03T22:46:03.484958-03:00","Action":"output","Package":"golang.org/x/tools/internal/refactor/inline","Test":"TestBasics/Workaround_for_T(x)_misformatting_(#63362).","Output":"    inline.go:657: multiple-assignment vars: map[]\n"}
{"Time":"2026-10-03T22:46:03.484976-03:00","Action":"output","Package":"golang.org/x/tools/internal/refactor/inline","Test":"TestBasics/Workaround_for_T(x)_misformatting_(#63362).","Output":"    inline.go:839: arg #0: ch pure=true effects=false duplicable=true free=map[ch:true] type=chan int\n"}
{"Time":"2026-10-03T22:46:03.484983-03:00","Action":"output","Package":"golang.org/x/tools/internal/refactor/inline","Test":"TestBasics/Workaround_for_T(x)_misformatting_(#63362).","Output":"    inline.go:1985: falcon env: type int۰0 int\n"}
{"Time":"2026-10-03T22:46:03.48499-03:00","Action":"output","Package":"golang.org/x/tools/internal/refactor/inline","Test":"TestBasics/Workaround_for_T(x)_misformatting_(#63362).","Output":"    inline.go:2006: falcon env: var ch chan int\n"}
{"Time":"2026-10-03T22:46:03.484996-03:00","Action":"output","Package":"golang.org/x/tools/internal/refactor/inline","Test":"TestBasics/Workaround_for_T(x)_misformatting_(#63362).","Output":"    inline.go:1844: replacing parameter \"ch\" by argument \"ch\"\n"}
{"Time":"2026-10-03T22:46:03.485014-03:00","Action":"output","Package":"golang.org/x/tools/internal/refactor/inline","Test":"TestBasics/Workaround_for_T(x)_misformatting_(#63362).","Output":"    inline.go:1913: param \"ch\" (offset 26): adding explicit chan int -\u003e \u003c-chan int conversion around argument\n"}
{"Time":"2026-10-03T22:46:03.485031-03:00","Action":"output","Package":"golang.org/x/tools/internal/refactor/inline","Test":"TestBasics/Workaround_for_T(x)_misformatting_(#63362).","Output":"    inline.go:686: - replace id \"ch\" @ #26 to \"(\u003c-chan int)(ch)\"\n"}
{"Time":"2026-10-03T22:46:03.485039-03:00","Action":"output","Package":"golang.org/x/tools/internal/refactor/inline","Test":"TestBasics/Workaround_for_T(x)_misformatting_(#63362).","Output":"    inline.go:2436: binding decl not needed: all parameters substituted\n"}
{"Time":"2026-10-03T22:46:03.485046-03:00","Action":"output","Package":"golang.org/x/tools/internal/refactor/inline","Test":"TestBasics/Workaround_for_T(x)_misformatting_(#63362).","Output":"    inline.go:1200: strategy: reduce stmt-context call to { stmts }\n"}
{"Time":"2026-10-03T22:46:03.485104-03:00","Action":"output","Package":"golang.org/x/tools/internal/refactor/inline","Test":"TestBasics/Workaround_for_T(x)_misformatting_(#63362).","Output":"--- PASS: TestBasics/Workaround_for_T(x)_misformatting_(#63362). (0.00s)\n","OutputType":"frame"}
{"Time":"2026-10-03T22:46:03.485113-03:00","Action":"pass","Package":"golang.org/x/tools/internal/refactor/inline","Test":"TestBasics/Workaround_for_T(x)_misformatting_(#63362).","Elapsed":0}
{"Time":"2026-10-03T22:46:03.485121-03:00","Action":"run","Package":"golang.org/x/tools/internal/refactor/inline","Test":"TestBasics/In_block_elision,_blank_decls_don't_count_when_computing_name_conflicts."}
{"Time":"2026-10-03T22:46:03.485127-03:00","Action":"output","Package":"golang.org/x/tools/internal/refactor/inline","Test":"TestBasics/In_block_elision,_blank_decls_don't_count_when_computing_name_conflicts.","Output":"=== RUN   TestBasics/In_block_elision,_blank_decls_don't_count_when_computing_name_conflicts.\n","OutputType":"frame"}
{"Time":"2026-10-03T22:46:03.485164-03:00","Action":"output","Package":"golang.org/x/tools/internal/refactor/inline","Test":"TestBasics/In_block_elision,_blank_decls_don't_count_when_computing_name_conflicts.","Output":"    callee.go:126: analyzeCallee func p.f(x int) @ callee.go:2:1\n"}
{"Time":"2026-10-03T22:46:03.485184-03:00","Action":"output","Package":"golang.org/x/tools/internal/refactor/inline","Test":"TestBasics/In_block_elision,_blank_decls_don't_count_when_computing_name_conflicts.","Output":"    callee.go:529: effects list = [0]\n"}
{"Time":"2026-10-03T22:46:03.485191-03:00","Action":"output","Package":"golang.org/x/tools/internal/refactor/inline","Test":"TestBasics/In_block_elision,_blank_decls_don't_count_when_computing_name_conflicts.","Output":"    falcon.go:189: falcon: emit type int۰0 int // \"int\"\n"}
{"Time":"2026-10-03T22:46:03.485353-03:00","Action":"output","Package":"golang.org/x/tools/internal/refactor/inline","Test":"TestBasics/In_block_elision,_blank_decls_don't_count_when_computing_name_conflicts.","Output":"    inline.go:108: inline f(2) @ caller.go:2:24\n"}
{"Time":"2026-10-03T22:46:03.485362-03:00","Action":"output","Package":"golang.org/x/tools/internal/refactor/inline","Test":"TestBasics/In_block_elision,_blank_decls_don't_count_when_computing_name_conflicts.","Output":"    inline.go:657: multiple-assignment vars: map[]\n"}
{"Time":"2026-10-03T22:46:03.485398-03:00","Action":"output","Package":"golang.org/x/tools/internal/refactor/inline","Test":"TestBasics/In_block_elision,_blank_decls_don't_count_when_computing_name_conflicts.","Output":"    inline.go:839: arg #0: 2 pure=true effects=false duplicable=true free=map[] type=untyped int\n"}
{"Time":"2026-10-03T22:46:03.485413-03:00","Action":"output","Package":"golang.org/x/tools/internal/refactor/inline","Test":"TestBasics/In_block_elision,_blank_decls_don't_count_when_computing_name_conflicts.","Output":"    inline.go:1985: falcon env: type int۰0 int\n"}
{"Time":"2026-10-03T22:46:03.48542-03:00","Action":"output","Package":"golang.org/x/tools/internal/refactor/inline","Test":"TestBasics/In_block_elision,_blank_decls_don't_count_when_computing_name_conflicts.","Output":"    inline.go:2000: falcon env: const x int۰0 = 2\n"}
{"Time":"2026-10-03T22:46:03.485425-03:00","Action":"output","Package":"golang.org/x/tools/internal/refactor/inline","Test":"TestBasics/In_block_elision,_blank_decls_don't_count_when_computing_name_conflicts.","Output":"    inline.go:1844: replacing parameter \"x\" by argument \"2\"\n"}
{"Time":"2026-10-03T22:46:03.485431-03:00","Action":"output","Package":"golang.org/x/tools/internal/refactor/inline","Test":"TestBasics/In_block_elision,_blank_decls_don't_count_when_computing_name_conflicts.","Output":"    inline.go:686: - replace id \"x\" @ #24 to \"2\"\n"}
{"Time":"2026-10-03T22:46:03.485438-03:00","Action":"output","Package":"golang.org/x/tools/internal/refactor/inline","Test":"TestBasics/In_block_elision,_blank_decls_don't_count_when_computing_name_conflicts.","Output":"    inline.go:2436: binding decl not needed: all parameters substituted\n"}
{"Time":"2026-10-03T22:46:03.485443-03:00","Action":"output","Package":"golang.org/x/tools/internal/refactor/inline","Test":"TestBasics/In_block_elision,_blank_decls_don't_count_when_computing_name_conflicts.","Output":"    inline.go:1200: strategy: reduce stmt-context call to { stmts }\n"}
{"Time":"2026-10-03T22:46:03.485507-03:00","Action":"output","Package":"golang.org/x/tools/internal/refactor/inline","Test":"TestBasics/In_block_elision,_blank_decls_don't_count_when_computing_name_conflicts.","Output":"--- PASS: TestBasics/In_block_elision,_blank_decls_don't_count_when_computing_name_conflicts. (0.00s)\n","OutputType":"frame"}
{"Time":"2026-10-03T22:46:03.485517-03:00","Action":"pass","Package":"golang.org/x/tools/internal/refactor/inline","Test":"TestBasics/In_block_elision,_blank_decls_don't_count_when_computing_name_conflicts.","Elapsed":0}
{"Time":"2026-10-03T22:46:03.485524-03:00","Action":"run","Package":"golang.org/x/tools/internal/refactor/inline","Test":"TestBasics/Implicit_return_conversions_are_inserted_in_expr-context_reduction."}
{"Time":"2026-10-03T22:46:03.485529-03:00","Action":"output","Package":"golang.org/x/tools/internal/refactor/inline","Test":"TestBasics/Implicit_return_conversions_are_inserted_in_expr-context_reduction.","Output":"=== RUN   TestBasics/Implicit_return_conversions_are_inserted_in_expr-context_reduction.\n","OutputType":"frame"}
{"Time":"2026-10-03T22:46:03.485576-03:00","Action":"output","Package":"golang.org/x/tools/internal/refactor/inline","Test":"TestBasics/Implicit_return_conversions_are_inserted_in_expr-context_reduction.","Output":"    callee.go:126: analyzeCallee func p.f(x int) error @ callee.go:2:1\n"}
{"Time":"2026-10-03T22:46:03.485591-03:00","Action":"output","Package":"golang.org/x/tools/internal/refactor/inline","Test":"TestBasics/Implicit_return_conversions_are_inserted_in_expr-context_reduction.","Output":"    callee.go:529: effects list = []\n"}
{"Time":"2026-10-03T22:46:03.485599-03:00","Action":"output","Package":"golang.org/x/tools/internal/refactor/inline","Test":"TestBasics/Implicit_return_conversions_are_inserted_in_expr-context_reduction.","Output":"    falcon.go:189: falcon: emit type int۰0 int // \"int\"\n"}
{"Time":"2026-10-03T22:46:03.485838-03:00","Action":"output","Package":"golang.org/x/tools/internal/refactor/inline","Test":"TestBasics/Implicit_return_conversions_are_inserted_in_expr-context_reduction.","Output":"    inline.go:108: inline f(0) @ caller.go:2:23\n"}
{"Time":"2026-10-03T22:46:03.485847-03:00","Action":"output","Package":"golang.org/x/tools/internal/refactor/inline","Test":"TestBasics/Implicit_return_conversions_are_inserted_in_expr-context_reduction.","Output":"    inline.go:657: multiple-assignment vars: map[]\n"}
{"Time":"2026-10-03T22:46:03.485868-03:00","Action":"output","Package":"golang.org/x/tools/internal/refactor/inline","Test":"TestBasics/Implicit_return_conversions_are_inserted_in_expr-context_reduction.","Output":"    inline.go:839: arg #0: 0 pure=true effects=false duplicable=true free=map[] type=untyped int\n"}
{"Time":"2026-10-03T22:46:03.485875-03:00","Action":"output","Package":"golang.org/x/tools/internal/refactor/inline","Test":"TestBasics/Implicit_return_conversions_are_inserted_in_expr-context_reduction.","Output":"    inline.go:1985: falcon env: type int۰0 int\n"}
{"Time":"2026-10-03T22:46:03.485888-03:00","Action":"output","Package":"golang.org/x/tools/internal/refactor/inline","Test":"TestBasics/Implicit_return_conversions_are_inserted_in_expr-context_reduction.","Output":"    inline.go:2000: falcon env: const x int۰0 = 0\n"}
{"Time":"2026-10-03T22:46:03.485896-03:00","Action":"output","Package":"golang.org/x/tools/internal/refactor/inline","Test":"TestBasics/Implicit_return_conversions_are_inserted_in_expr-context_reduction.","Output":"    inline.go:1844: replacing parameter \"x\" by argument \"0\"\n"}
{"Time":"2026-10-03T22:46:03.485901-03:00","Action":"output","Package":"golang.org/x/tools/internal/refactor/inline","Test":"TestBasics/Implicit_return_conversions_are_inserted_in_expr-context_reduction.","Output":"    inline.go:2436: binding decl not needed: all parameters substituted\n"}
{"Time":"2026-10-03T22:46:03.485908-03:00","Action":"output","Package":"golang.org/x/tools/internal/refactor/inline","Test":"TestBasics/Implicit_return_conversions_are_inserted_in_expr-context_reduction.","Output":"    inline.go:1075: strategy: reduce expr-context call to { return expr }\n"}
{"Time":"2026-10-03T22:46:03.485962-03:00","Action":"output","Package":"golang.org/x/tools/internal/refactor/inline","Test":"TestBasics/Implicit_return_conversions_are_inserted_in_expr-context_reduction.","Output":"--- PASS: TestBasics/Implicit_return_conversions_are_inserted_in_expr-context_reduction. (0.00s)\n","OutputType":"frame"}
{"Time":"2026-10-03T22:46:03.485969-03:00","Action":"pass","Package":"golang.org/x/tools/internal/refactor/inline","Test":"TestBasics/Implicit_return_conversions_are_inserted_in_expr-context_reduction.","Elapsed":0}
{"Time":"2026-10-03T22:46:03.485976-03:00","Action":"run","Package":"golang.org/x/tools/internal/refactor/inline","Test":"TestBasics/Explicit_type_parameters."}
{"Time":"2026-10-03T22:46:03.485981-03:00","Action":"output","Package":"golang.org/x/tools/internal/refactor/inline","Test":"TestBasics/Explicit_type_parameters.","Output":"=== RUN   TestBasics/Explicit_type_parameters.\n","OutputType":"frame"}
{"Time":"2026-10-03T22:46:03.486081-03:00","Action":"output","Package":"golang.org/x/tools/internal/refactor/inline","Test":"TestBasics/Explicit_type_parameters.","Output":"    callee.go:126: analyzeCallee func p.f[T any](x T) T @ callee.go:2:1\n"}
{"Time":"2026-10-03T22:46:03.48609-03:00","Action":"output","Package":"golang.org/x/tools/internal/refactor/inline","Test":"TestBasics/Explicit_type_parameters.","Output":"    callee.go:529: effects list = [0]\n"}
{"Time":"2026-10-03T22:46:03.486096-03:00","Action":"output","Package":"golang.org/x/tools/internal/refactor/inline","Test":"TestBasics/Explicit_type_parameters.","Output":"    falcon.go:189: falcon: emit type int۰0 int // \"int\"\n"}
{"Time":"2026-10-03T22:46:03.486301-03:00","Action":"output","Package":"golang.org/x/tools/internal/refactor/inline","Test":"TestBasics/Explicit_type_parameters.","Output":"    inline.go:108: inline f[int](0) @ caller.go:2:15\n"}
{"Time":"2026-10-03T22:46:03.486309-03:00","Action":"output","Package":"golang.org/x/tools/internal/refactor/inline","Test":"TestBasics/Explicit_type_parameters.","Output":"    inline.go:1579: replacing type param T with int\n"}
{"Time":"2026-10-03T22:46:03.486316-03:00","Action":"output","Package":"golang.org/x/tools/internal/refactor/inline","Test":"TestBasics/Explicit_type_parameters.","Output":"    inline.go:686: - replace id \"T\" @ #16 to \"int\"\n"}
{"Time":"2026-10-03T22:46:03.486322-03:00","Action":"output","Package":"golang.org/x/tools/internal/refactor/inline","Test":"TestBasics/Explicit_type_parameters.","Output":"    inline.go:686: - replace id \"T\" @ #19 to \"int\"\n"}
{"Time":"2026-10-03T22:46:03.486342-03:00","Action":"output","Package":"golang.org/x/tools/internal/refactor/inline","Test":"TestBasics/Explicit_type_parameters.","Output":"    inline.go:839: arg #0: 0 pure=true effects=false duplicable=true free=map[] type=untyped int\n"}
{"Time":"2026-10-03T22:46:03.486371-03:00","Action":"output","Package":"golang.org/x/tools/internal/refactor/inline","Test":"TestBasics/Explicit_type_parameters.","Output":"    inline.go:1985: falcon env: type int۰0 int\n"}
{"Time":"2026-10-03T22:46:03.486383-03:00","Action":"output","Package":"golang.org/x/tools/internal/refactor/inline","Test":"TestBasics/Explicit_type_parameters.","Output":"    inline.go:2006: falcon env: var x untyped int\n"}
{"Time":"2026-10-03T22:46:03.486393-03:00","Action":"output","Package":"golang.org/x/tools/internal/refactor/inline","Test":"TestBasics/Explicit_type_parameters.","Output":"    inline.go:1844: replacing parameter \"x\" by argument \"0\"\n"}
{"Time":"2026-10-03T22:46:03.486402-03:00","Action":"output","Package":"golang.org/x/tools/internal/refactor/inline","Test":"TestBasics/Explicit_type_parameters.","Output":"    inline.go:1913: param \"x\" (offset 30): adding explicit untyped int -\u003e T conversion around argument\n"}
{"Time":"2026-10-03T22:46:03.486412-03:00","Action":"output","Package":"golang.org/x/tools/internal/refactor/inline","Test":"TestBasics/Explicit_type_parameters.","Output":"    inline.go:686: - replace id \"x\" @ #30 to \"int(0)\"\n"}
{"Time":"2026-10-03T22:46:03.486419-03:00","Action":"output","Package":"golang.org/x/tools/internal/refactor/inline","Test":"TestBasics/Explicit_type_parameters.","Output":"    inline.go:2436: binding decl not needed: all parameters substituted\n"}
{"Time":"2026-10-03T22:46:03.486425-03:00","Action":"output","Package":"golang.org/x/tools/internal/refactor/inline","Test":"TestBasics/Explicit_type_parameters.","Output":"    inline.go:1075: strategy: reduce expr-context call to { return expr }\n"}
{"Time":"2026-10-03T22:46:03.486435-03:00","Action":"output","Package":"golang.org/x/tools/internal/refactor/inline","Test":"TestBasics/Explicit_type_parameters.","Output":"--- PASS: TestBasics/Explicit_type_parameters. (0.00s)\n","OutputType":"frame"}
{"Time":"2026-10-03T22:46:03.486444-03:00","Action":"pass","Package":"golang.org/x/tools/internal/refactor/inline","Test":"TestBasics/Explicit_type_parameters.","Elapsed":0}
{"Time":"2026-10-03T22:46:03.486452-03:00","Action":"output","Package":"golang.org/x/tools/internal/refactor/inline","Test":"TestBasics","Output":"--- PASS: TestBasics (0.00s)\n","OutputType":"frame"}
{"Time":"2026-10-03T22:46:03.486464-03:00","Action":"pass","Package":"golang.org/x/tools/internal/refactor/inline","Test":"TestBasics","Elapsed":0}
{"Time":"2026-10-03T22:46:03.486472-03:00","Action":"run","Package":"golang.org/x/tools/internal/refactor/inline","Test":"TestPrecedenceParens"}
{"Time":"2026-10-03T22:46:03.486477-03:00","Action":"output","Package":"golang.org/x/tools/internal/refactor/inline","Test":"TestPrecedenceParens","Output":"=== RUN   TestPrecedenceParens\n","OutputType":"frame"}
{"Time":"2026-10-03T22:46:03.48649-03:00","Action":"run","Package":"golang.org/x/tools/internal/refactor/inline","Test":"TestPrecedenceParens/Multiplication_in_addition_context_(no_parens)."}
{"Time":"2026-10-03T22:46:03.486497-03:00","Action":"output","Package":"golang.org/x/tools/internal/refactor/inline","Test":"TestPrecedenceParens/Multiplication_in_addition_context_(no_parens).","Output":"=== RUN   TestPrecedenceParens/Multiplication_in_addition_context_(no_parens).\n","OutputType":"frame"}
{"Time":"2026-10-03T22:46:03.48652-03:00","Action":"output","Package":"golang.org/x/tools/internal/refactor/inline","Test":"TestPrecedenceParens/Multiplication_in_addition_context_(no_parens).","Output":"    callee.go:126: analyzeCallee func p.f(x int, y int) int @ callee.go:2:1\n"}
{"Time":"2026-10-03T22:46:03.486541-03:00","Action":"output","Package":"golang.org/x/tools/internal/refactor/inline","Test":"TestPrecedenceParens/Multiplication_in_addition_context_(no_parens).","Output":"    callee.go:529: effects list = [0 1]\n"}
{"Time":"2026-10-03T22:46:03.486549-03:00","Action":"output","Package":"golang.org/x/tools/internal/refactor/inline","Test":"TestPrecedenceParens/Multiplication_in_addition_context_(no_parens).","Output":"    falcon.go:189: falcon: emit type int۰0 int // \"int\"\n"}
{"Time":"2026-10-03T22:46:03.486564-03:00","Action":"output","Package":"golang.org/x/tools/internal/refactor/inline","Test":"TestPrecedenceParens/Multiplication_in_addition_context_(no_parens).","Output":"    falcon.go:210: falcon: emit constraint x * y\n"}
{"Time":"2026-10-03T22:46:03.486768-03:00","Action":"output","Package":"golang.org/x/tools/internal/refactor/inline","Test":"TestPrecedenceParens/Multiplication_in_addition_context_(no_parens).","Output":"    inline.go:108: inline f(2, 3) @ caller.go:2:21\n"}
{"Time":"2026-10-03T22:46:03.486779-03:00","Action":"output","Package":"golang.org/x/tools/internal/refactor/inline","Test":"TestPrecedenceParens/Multiplication_in_addition_context_(no_parens).","Output":"    inline.go:657: multiple-assignment vars: map[]\n"}
{"Time":"2026-10-03T22:46:03.486796-03:00","Action":"output","Package":"golang.org/x/tools/internal/refactor/inline","Test":"TestPrecedenceParens/Multiplication_in_addition_context_(no_parens).","Output":"    inline.go:839: arg #0: 2 pure=true effects=false duplicable=true free=map[] type=untyped int\n"}
{"Time":"2026-10-03T22:46:03.486817-03:00","Action":"output","Package":"golang.org/x/tools/internal/refactor/inline","Test":"TestPrecedenceParens/Multiplication_in_addition_context_(no_parens).","Output":"    inline.go:839: arg #1: 3 pure=true effects=false duplicable=true free=map[] type=untyped int\n"}
{"Time":"2026-10-03T22:46:03.486824-03:00","Action":"output","Package":"golang.org/x/tools/internal/refactor/inline","Test":"TestPrecedenceParens/Multiplication_in_addition_context_(no_parens).","Output":"    inline.go:1985: falcon env: type int۰0 int\n"}
{"Time":"2026-10-03T22:46:03.486836-03:00","Action":"output","Package":"golang.org/x/tools/internal/refactor/inline","Test":"TestPrecedenceParens/Multiplication_in_addition_context_(no_parens).","Output":"    inline.go:2000: falcon env: const x int۰0 = 2\n"}
{"Time":"2026-10-03T22:46:03.486843-03:00","Action":"output","Package":"golang.org/x/tools/internal/refactor/inline","Test":"TestPrecedenceParens/Multiplication_in_addition_context_(no_parens).","Output":"    inline.go:2000: falcon env: const y int۰0 = 3\n"}
{"Time":"2026-10-03T22:46:03.48685-03:00","Action":"output","Package":"golang.org/x/tools/internal/refactor/inline","Test":"TestPrecedenceParens/Multiplication_in_addition_context_(no_parens).","Output":"    inline.go:2031: falcon: constraint x * y satisfied\n"}
{"Time":"2026-10-03T22:46:03.486855-03:00","Action":"output","Package":"golang.org/x/tools/internal/refactor/inline","Test":"TestPrecedenceParens/Multiplication_in_addition_context_(no_parens).","Output":"    inline.go:1844: replacing parameter \"x\" by argument \"2\"\n"}
{"Time":"2026-10-03T22:46:03.48687-03:00","Action":"output","Package":"golang.org/x/tools/internal/refactor/inline","Test":"TestPrecedenceParens/Multiplication_in_addition_context_(no_parens).","Output":"    inline.go:686: - replace id \"x\" @ #30 to \"2\"\n"}
{"Time":"2026-10-03T22:46:03.486877-03:00","Action":"output","Package":"golang.org/x/tools/internal/refactor/inline","Test":"TestPrecedenceParens/Multiplication_in_addition_context_(no_parens).","Output":"    inline.go:1844: replacing parameter \"y\" by argument \"3\"\n"}
{"Time":"2026-10-03T22:46:03.486891-03:00","Action":"output","Package":"golang.org/x/tools/internal/refactor/inline","Test":"TestPrecedenceParens/Multiplication_in_addition_context_(no_parens).","Output":"    inline.go:686: - replace id \"y\" @ #34 to \"3\"\n"}
{"Time":"2026-10-03T22:46:03.486897-03:00","Action":"output","Package":"golang.org/x/tools/internal/refactor/inline","Test":"TestPrecedenceParens/Multiplication_in_addition_context_(no_parens).","Output":"    inline.go:2436: binding decl not needed: all parameters substituted\n"}
{"Time":"2026-10-03T22:46:03.486904-03:00","Action":"output","Package":"golang.org/x/tools/internal/refactor/inline","Test":"TestPrecedenceParens/Multiplication_in_addition_context_(no_parens).","Output":"    inline.go:1075: strategy: reduce expr-context call to { return expr }\n"}
{"Time":"2026-10-03T22:46:03.486946-03:00","Action":"output","Package":"golang.org/x/tools/internal/refactor/inline","Test":"TestPrecedenceParens/Multiplication_in_addition_context_(no_parens).","Output":"--- PASS: TestPrecedenceParens/Multiplication_in_addition_context_(no_parens). (0.00s)\n","OutputType":"frame"}
{"Time":"2026-10-03T22:46:03.486956-03:00","Action":"pass","Package":"golang.org/x/tools/internal/refactor/inline","Test":"TestPrecedenceParens/Multiplication_in_addition_context_(no_parens).","Elapsed":0}
{"Time":"2026-10-03T22:46:03.486962-03:00","Action":"run","Package":"golang.org/x/tools/internal/refactor/inline","Test":"TestPrecedenceParens/Addition_in_multiplication_context_(parens)."}
{"Time":"2026-10-03T22:46:03.486967-03:00","Action":"output","Package":"golang.org/x/tools/internal/refactor/inline","Test":"TestPrecedenceParens/Addition_in_multiplication_context_(parens).","Output":"=== RUN   TestPrecedenceParens/Addition_in_multiplication_context_(parens).\n","OutputType":"frame"}
{"Time":"2026-10-03T22:46:03.486992-03:00","Action":"output","Package":"golang.org/x/tools/internal/refactor/inline","Test":"TestPrecedenceParens/Addition_in_multiplication_context_(parens).","Output":"    callee.go:126: analyzeCallee func p.f(x int, y int) int @ callee.go:2:1\n"}
{"Time":"2026-10-03T22:46:03.487011-03:00","Action":"output","Package":"golang.org/x/tools/internal/refactor/inline","Test":"TestPrecedenceParens/Addition_in_multiplication_context_(parens).","Output":"    callee.go:529: effects list = [0 1]\n"}
{"Time":"2026-10-03T22:46:03.487019-03:00","Action":"output","Package":"golang.org/x/tools/internal/refactor/inline","Test":"TestPrecedenceParens/Addition_in_multiplication_context_(parens).","Output":"    falcon.go:189: falcon: emit type int۰0 int // \"int\"\n"}
{"Time":"2026-10-03T22:46:03.487027-03:00","Action":"output","Package":"golang.org/x/tools/internal/refactor/inline","Test":"TestPrecedenceParens/Addition_in_multiplication_context_(parens).","Output":"    falcon.go:210: falcon: emit constraint x + y\n"}
{"Time":"2026-10-03T22:46:03.487203-03:00","Action":"output","Package":"golang.org/x/tools/internal/refactor/inline","Test":"TestPrecedenceParens/Addition_in_multiplication_context_(parens).","Output":"    inline.go:108: inline f(2, 3) @ caller.go:2:21\n"}
{"Time":"2026-10-03T22:46:03.487213-03:00","Action":"output","Package":"golang.org/x/tools/internal/refactor/inline","Test":"TestPrecedenceParens/Addition_in_multiplication_context_(parens).","Output":"    inline.go:657: multiple-assignment vars: map[]\n"}
{"Time":"2026-10-03T22:46:03.487231-03:00","Action":"output","Package":"golang.org/x/tools/internal/refactor/inline","Test":"TestPrecedenceParens/Addition_in_multiplication_context_(parens).","Output":"    inline.go:839: arg #0: 2 pure=true effects=false duplicable=true free=map[] type=untyped int\n"}
{"Time":"2026-10-03T22:46:03.487239-03:00","Action":"output","Package":"golang.org/x/tools/internal/refactor/inline","Test":"TestPrecedenceParens/Addition_in_multiplication_context_(parens).","Output":"    inline.go:839: arg #1: 3 pure=true effects=false duplicable=true free=map[] type=untyped int\n"}
{"Time":"2026-10-03T22:46:03.487246-03:00","Action":"output","Package":"golang.org/x/tools/internal/refactor/inline","Test":"TestPrecedenceParens/Addition_in_multiplication_context_(parens).","Output":"    inline.go:1985: falcon env: type int۰0 int\n"}
{"Time":"2026-10-03T22:46:03.487252-03:00","Action":"output","Package":"golang.org/x/tools/internal/refactor/inline","Test":"TestPrecedenceParens/Addition_in_multiplication_context_(parens).","Output":"    inline.go:2000: falcon env: const x int۰0 = 2\n"}
{"Time":"2026-10-03T22:46:03.487258-03:00","Action":"output","Package":"golang.org/x/tools/internal/refactor/inline","Test":"TestPrecedenceParens/Addition_in_multiplication_context_(parens).","Output":"    inline.go:2000: falcon env: const y int۰0 = 3\n"}
{"Time":"2026-10-03T22:46:03.487264-03:00","Action":"output","Package":"golang.org/x/tools/internal/refactor/inline","Test":"TestPrecedenceParens/Addition_in_multiplication_context_(parens).","Output":"    inline.go:2031: falcon: constraint x + y satisfied\n"}
{"Time":"2026-10-03T22:46:03.487271-03:00","Action":"output","Package":"golang.org/x/tools/internal/refactor/inline","Test":"TestPrecedenceParens/Addition_in_multiplication_context_(parens).","Output":"    inline.go:1844: replacing parameter \"x\" by argument \"2\"\n"}
{"Time":"2026-10-03T22:46:03.487277-03:00","Action":"output","Package":"golang.org/x/tools/internal/refactor/inline","Test":"TestPrecedenceParens/Addition_in_multiplication_context_(parens).","Output":"    inline.go:686: - replace id \"x\" @ #30 to \"2\"\n"}
{"Time":"2026-10-03T22:46:03.487284-03:00","Action":"output","Package":"golang.org/x/tools/internal/refactor/inline","Test":"TestPrecedenceParens/Addition_in_multiplication_context_(parens).","Output":"    inline.go:1844: replacing parameter \"y\" by argument \"3\"\n"}
{"Time":"2026-10-03T22:46:03.48729-03:00","Action":"output","Package":"golang.org/x/tools/internal/refactor/inline","Test":"TestPrecedenceParens/Addition_in_multiplication_context_(parens).","Output":"    inline.go:686: - replace id \"y\" @ #34 to \"3\"\n"}
{"Time":"2026-10-03T22:46:03.487296-03:00","Action":"output","Package":"golang.org/x/tools/internal/refactor/inline","Test":"TestPrecedenceParens/Addition_in_multiplication_context_(parens).","Output":"    inline.go:2436: binding decl not needed: all parameters substituted\n"}
{"Time":"2026-10-03T22:46:03.487314-03:00","Action":"output","Package":"golang.org/x/tools/internal/refactor/inline","Test":"TestPrecedenceParens/Addition_in_multiplication_context_(parens).","Output":"    inline.go:1075: strategy: reduce expr-context call to { return expr }\n"}
{"Time":"2026-10-03T22:46:03.487354-03:00","Action":"output","Package":"golang.org/x/tools/internal/refactor/inline","Test":"TestPrecedenceParens/Addition_in_multiplication_context_(parens).","Output":"--- PASS: TestPrecedenceParens/Addition_in_multiplication_context_(parens). (0.00s)\n","OutputType":"frame"}
{"Time":"2026-10-03T22:46:03.487362-03:00","Action":"pass","Package":"golang.org/x/tools/internal/refactor/inline","Test":"TestPrecedenceParens/Addition_in_multiplication_context_(parens).","Elapsed":0}
{"Time":"2026-10-03T22:46:03.487389-03:00","Action":"run","Package":"golang.org/x/tools/internal/refactor/inline","Test":"TestPrecedenceParens/Addition_in_negation_context_(parens)."}
{"Time":"2026-10-03T22:46:03.487395-03:00","Action":"output","Package":"golang.org/x/tools/internal/refactor/inline","Test":"TestPrecedenceParens/Addition_in_negation_context_(parens).","Output":"=== RUN   TestPrecedenceParens/Addition_in_negation_context_(parens).\n","OutputType":"frame"}
{"Time":"2026-10-03T22:46:03.487401-03:00","Action":"output","Package":"golang.org/x/tools/internal/refactor/inline","Test":"TestPrecedenceParens/Addition_in_negation_context_(parens).","Output":"    callee.go:126: analyzeCallee func p.f(x int, y int) int @ callee.go:2:1\n"}
{"Time":"2026-10-03T22:46:03.487413-03:00","Action":"output","Package":"golang.org/x/tools/internal/refactor/inline","Test":"TestPrecedenceParens/Addition_in_negation_context_(parens).","Output":"    callee.go:529: effects list = [0 1]\n"}
{"Time":"2026-10-03T22:46:03.48742-03:00","Action":"output","Package":"golang.org/x/tools/internal/refactor/inline","Test":"TestPrecedenceParens/Addition_in_negation_context_(parens).","Output":"    falcon.go:189: falcon: emit type int۰0 int // \"int\"\n"}
{"Time":"2026-10-03T22:46:03.487427-03:00","Action":"output","Package":"golang.org/x/tools/internal/refactor/inline","Test":"TestPrecedenceParens/Addition_in_negation_context_(parens).","Output":"    falcon.go:210: falcon: emit constraint x + y\n"}
{"Time":"2026-10-03T22:46:03.487588-03:00","Action":"output","Package":"golang.org/x/tools/internal/refactor/inline","Test":"TestPrecedenceParens/Addition_in_negation_context_(parens).","Output":"    inline.go:108: inline f(1, 2) @ caller.go:2:18\n"}
{"Time":"2026-10-03T22:46:03.487596-03:00","Action":"output","Package":"golang.org/x/tools/internal/refactor/inline","Test":"TestPrecedenceParens/Addition_in_negation_context_(parens).","Output":"    inline.go:657: multiple-assignment vars: map[]\n"}
{"Time":"2026-10-03T22:46:03.487643-03:00","Action":"output","Package":"golang.org/x/tools/internal/refactor/inline","Test":"TestPrecedenceParens/Addition_in_negation_context_(parens).","Output":"    inline.go:839: arg #0: 1 pure=true effects=false duplicable=true free=map[] type=untyped int\n"}
{"Time":"2026-10-03T22:46:03.487651-03:00","Action":"output","Package":"golang.org/x/tools/internal/refactor/inline","Test":"TestPrecedenceParens/Addition_in_negation_context_(parens).","Output":"    inline.go:839: arg #1: 2 pure=true effects=false duplicable=true free=map[] type=untyped int\n"}
{"Time":"2026-10-03T22:46:03.487657-03:00","Action":"output","Package":"golang.org/x/tools/internal/refactor/inline","Test":"TestPrecedenceParens/Addition_in_negation_context_(parens).","Output":"    inline.go:1985: falcon env: type int۰0 int\n"}
{"Time":"2026-10-03T22:46:03.487662-03:00","Action":"output","Package":"golang.org/x/tools/internal/refactor/inline","Test":"TestPrecedenceParens/Addition_in_negation_context_(parens).","Output":"    inline.go:2000: falcon env: const x int۰0 = 1\n"}
{"Time":"2026-10-03T22:46:03.487668-03:00","Action":"output","Package":"golang.org/x/tools/internal/refactor/inline","Test":"TestPrecedenceParens/Addition_in_negation_context_(parens).","Output":"    inline.go:2000: falcon env: const y int۰0 = 2\n"}
{"Time":"2026-10-03T22:46:03.487688-03:00","Action":"output","Package":"golang.org/x/tools/internal/refactor/inline","Test":"TestPrecedenceParens/Addition_in_negation_context_(parens).","Output":"    inline.go:2031: falcon: constraint x + y satisfied\n"}
{"Time":"2026-10-03T22:46:03.487694-03:00","Action":"output","Package":"golang.org/x/tools/internal/refactor/inline","Test":"TestPrecedenceParens/Addition_in_negation_context_(parens).","Output":"    inline.go:1844: replacing parameter \"x\" by argument \"1\"\n"}
{"Time":"2026-10-03T22:46:03.487701-03:00","Action":"output","Package":"golang.org/x/tools/internal/refactor/inline","Test":"TestPrecedenceParens/Addition_in_negation_context_(parens).","Output":"    inline.go:686: - replace id \"x\" @ #30 to \"1\"\n"}
{"Time":"2026-10-03T22:46:03.487713-03:00","Action":"output","Package":"golang.org/x/tools/internal/refactor/inline","Test":"TestPrecedenceParens/Addition_in_negation_context_(parens).","Output":"    inline.go:1844: replacing parameter \"y\" by argument \"2\"\n"}
{"Time":"2026-10-03T22:46:03.487719-03:00","Action":"output","Package":"golang.org/x/tools/internal/refactor/inline","Test":"TestPrecedenceParens/Addition_in_negation_context_(parens).","Output":"    inline.go:686: - replace id \"y\" @ #34 to \"2\"\n"}
{"Time":"2026-10-03T22:46:03.487725-03:00","Action":"output","Package":"golang.org/x/tools/internal/refactor/inline","Test":"TestPrecedenceParens/Addition_in_negation_context_(parens).","Output":"    inline.go:2436: binding decl not needed: all parameters substituted\n"}
{"Time":"2026-10-03T22:46:03.487745-03:00","Action":"output","Package":"golang.org/x/tools/internal/refactor/inline","Test":"TestPrecedenceParens/Addition_in_negation_context_(parens).","Output":"    inline.go:1075: strategy: reduce expr-context call to { return expr }\n"}
{"Time":"2026-10-03T22:46:03.487812-03:00","Action":"output","Package":"golang.org/x/tools/internal/refactor/inline","Test":"TestPrecedenceParens/Addition_in_negation_context_(parens).","Output":"--- PASS: TestPrecedenceParens/Addition_in_negation_context_(parens). (0.00s)\n","OutputType":"frame"}
{"Time":"2026-10-03T22:46:03.48782-03:00","Action":"pass","Package":"golang.org/x/tools/internal/refactor/inline","Test":"TestPrecedenceParens/Addition_in_negation_context_(parens).","Elapsed":0}
{"Time":"2026-10-03T22:46:03.487826-03:00","Action":"run","Package":"golang.org/x/tools/internal/refactor/inline","Test":"TestPrecedenceParens/Addition_in_call_context_(no_parens)."}
{"Time":"2026-10-03T22:46:03.487831-03:00","Action":"output","Package":"golang.org/x/tools/internal/refactor/inline","Test":"TestPrecedenceParens/Addition_in_call_context_(no_parens).","Output":"=== RUN   TestPrecedenceParens/Addition_in_call_context_(no_parens).\n","OutputType":"frame"}
{"Time":"2026-10-03T22:46:03.487879-03:00","Action":"output","Package":"golang.org/x/tools/internal/refactor/inline","Test":"TestPrecedenceParens/Addition_in_call_context_(no_parens).","Output":"    callee.go:126: analyzeCallee func p.f(x int, y int) int @ callee.go:2:1\n"}
{"Time":"2026-10-03T22:46:03.487917-03:00","Action":"output","Package":"golang.org/x/tools/internal/refactor/inline","Test":"TestPrecedenceParens/Addition_in_call_context_(no_parens).","Output":"    callee.go:529: effects list = [0 1]\n"}
{"Time":"2026-10-03T22:46:03.487925-03:00","Action":"output","Package":"golang.org/x/tools/internal/refactor/inline","Test":"TestPrecedenceParens/Addition_in_call_context_(no_parens).","Output":"    falcon.go:189: falcon: emit type int۰0 int // \"int\"\n"}
{"Time":"2026-10-03T22:46:03.487932-03:00","Action":"output","Package":"golang.org/x/tools/internal/refactor/inline","Test":"TestPrecedenceParens/Addition_in_call_context_(no_parens).","Output":"    falcon.go:210: falcon: emit constraint x + y\n"}
{"Time":"2026-10-03T22:46:03.488116-03:00","Action":"output","Package":"golang.org/x/tools/internal/refactor/inline","Test":"TestPrecedenceParens/Addition_in_call_context_(no_parens).","Output":"    inline.go:108: inline f(1, 2) @ caller.go:2:21\n"}
{"Time":"2026-10-03T22:46:03.488125-03:00","Action":"output","Package":"golang.org/x/tools/internal/refactor/inline","Test":"TestPrecedenceParens/Addition_in_call_context_(no_parens).","Output":"    inline.go:657: multiple-assignment vars: map[]\n"}
{"Time":"2026-10-03T22:46:03.488143-03:00","Action":"output","Package":"golang.org/x/tools/internal/refactor/inline","Test":"TestPrecedenceParens/Addition_in_call_context_(no_parens).","Output":"    inline.go:839: arg #0: 1 pure=true effects=false duplicable=true free=map[] type=untyped int\n"}
{"Time":"2026-10-03T22:46:03.48815-03:00","Action":"output","Package":"golang.org/x/tools/internal/refactor/inline","Test":"TestPrecedenceParens/Addition_in_call_context_(no_parens).","Output":"    inline.go:839: arg #1: 2 pure=true effects=false duplicable=true free=map[] type=untyped int\n"}
{"Time":"2026-10-03T22:46:03.488157-03:00","Action":"output","Package":"golang.org/x/tools/internal/refactor/inline","Test":"TestPrecedenceParens/Addition_in_call_context_(no_parens).","Output":"    inline.go:1985: falcon env: type int۰0 int\n"}
{"Time":"2026-10-03T22:46:03.488164-03:00","Action":"output","Package":"golang.org/x/tools/internal/refactor/inline","Test":"TestPrecedenceParens/Addition_in_call_context_(no_parens).","Output":"    inline.go:2000: falcon env: const x int۰0 = 1\n"}
{"Time":"2026-10-03T22:46:03.48817-03:00","Action":"output","Package":"golang.org/x/tools/internal/refactor/inline","Test":"TestPrecedenceParens/Addition_in_call_context_(no_parens).","Output":"    inline.go:2000: falcon env: const y int۰0 = 2\n"}
{"Time":"2026-10-03T22:46:03.488175-03:00","Action":"output","Package":"golang.org/x/tools/internal/refactor/inline","Test":"TestPrecedenceParens/Addition_in_call_context_(no_parens).","Output":"    inline.go:2031: falcon: constraint x + y satisfied\n"}
{"Time":"2026-10-03T22:46:03.488181-03:00","Action":"output","Package":"golang.org/x/tools/internal/refactor/inline","Test":"TestPrecedenceParens/Addition_in_call_context_(no_parens).","Output":"    inline.go:1844: replacing parameter \"x\" by argument \"1\"\n"}
{"Time":"2026-10-03T22:46:03.488186-03:00","Action":"output","Package":"golang.org/x/tools/internal/refactor/inline","Test":"TestPrecedenceParens/Addition_in_call_context_(no_parens).","Output":"    inline.go:686: - replace id \"x\" @ #30 to \"1\"\n"}
{"Time":"2026-10-03T22:46:03.488193-03:00","Action":"output","Package":"golang.org/x/tools/internal/refactor/inline","Test":"TestPrecedenceParens/Addition_in_call_context_(no_parens).","Output":"    inline.go:1844: replacing parameter \"y\" by argument \"2\"\n"}
{"Time":"2026-10-03T22:46:03.488199-03:00","Action":"output","Package":"golang.org/x/tools/internal/refactor/inline","Test":"TestPrecedenceParens/Addition_in_call_context_(no_parens).","Output":"    inline.go:686: - replace id \"y\" @ #34 to \"2\"\n"}
{"Time":"2026-10-03T22:46:03.488207-03:00","Action":"output","Package":"golang.org/x/tools/internal/refactor/inline","Test":"TestPrecedenceParens/Addition_in_call_context_(no_parens).","Output":"    inline.go:2436: binding decl not needed: all parameters substituted\n"}
{"Time":"2026-10-03T22:46:03.488222-03:00","Action":"output","Package":"golang.org/x/tools/internal/refactor/inline","Test":"TestPrecedenceParens/Addition_in_call_context_(no_parens).","Output":"    inline.go:1075: strategy: reduce expr-context call to { return expr }\n"}
{"Time":"2026-10-03T22:46:03.488273-03:00","Action":"output","Package":"golang.org/x/tools/internal/refactor/inline","Test":"TestPrecedenceParens/Addition_in_call_context_(no_parens).","Output":"--- PASS: TestPrecedenceParens/Addition_in_call_context_(no_parens). (0.00s)\n","OutputType":"frame"}
{"Time":"2026-10-03T22:46:03.488281-03:00","Action":"pass","Package":"golang.org/x/tools/internal/refactor/inline","Test":"TestPrecedenceParens/Addition_in_call_context_(no_parens).","Elapsed":0}
{"Time":"2026-10-03T22:46:03.488289-03:00","Action":"run","Package":"golang.org/x/tools/internal/refactor/inline","Test":"TestPrecedenceParens/Addition_in_slice_operand_context_(parens)."}
{"Time":"2026-10-03T22:46:03.488294-03:00","Action":"output","Package":"golang.org/x/tools/internal/refactor/inline","Test":"TestPrecedenceParens/Addition_in_slice_operand_context_(parens).","Output":"=== RUN   TestPrecedenceParens/Addition_in_slice_operand_context_(parens).\n","OutputType":"frame"}
{"Time":"2026-10-03T22:46:03.488338-03:00","Action":"output","Package":"golang.org/x/tools/internal/refactor/inline","Test":"TestPrecedenceParens/Addition_in_slice_operand_context_(parens).","Output":"    callee.go:126: analyzeCallee func p.f(x string, y string) string @ callee.go:2:1\n"}
{"Time":"2026-10-03T22:46:03.488352-03:00","Action":"output","Package":"golang.org/x/tools/internal/refactor/inline","Test":"TestPrecedenceParens/Addition_in_slice_operand_context_(parens).","Output":"    callee.go:529: effects list = [0 1]\n"}
{"Time":"2026-10-03T22:46:03.48836-03:00","Action":"output","Package":"golang.org/x/tools/internal/refactor/inline","Test":"TestPrecedenceParens/Addition_in_slice_operand_context_(parens).","Output":"    falcon.go:189: falcon: emit type int۰0 int // \"int\"\n"}
{"Time":"2026-10-03T22:46:03.488374-03:00","Action":"output","Package":"golang.org/x/tools/internal/refactor/inline","Test":"TestPrecedenceParens/Addition_in_slice_operand_context_(parens).","Output":"    falcon.go:189: falcon: emit type string۰1 string // \"string\"\n"}
{"Time":"2026-10-03T22:46:03.48838-03:00","Action":"output","Package":"golang.org/x/tools/internal/refactor/inline","Test":"TestPrecedenceParens/Addition_in_slice_operand_context_(parens).","Output":"    falcon.go:210: falcon: emit constraint x + y\n"}
{"Time":"2026-10-03T22:46:03.48856-03:00","Action":"output","Package":"golang.org/x/tools/internal/refactor/inline","Test":"TestPrecedenceParens/Addition_in_slice_operand_context_(parens).","Output":"    inline.go:108: inline f(\"x\", \"y\") @ caller.go:2:17\n"}
{"Time":"2026-10-03T22:46:03.488569-03:00","Action":"output","Package":"golang.org/x/tools/internal/refactor/inline","Test":"TestPrecedenceParens/Addition_in_slice_operand_context_(parens).","Output":"    inline.go:657: multiple-assignment vars: map[]\n"}
{"Time":"2026-10-03T22:46:03.488589-03:00","Action":"output","Package":"golang.org/x/tools/internal/refactor/inline","Test":"TestPrecedenceParens/Addition_in_slice_operand_context_(parens).","Output":"    inline.go:839: arg #0: \"x\" pure=true effects=false duplicable=false free=map[] type=untyped string\n"}
{"Time":"2026-10-03T22:46:03.488605-03:00","Action":"output","Package":"golang.org/x/tools/internal/refactor/inline","Test":"TestPrecedenceParens/Addition_in_slice_operand_context_(parens).","Output":"    inline.go:839: arg #1: \"y\" pure=true effects=false duplicable=false free=map[] type=untyped string\n"}
{"Time":"2026-10-03T22:46:03.48861-03:00","Action":"output","Package":"golang.org/x/tools/internal/refactor/inline","Test":"TestPrecedenceParens/Addition_in_slice_operand_context_(parens).","Output":"    inline.go:1985: falcon env: type int۰0 int\n"}
{"Time":"2026-10-03T22:46:03.488615-03:00","Action":"output","Package":"golang.org/x/tools/internal/refactor/inline","Test":"TestPrecedenceParens/Addition_in_slice_operand_context_(parens).","Output":"    inline.go:1985: falcon env: type string۰1 string\n"}
{"Time":"2026-10-03T22:46:03.488621-03:00","Action":"output","Package":"golang.org/x/tools/internal/refactor/inline","Test":"TestPrecedenceParens/Addition_in_slice_operand_context_(parens).","Output":"    inline.go:2000: falcon env: const x string۰1 = \"x\"\n"}
{"Time":"2026-10-03T22:46:03.488627-03:00","Action":"output","Package":"golang.org/x/tools/internal/refactor/inline","Test":"TestPrecedenceParens/Addition_in_slice_operand_context_(parens).","Output":"    inline.go:2000: falcon env: const y string۰1 = \"y\"\n"}
{"Time":"2026-10-03T22:46:03.488633-03:00","Action":"output","Package":"golang.org/x/tools/internal/refactor/inline","Test":"TestPrecedenceParens/Addition_in_slice_operand_context_(parens).","Output":"    inline.go:2031: falcon: constraint x + y satisfied\n"}
{"Time":"2026-10-03T22:46:03.488649-03:00","Action":"output","Package":"golang.org/x/tools/internal/refactor/inline","Test":"TestPrecedenceParens/Addition_in_slice_operand_context_(parens).","Output":"    inline.go:1844: replacing parameter \"x\" by argument \"\\\"x\\\"\"\n"}
{"Time":"2026-10-03T22:46:03.488656-03:00","Action":"output","Package":"golang.org/x/tools/internal/refactor/inline","Test":"TestPrecedenceParens/Addition_in_slice_operand_context_(parens).","Output":"    inline.go:686: - replace id \"x\" @ #36 to \"\\\"x\\\"\"\n"}
{"Time":"2026-10-03T22:46:03.488661-03:00","Action":"output","Package":"golang.org/x/tools/internal/refactor/inline","Test":"TestPrecedenceParens/Addition_in_slice_operand_context_(parens).","Output":"    inline.go:1844: replacing parameter \"y\" by argument \"\\\"y\\\"\"\n"}
{"Time":"2026-10-03T22:46:03.488666-03:00","Action":"output","Package":"golang.org/x/tools/internal/refactor/inline","Test":"TestPrecedenceParens/Addition_in_slice_operand_context_(parens).","Output":"    inline.go:686: - replace id \"y\" @ #40 to \"\\\"y\\\"\"\n"}
{"Time":"2026-10-03T22:46:03.488673-03:00","Action":"output","Package":"golang.org/x/tools/internal/refactor/inline","Test":"TestPrecedenceParens/Addition_in_slice_operand_context_(parens).","Output":"    inline.go:2436: binding decl not needed: all parameters substituted\n"}
{"Time":"2026-10-03T22:46:03.488678-03:00","Action":"output","Package":"golang.org/x/tools/internal/refactor/inline","Test":"TestPrecedenceParens/Addition_in_slice_operand_context_(parens).","Output":"    inline.go:1075: strategy: reduce expr-context call to { return expr }\n"}
{"Time":"2026-10-03T22:46:03.48873-03:00","Action":"output","Package":"golang.org/x/tools/internal/refactor/inline","Test":"TestPrecedenceParens/Addition_in_slice_operand_context_(parens).","Output":"--- PASS: TestPrecedenceParens/Addition_in_slice_operand_context_(parens). (0.00s)\n","OutputType":"frame"}
{"Time":"2026-10-03T22:46:03.488739-03:00","Action":"pass","Package":"golang.org/x/tools/internal/refactor/inline","Test":"TestPrecedenceParens/Addition_in_slice_operand_context_(parens).","Elapsed":0}
{"Time":"2026-10-03T22:46:03.488746-03:00","Action":"run","Package":"golang.org/x/tools/internal/refactor/inline","Test":"TestPrecedenceParens/String_literal_in_slice_operand_context_(no_parens)."}
{"Time":"2026-10-03T22:46:03.488752-03:00","Action":"output","Package":"golang.org/x/tools/internal/refactor/inline","Test":"TestPrecedenceParens/String_literal_in_slice_operand_context_(no_parens).","Output":"=== RUN   TestPrecedenceParens/String_literal_in_slice_operand_context_(no_parens).\n","OutputType":"frame"}
{"Time":"2026-10-03T22:46:03.488768-03:00","Action":"output","Package":"golang.org/x/tools/internal/refactor/inline","Test":"TestPrecedenceParens/String_literal_in_slice_operand_context_(no_parens).","Output":"    callee.go:126: analyzeCallee func p.f(x string) string @ callee.go:2:1\n"}
{"Time":"2026-10-03T22:46:03.488782-03:00","Action":"output","Package":"golang.org/x/tools/internal/refactor/inline","Test":"TestPrecedenceParens/String_literal_in_slice_operand_context_(no_parens).","Output":"    callee.go:529: effects list = [0]\n"}
{"Time":"2026-10-03T22:46:03.48879-03:00","Action":"output","Package":"golang.org/x/tools/internal/refactor/inline","Test":"TestPrecedenceParens/String_literal_in_slice_operand_context_(no_parens).","Output":"    falcon.go:189: falcon: emit type int۰0 int // \"int\"\n"}
{"Time":"2026-10-03T22:46:03.488797-03:00","Action":"output","Package":"golang.org/x/tools/internal/refactor/inline","Test":"TestPrecedenceParens/String_literal_in_slice_operand_context_(no_parens).","Output":"    falcon.go:189: falcon: emit type string۰1 string // \"string\"\n"}
{"Time":"2026-10-03T22:46:03.488974-03:00","Action":"output","Package":"golang.org/x/tools/internal/refactor/inline","Test":"TestPrecedenceParens/String_literal_in_slice_operand_context_(no_parens).","Output":"    inline.go:108: inline f(\"xy\") @ caller.go:2:17\n"}
{"Time":"2026-10-03T22:46:03.488994-03:00","Action":"output","Package":"golang.org/x/tools/internal/refactor/inline","Test":"TestPrecedenceParens/String_literal_in_slice_operand_context_(no_parens).","Output":"    inline.go:657: multiple-assignment vars: map[]\n"}
{"Time":"2026-10-03T22:46:03.489007-03:00","Action":"output","Package":"golang.org/x/tools/internal/refactor/inline","Test":"TestPrecedenceParens/String_literal_in_slice_operand_context_(no_parens).","Output":"    inline.go:839: arg #0: \"xy\" pure=true effects=false duplicable=false free=map[] type=untyped string\n"}
{"Time":"2026-10-03T22:46:03.489016-03:00","Action":"output","Package":"golang.org/x/tools/internal/refactor/inline","Test":"TestPrecedenceParens/String_literal_in_slice_operand_context_(no_parens).","Output":"    inline.go:1985: falcon env: type int۰0 int\n"}
{"Time":"2026-10-03T22:46:03.489026-03:00","Action":"output","Package":"golang.org/x/tools/internal/refactor/inline","Test":"TestPrecedenceParens/String_literal_in_slice_operand_context_(no_parens).","Output":"    inline.go:1985: falcon env: type string۰1 string\n"}
{"Time":"2026-10-03T22:46:03.489033-03:00","Action":"output","Package":"golang.org/x/tools/internal/refactor/inline","Test":"TestPrecedenceParens/String_literal_in_slice_operand_context_(no_parens).","Output":"    inline.go:2000: falcon env: const x string۰1 = \"xy\"\n"}
{"Time":"2026-10-03T22:46:03.489041-03:00","Action":"output","Package":"golang.org/x/tools/internal/refactor/inline","Test":"TestPrecedenceParens/String_literal_in_slice_operand_context_(no_parens).","Output":"    inline.go:1844: replacing parameter \"x\" by argument \"\\\"xy\\\"\"\n"}
{"Time":"2026-10-03T22:46:03.489047-03:00","Action":"output","Package":"golang.org/x/tools/internal/refactor/inline","Test":"TestPrecedenceParens/String_literal_in_slice_operand_context_(no_parens).","Output":"    inline.go:686: - replace id \"x\" @ #33 to \"\\\"xy\\\"\"\n"}
{"Time":"2026-10-03T22:46:03.489053-03:00","Action":"output","Package":"golang.org/x/tools/internal/refactor/inline","Test":"TestPrecedenceParens/String_literal_in_slice_operand_context_(no_parens).","Output":"    inline.go:2436: binding decl not needed: all parameters substituted\n"}
{"Time":"2026-10-03T22:46:03.48906-03:00","Action":"output","Package":"golang.org/x/tools/internal/refactor/inline","Test":"TestPrecedenceParens/String_literal_in_slice_operand_context_(no_parens).","Output":"    inline.go:1075: strategy: reduce expr-context call to { return expr }\n"}
{"Time":"2026-10-03T22:46:03.489068-03:00","Action":"output","Package":"golang.org/x/tools/internal/refactor/inline","Test":"TestPrecedenceParens/String_literal_in_slice_operand_context_(no_parens).","Output":"--- PASS: TestPrecedenceParens/String_literal_in_slice_operand_context_(no_parens). (0.00s)\n","OutputType":"frame"}
{"Time":"2026-10-03T22:46:03.489077-03:00","Action":"pass","Package":"golang.org/x/tools/internal/refactor/inline","Test":"TestPrecedenceParens/String_literal_in_slice_operand_context_(no_parens).","Elapsed":0}
{"Time":"2026-10-03T22:46:03.489085-03:00","Action":"output","Package":"golang.org/x/tools/internal/refactor/inline","Test":"TestPrecedenceParens","Output":"--- PASS: TestPrecedenceParens (0.00s)\n","OutputType":"frame"}
{"Time":"2026-10-03T22:46:03.489092-03:00","Action":"pass","Package":"golang.org/x/tools/internal/refactor/inline","Test":"TestPrecedenceParens","Elapsed":0}
{"Time":"2026-10-03T22:46:03.489105-03:00","Action":"output","Package":"golang.org/x/tools/internal/refactor/inline","Output":"PASS\n","OutputType":"frame"}
{"Time":"2026-10-03T22:46:03.49009-03:00","Action":"output","Package":"golang.org/x/tools/internal/refactor/inline","Output":"ok  \tgolang.org/x/tools/internal/refactor/inline\t1.894s\n"}
{"Time":"2026-10-03T22:46:03.490104-03:00","Action":"pass","Package":"golang.org/x/tools/internal/refactor/inline","Elapsed":1.895}
